pressure_ratio,TIT_K,feasible,fuel_kg_min,air_kg_s,hole_radius_scale,hole_area_mm2,nozzle_radius_mm
1.0,420.8887158361356,False,,,,,
1.0,427.67982867777425,False,,,,,
1.0,434.47094151941286,False,,,,,
1.0,441.2620543610515,False,,,,,
1.0,448.0531672026902,False,,,,,
1.0,454.8442800443288,False,,,,,
1.0,461.63539288596746,False,,,,,
1.0,468.4265057276061,False,,,,,
1.0,475.21761856924473,False,,,,,
1.0,482.0087314108834,False,,,,,
1.0,488.799844252522,False,,,,,
1.0,495.5909570941607,False,,,,,
1.0,502.38206993579934,False,,,,,
1.0,509.17318277743794,False,,,,,
1.0,515.9642956190767,False,,,,,
1.0,522.7554084607152,False,,,,,
1.0,529.5465213023539,False,,,,,
1.0,536.3376341439925,False,,,,,
1.0,543.1287469856312,False,,,,,
1.0,549.9198598272699,False,,,,,
1.0,556.7109726689084,False,,,,,
1.0,563.5020855105471,False,,,,,
1.0,570.2931983521858,False,,,,,
1.0,577.0843111938244,False,,,,,
1.0,583.8754240354631,False,,,,,
1.0,590.6665368771016,False,159.30663976671374,274.9950270434236,inf,inf,1137.5951556433513
1.0,597.4576497187403,False,40.49487753577986,68.54358758001196,inf,inf,569.6276681158145
1.0,604.248762560379,False,23.631564996085356,39.23701497442284,inf,inf,432.23901532311106
1.0,611.0398754020176,False,16.89517634415702,27.52693594526965,inf,inf,363.0860295409767
1.0,617.8309882436563,False,13.270765394025972,21.22423379443082,inf,inf,319.73326807165995
1.0,624.6221010852948,False,11.00702882124546,17.28585694680287,inf,inf,289.36458423119376
1.0,631.4132139269336,False,9.459180437314895,14.591429453961322,inf,inf,266.60243640541734
1.0,638.2043267685722,False,8.334253972124866,12.631894947777482,inf,inf,248.74374546464648
1.0,644.9954396102108,False,7.47994865325858,11.142616352323747,inf,inf,234.26205123107303
1.0,651.7865524518495,False,6.809252777413911,9.972402384352261,inf,inf,222.221797748526
1.0,658.5776652934882,False,6.268844684761439,9.0286013304186,inf,inf,212.01355356225187
1.0,665.3687781351268,False,5.824226269081966,8.251269148729117,inf,inf,203.22112600138166
1.0,672.1598909767654,False,5.452090280339881,7.599906952773845,inf,inf,195.5493606756275
1.0,678.951003818404,False,5.1361229763418255,7.046167730965245,inf,inf,188.78238213121656
1.0,685.7421166600427,False,4.864564106232234,6.569616592497266,inf,inf,182.75818689618495
1.0,692.5332295016814,False,4.628721836633139,6.155150314168908,inf,inf,177.35252435205612
1.0,699.32434234332,False,4.4220332975095475,5.791364951835771,inf,inf,172.46830312984497
1.0,706.1154551849586,False,4.239450369985988,5.469488589773574,inf,inf,168.0284160868458
1.0,712.9065680265974,False,4.077026516123933,5.182663419009343,inf,inf,163.97075253989533
1.0,719.6976808682359,False,3.9316318503170393,4.925450647308702,inf,inf,160.24465127777682
1.0,726.4887937098746,False,3.8007522981989514,4.693481518985367,inf,inf,156.80832714638296
1.0,733.2799065515132,False,3.6823452486565644,4.483206496705154,inf,inf,153.6269704878243
1.0,740.0710193931518,False,3.5747339902012025,4.29171183469988,inf,inf,150.67132101680693
1.0,746.8621322347906,False,3.4765292951573477,4.116583323829642,inf,inf,147.91658229034996
1.0,753.6532450764291,False,3.3865703412326194,3.955803637138199,inf,inf,145.34158467540973
1.0,760.4443579180678,False,3.3038796267232726,3.807673990650467,inf,inf,142.92813229940708
1.0,767.2354707597065,False,3.2276281591807887,3.6707536552644084,inf,inf,140.66048804857533
1.0,774.026583601345,False,3.157108286291229,3.543812747701485,inf,inf,138.52496341942606
1.0,780.8176964429838,False,3.091712280728078,3.425795019524271,inf,inf,136.50958890772097
1.0,787.6088092846223,False,3.0309153057546703,3.3157882581180793,inf,inf,134.60384689969936
1.0,794.399922126261,False,2.974261750551253,3.213000542887224,inf,inf,132.79845353380932
1.0,801.1910349678997,False,2.9213541823971045,3.1167410484846254,inf,inf,131.08517927150734
1.0,807.9821478095383,False,2.8718443491272407,3.026404410589508,inf,inf,129.45670031832145
1.0,814.773260651177,False,2.8254258012748976,2.9414579060443464,inf,inf,127.90647482096634
1.0,821.5643734928155,False,2.781827803647767,2.861430873508016,inf,inf,126.42863910512045
1.0,828.3554863344542,False,2.740810280867067,2.7859059307198115,inf,inf,125.0179202325642
1.0,835.1465991760929,False,2.702159597650521,2.7145116422138096,inf,inf,123.6695619311416
1.0,841.9377120177315,False,2.6656850173152122,2.6469163655075594,inf,inf,122.37926154805038
1.0,848.7288248593702,False,2.631215714642515,2.5828230605511586,inf,inf,121.14311614045536
1.0,855.5199377010088,False,2.5985982444419733,2.52196489099944,inf,inf,119.95757618004832
1.0,862.3110505426475,False,2.5676943867197317,2.4641014798741967,inf,inf,118.81940563369915
1.0,869.1021633842861,False,2.5383793046685836,2.409015708786783,inf,inf,117.7256474088039
1.0,875.8932762259248,False,2.510539963749689,2.356510970835676,inf,inf,116.67359333250593
1.0,882.6843890675634,False,2.4840737696869217,2.306408803888945,inf,inf,115.66075797889019
1.0,889.475501909202,False,2.45888739080722,2.2585468441882646,inf,inf,114.68485577520329
1.0,896.2666147508407,False,2.4348957362592536,2.2127770508097866,inf,inf,113.74378091295965
1.0,903.0577275924793,False,2.4120210665596855,2.168964160059618,inf,inf,112.83558966716325
1.0,909.848840434118,False,2.3901922168958754,2.126984335797464,inf,inf,111.95848479018429
1.0,916.6399532757566,False,2.369343916854409,2.086723987311854,inf,inf,111.11080169898804
1.0,923.4310661173952,False,2.349416192891914,2.048078730971042,inf,inf,110.29099621745635
1.0,930.222178959034,False,2.330353842040811,2.010952475653893,inf,inf,109.49763367134047
1.0,937.0132918006725,False,2.312105967135408,1.9752566150808246,inf,inf,108.72937916315878
1.0,943.8044046423112,False,2.2946255653289014,1.9409093127453858,inf,inf,107.98498887928113
1.0,950.5955174839498,False,2.2778691629068493,1.9078348672925287,inf,inf,107.26330230238547
1.0,957.3866303255885,False,2.2617964904316783,1.8759631479784546,inf,inf,106.56323522007487
1.0,964.1777431672272,False,2.2463701931161753,1.845229091346308,inf,inf,105.88377343537857
1.0,970.9688560088657,False,2.2315555720478693,1.8155722515105377,inf,inf,105.22396709748072
1.0,977.7599688505044,False,2.2173203524978393,1.7869363975048356,inf,inf,104.58292558179953
1.0,984.551081692143,False,2.203634476063008,1.7592691520453652,inf,inf,103.95981285768657
1.0,991.3421945337817,False,2.190469913830457,1.7325216668234937,inf,inf,103.35384328990486
1.0,998.1333073754204,False,2.177800498124181,1.7066483300893647,inf,inf,102.76427782675908
1.0,1004.924420217059,False,2.165601770713822,1.6816065028412415,inf,inf,102.19042053357913
1.0,1011.7155330586976,False,2.153850845636005,1.6573562804076942,inf,inf,101.63161543523213
1.0,1018.5066459003363,False,2.142526285013527,1.633860276616321,inf,inf,101.08724363569794
1.0,1025.297758741975,False,2.131607986457868,1.6110834280912432,inf,inf,100.55672068647891
1.0,1032.0888715836136,False,2.1210770808137602,1.5889928165226117,inf,inf,100.03949417887999
1.0,1038.8799844252521,False,2.110915839154721,1.5675575070118055,inf,inf,99.53504153804965
1.0,1045.6710972668907,False,2.101107588067267,1.5467484008207295,inf,inf,99.0428679991291
1.0,1052.4622101085295,False,2.091636632375013,1.5265381010499088,inf,inf,98.5625047480524
1.0,1059.2533229501682,False,2.082488184551322,1.50690078993997,inf,inf,98.09350721142822
1.0,1066.0444357918068,False,2.073648300154815,1.4878121166396976,inf,inf,97.63545348161058
1.0,1072.8355486334453,False,2.065103818696438,1.4692490944134173,inf,inf,97.18794286452929
1.0,1079.6266614750841,False,2.0568423094129957,1.4511900063746508,inf,inf,96.7505945391723
1.0,1086.4177743167227,False,2.0488520214779724,1.4336143189315909,inf,inf,96.32304631871528
1.0,1093.2088871583614,False,2.0411218382323346,1.4165026022186162,inf,inf,95.90495350435157
1.0,1100.0,False,2.0336412350615007,1.3998364568645274,inf,inf,95.4959878237478
1.019,420.8887158361356,False,,,,,
1.019,427.67982867777425,False,,,,,
1.019,434.47094151941286,False,,,,,
1.019,441.2620543610515,False,,,,,
1.019,448.0531672026902,False,,,,,
1.019,454.8442800443288,False,,,,,
1.019,461.63539288596746,False,,,,,
1.019,468.4265057276061,False,,,,,
1.019,475.21761856924473,False,,,,,
1.019,482.0087314108834,False,,,,,
1.019,488.799844252522,False,,,,,
1.019,495.5909570941607,False,,,,,
1.019,502.38206993579934,False,,,,,
1.019,509.17318277743794,False,,,,,
1.019,515.9642956190767,False,,,,,
1.019,522.7554084607152,False,,,,,
1.019,529.5465213023539,False,,,,,
1.019,536.3376341439925,False,,,,,
1.019,543.1287469856312,False,,,,,
1.019,549.9198598272699,False,,,,,
1.019,556.7109726689084,False,,,,,
1.019,563.5020855105471,False,,,,,
1.019,570.2931983521858,False,,,,,
1.019,577.0843111938244,False,159.62191024280975,288.4971047157584,inf,inf,1149.108854162591
1.019,583.8754240354631,False,33.35601573276209,59.0621511068593,inf,inf,521.1826127897041
1.019,590.6665368771016,False,19.0116874603978,32.99270296076024,inf,inf,390.46414159019173
1.019,597.4576497187403,False,13.478816969025466,22.934024547418574,inf,inf,326.318290998794
1.019,604.248762560379,False,10.546852039350945,17.601320793798877,inf,inf,286.5465742246128
1.019,611.0398754020176,False,8.731354928772964,14.297314775857975,inf,inf,258.85911493624104
1.019,617.8309882436563,False,7.496960785591359,12.049228797651738,inf,inf,238.18910050755682
1.019,624.6221010852948,False,6.603419263362469,10.420518740645216,inf,inf,222.0166038876731
1.019,631.4132139269336,False,5.926875249928843,9.186134789833517,inf,inf,208.92879294248635
1.019,638.2043267685722,False,5.396995823754371,8.21827887585981,inf,inf,198.06424824901214
1.019,644.9954396102108,False,4.970878082692639,7.438994270785369,inf,inf,188.86404043667977
1.019,651.7865524518495,False,4.620864921648082,6.798026421787596,inf,inf,180.94764400327566
1.019,658.5776652934882,False,4.328325490716981,6.261521821519314,inf,inf,174.04586925865502
1.019,665.3687781351268,False,4.080250696239319,5.805841911618164,inf,inf,167.96223292895027
1.019,672.1598909767654,False,3.867281534592621,5.413980494322211,inf,inf,162.54953549400756
1.019,678.951003818404,False,3.682512839650409,5.0733900983365725,inf,inf,157.69504311894178
1.019,685.7421166600427,False,3.5207385504524495,4.774610602668571,inf,inf,153.31077249555963
1.019,692.5332295016814,False,3.3779593976080062,4.51037468467024,inf,inf,149.3269243314858
1.019,699.32434234332,False,3.2510523897893604,4.275007264634605,inf,inf,145.68732673754866
1.019,706.1154551849586,False,3.1375432833862256,4.06401207448831,inf,inf,142.34619990636736
1.019,712.9065680265974,False,3.0354464473953704,3.8737806860530593,inf,inf,139.26581204767874
1.019,719.6976808682359,False,2.943149929412342,3.7013836713455794,inf,inf,136.41475032610603
1.019,726.4887937098746,False,2.859331506225486,3.544418063026804,inf,inf,133.76662484135122
1.019,733.2799065515132,False,2.7828963928664217,3.400894169061433,inf,inf,131.2990830972316
1.019,740.0710193931518,False,2.7129303598339374,3.2691503845985372,inf,inf,128.99305074974677
1.019,746.8621322347906,False,2.6486639879908336,3.1477882414231058,inf,inf,126.83213971706017
1.019,753.6532450764291,False,2.5894450918126624,3.035622299611535,inf,inf,124.80218174994951
1.019,760.4443579180678,False,2.5347172131805493,2.9316410696019455,inf,inf,122.89085721411324
1.019,767.2354707597065,False,2.484002681852771,2.8349762320999283,inf,inf,121.08739694791478
1.019,774.026583601345,False,2.4368891499723375,2.7448781704476017,inf,inf,119.38234079098352
1.019,780.8176964429838,False,2.393018796868417,2.660696355028032,inf,inf,117.76734048522381
1.019,787.6088092846223,False,2.352079606127646,2.581863493072815,inf,inf,116.2349976290002
1.019,794.399922126261,False,2.313798265229021,2.5078826267392405,inf,inf,114.77872955224609
1.019,801.1910349678997,False,2.277934346214208,2.4383165588879927,inf,inf,113.39265760328853
1.019,807.9821478095383,False,2.244275505623524,2.372779130916021,inf,inf,112.07151355507271
1.019,814.773260651177,False,2.2126335013276686,2.3109279849294726,inf,inf,110.81056075955945
1.019,821.5643734928155,False,2.182840868535414,2.252458523674926,inf,inf,109.60552738229931
1.019,828.3554863344542,False,2.154748131128001,2.1970988431882024,inf,inf,108.4525495908793
1.019,835.1465991760929,False,2.128221450365056,2.1446054601744993,inf,inf,107.3481229910744
1.019,841.9377120177315,False,2.1031406329752316,2.094759692411569,inf,inf,106.28906093332834
1.019,848.7288248593702,False,2.0793974361361705,2.0473645786219294,inf,inf,105.27245857064156
1.019,855.5199377010088,False,2.0568941189724073,2.0022422462849483,inf,inf,104.29566175411802
1.019,862.3110505426475,False,2.0355421997324235,1.9592316531841412,inf,inf,103.3562400157424
1.019,869.1021633842861,False,2.015261385361191,1.9181866422109324,inf,inf,102.45196301913276
1.019,875.8932762259248,False,1.995978646200023,1.8789742598774783,inf,inf,101.58077996471792
1.019,882.6843890675634,False,1.9776274133657301,1.8414732977496437,inf,inf,100.74080152152688
1.019,889.475501909202,False,1.9601468802443436,1.8055730230664324,inf,inf,99.9302839276842
1.019,896.2666147508407,False,1.943481392676491,1.7711720705219767,inf,inf,99.1476149588905
1.019,903.0577275924793,False,1.9275799149686468,1.7381774718322849,inf,inf,98.39130151125298
1.019,909.848840434118,False,1.9123955609548808,1.7065038035065732,inf,inf,97.65995858375291
1.019,916.6399532757566,False,1.8978851810473347,1.676072436358313,inf,inf,96.95229947785386
1.019,923.4310661173952,False,1.8840089976299206,1.6468108728626647,inf,inf,96.26712705870803
1.019,930.222178959034,False,1.8707302823186367,1.6186521605924704,inf,inf,95.6033259448482
1.019,937.0132918006725,False,1.8580150695859725,1.591534371733768,inf,inf,94.95985551216685
1.019,943.8044046423112,False,1.8458319020569411,1.5654001401549635,inf,inf,94.33574361383906
1.019,950.5955174839498,False,1.8341516034653682,1.5401962487396836,inf,inf,93.73008093133977
1.019,957.3866303255885,False,1.822947075827729,1.5158732607284238,inf,inf,93.14201588303943
1.019,964.1777431672272,False,1.8121931178741522,1.492385189689189,inf,inf,92.57075002659869
1.019,970.9688560088657,False,1.801866262181934,1.4696892034753897,inf,inf,92.01553389962355
1.019,977.7599688505044,False,1.7919446288024132,1.4477453581564235,inf,inf,91.47566325013953
1.019,984.551081692143,False,1.782407793465091,1.426516358439144,inf,inf,90.95047561450407
1.019,991.3421945337817,False,1.7732366686927485,1.4059673415528129,inf,inf,90.4393472055891
1.019,998.1333073754204,False,1.7644133963761917,1.3860656819597845,inf,inf,89.94169007859718
1.019,1004.924420217059,False,1.7559212505403667,1.3667808145873757,inf,inf,89.4569495457557
1.019,1011.7155330586976,False,1.747744549191306,1.3480840745631741,inf,inf,88.98460181450794
1.019,1018.5066459003363,False,1.7398685742700868,1.3299485516838148,inf,inf,88.52415182677241
1.019,1025.297758741975,False,1.7322794988568582,1.3123489580604335,inf,inf,88.07513127937739
1.019,1032.0888715836136,False,1.724964320870874,1.295261507569903,inf,inf,87.63709680803996
1.019,1038.8799844252521,False,1.7179108025993406,1.278663805900454,inf,inf,87.20962831915975
1.019,1045.6710972668907,False,1.711107415467224,1.2625347501219755,inf,inf,86.79232745548778
1.019,1052.4622101085295,False,1.7045432895242303,1.2468544368308718,inf,inf,86.38481618313273
1.019,1059.2533229501682,False,1.6982081671870477,1.23160407802837,inf,inf,85.98673548879853
1.019,1066.0444357918068,False,1.6920923608234633,1.2167659239822963,inf,inf,85.59774417721904
1.019,1072.8355486334453,False,1.6861867138114701,1.2023231924052953,inf,inf,85.21751775983685
1.019,1079.6266614750841,False,1.6804825647463477,1.1882600033545196,inf,inf,84.84574742669261
1.019,1086.4177743167227,False,1.674971714501999,1.1745613193200402,inf,inf,84.48213909425094
1.019,1093.2088871583614,False,1.6696463958849561,1.161212890026037,inf,inf,84.1264125226511
1.019,1100.0,False,1.6644992456462677,1.148201201517928,inf,inf,83.77830049649835
1.038,420.8887158361356,False,,,,,
1.038,427.67982867777425,False,,,,,
1.038,434.47094151941286,False,,,,,
1.038,441.2620543610515,False,,,,,
1.038,448.0531672026902,False,,,,,
1.038,454.8442800443288,False,,,,,
1.038,461.63539288596746,False,,,,,
1.038,468.4265057276061,False,,,,,
1.038,475.21761856924473,False,,,,,
1.038,482.0087314108834,False,,,,,
1.038,488.799844252522,False,,,,,
1.038,495.5909570941607,False,,,,,
1.038,502.38206993579934,False,,,,,
1.038,509.17318277743794,False,,,,,
1.038,515.9642956190767,False,,,,,
1.038,522.7554084607152,False,,,,,
1.038,529.5465213023539,False,,,,,
1.038,536.3376341439925,False,,,,,
1.038,543.1287469856312,False,,,,,
1.038,549.9198598272699,False,,,,,
1.038,556.7109726689084,False,,,,,
1.038,563.5020855105471,False,,,,,
1.038,570.2931983521858,False,78.04055405076514,144.84338353422766,inf,inf,806.9888864995722
1.038,577.0843111938244,False,24.13708058831116,43.86476190706064,inf,inf,444.90683247301706
1.038,583.8754240354631,False,14.564678928295265,25.928058969370785,inf,inf,342.68021410558254
1.038,590.6665368771016,False,10.571994641500032,18.443442549688605,inf,inf,289.54592798361296
1.038,597.4576497187403,False,8.382103061605134,14.335898887728264,inf,inf,255.74121500624292
1.038,604.248762560379,False,6.999338633984972,11.74032581506055,inf,inf,231.8564837525898
1.038,611.0398754020176,False,6.0472344189134475,9.951516735265066,inf,inf,213.85215340868024
1.038,617.8309882436563,False,5.351944043415467,8.643818087372404,inf,inf,199.66885606753294
1.038,624.6221010852948,False,4.822091418567391,7.646061372715757,inf,inf,188.13234851401054
1.038,631.4132139269336,False,4.405052225107308,6.859668736199461,inf,inf,178.51782907536494
1.038,638.2043267685722,False,4.068380336738016,6.223860560131808,inf,inf,170.3505780961776
1.038,644.9954396102108,False,3.790982477483267,5.699123649918112,inf,inf,163.3049949303506
1.038,651.7865524518495,False,3.558552226739515,5.258658117223922,inf,inf,157.1493539630303
1.038,658.5776652934882,False,3.361043634554547,4.8836449029008255,inf,inf,151.71367123710138
1.038,665.3687781351268,False,3.1911951658768447,4.5604807977478385,inf,inf,146.8700628404221
1.038,672.1598909767654,False,3.0436275403874706,4.2790884963199085,inf,inf,142.5202347820837
1.038,678.951003818404,False,2.9142709889754,4.031843720819352,inf,inf,138.5872338593219
1.038,685.7421166600427,False,2.7999896459184024,3.812871623700708,inf,inf,135.00984447172365
1.038,692.5332295016814,False,2.6983282095401817,3.6175722261578973,inf,inf,131.73868374866132
1.038,699.32434234332,False,2.6073368264217285,3.442292386636616,inf,inf,128.7334185013152
1.038,706.1154551849586,False,2.525447399735334,3.2840940981254403,inf,inf,125.96074208722433
1.038,712.9065680265974,False,2.4513845258133857,3.140587651818623,inf,inf,123.39287761500536
1.038,719.6976808682359,False,2.384100253043942,3.00980942529964,inf,inf,121.00645300659546
1.038,726.4887937098746,False,2.322725546474893,2.8901309642469672,inf,inf,118.7816434851255
1.038,733.2799065515132,False,2.266533671773758,2.780190391764278,inf,inf,116.70150949115276
1.038,740.0710193931518,False,2.2149122178076466,2.6788399997914643,inf,inf,114.75147950253111
1.038,746.8621322347906,False,2.167341470067354,2.5851057370855672,inf,inf,112.91894172600055
1.038,753.6532450764291,False,2.12337751434832,2.4981555580502897,inf,inf,111.19291858397743
1.038,760.4443579180678,False,2.082638906086982,2.4172744508582666,inf,inf,109.56380486893855
1.038,767.2354707597065,False,2.044796057308943,2.3418445562904124,inf,inf,108.02315536049731
1.038,774.026583601345,False,2.0095627160791896,2.271329206321957,inf,inf,106.56351123484556
1.038,780.8176964429838,False,1.9766890724454655,2.2052600095166635,inf,inf,105.17825716618545
1.038,787.6088092846223,False,1.9459561398184084,2.143226325620632,inf,inf,103.86150291023631
1.038,794.399922126261,False,1.91717114473523,2.0848666291052513,inf,inf,102.60798456540995
1.038,801.1910349678997,False,1.8901637200024415,2.0298613776391163,inf,inf,101.41298176292477
1.038,807.9821478095383,False,1.8647827425005457,1.9779270881749638,inf,inf,100.2722478374356
1.038,814.773260651177,False,1.840893691784059,1.9288113886219656,inf,inf,99.18195064175524
1.038,821.5643734928155,False,1.818376432086097,1.882288862666385,inf,inf,98.13862214131818
1.038,828.3554863344542,False,1.7971233406066238,1.838157543276313,inf,inf,97.13911529070144
1.038,835.1465991760929,False,1.7770377206118804,1.7962359397373822,inf,inf,96.1805669817025
1.038,841.9377120177315,False,1.7580324500351767,1.7563605058502527,inf,inf,95.26036607875265
1.038,848.7288248593702,False,1.7400288257898366,1.7183834747554283,inf,inf,94.37612573695694
1.038,855.5199377010088,False,1.7229555715075537,1.6821709999041063,inf,inf,93.5256593413858
1.038,862.3110505426475,False,1.706747982362275,1.647601552833875,inf,inf,92.70695952129662
1.038,869.1021633842861,False,1.6913471853820699,1.614564537291736,inf,inf,91.91817978585145
1.038,875.8932762259248,False,1.6766994974548932,1.5829590863713088,inf,inf,91.15761840330988
1.038,882.6843890675634,False,1.662755866299519,1.5526930150737148,inf,inf,90.42370420715679
1.038,889.475501909202,False,1.6494713821577187,1.523681905355644,inf,inf,89.7149840630534
1.038,896.2666147508407,False,1.6368048499856582,1.4958483045161894,inf,inf,89.0301117719794
1.038,903.0577275924793,False,1.624718413577212,1.4691210208733356,inf,inf,88.3678382192666
1.038,909.848840434118,False,1.613177224410607,1.4434345032265004,inf,inf,87.72700260770866
1.038,916.6399532757566,False,1.602149149131595,1.418728292702413,inf,inf,87.10652463670793
1.038,923.4310661173952,False,1.5916045105144279,1.3949465373207959,inf,inf,86.50539750927713
1.038,930.222178959034,False,1.5815158575145727,1.3720375610633946,inf,inf,85.92268166542286
1.038,937.0132918006725,False,1.5718577606723474,1.3499534804380275,inf,inf,85.35749915453533
1.038,943.8044046423112,False,1.5626066296651526,1.3286498625394942,inf,inf,84.80902857125997
1.038,950.5955174839498,False,1.553740550261385,1.308085419460781,inf,inf,84.2765004894802
1.038,957.3866303255885,False,1.5452391383112112,1.2882217346243594,inf,inf,83.7591933376157
1.038,964.1777431672272,False,1.5370834087323273,1.2690230172092267,inf,inf,83.25642966574713
1.038,970.9688560088657,False,1.5292556577257685,1.2504558813658586,inf,inf,82.76757276143925
1.038,977.7599688505044,False,1.5217393566877238,1.2324891473468038,inf,inf,82.29202357642308
1.038,984.551081692143,False,1.5145190564857198,1.2150936620568988,inf,inf,81.82921793104123
1.038,991.3421945337817,False,1.5075803009363624,1.1982421368453688,inf,inf,81.37862396729693
1.038,998.1333073754204,False,1.5009095484692778,1.181909000637423,inf,inf,80.93973982484674
1.038,1004.924420217059,False,1.4944941010879311,1.1660702667390719,inf,inf,80.51209151727939
1.038,1011.7155330586976,False,1.4883220398463084,1.1507034118523183,inf,inf,80.09523098862469
1.038,1018.5066459003363,False,1.4823821661552998,1.1357872660146082,inf,inf,79.68873433234073
1.038,1025.297758741975,False,1.4766639483129291,1.1213019123281782,inf,inf,79.29220015697756
1.038,1032.0888715836136,False,1.4711574727245935,1.107228595478448,inf,inf,78.90524808449909
1.038,1038.8799844252521,False,1.4658533993401117,1.0935496381552332,inf,inf,78.52751736873903
1.038,1045.6710972668907,False,1.4607429208882643,1.0802483645913459,inf,inf,78.15866562281296
1.038,1052.4622101085295,False,1.4558177255372422,1.0673090305216488,inf,inf,77.79836764551683
1.038,1059.2533229501682,False,1.451069962649015,1.0547167589415491,inf,inf,77.44631433773007
1.038,1066.0444357918068,False,1.4464922113335852,1.0424574811128713,inf,inf,77.10221170082859
1.038,1072.8355486334453,False,1.4420774515389052,1.0305178823230696,inf,inf,76.76577990985858
1.038,1079.6266614750841,False,1.4378190374415567,1.0188853519570835,inf,inf,76.43675245499465
1.038,1086.4177743167227,False,1.4337106729276865,1.0075479374871121,inf,inf,76.11487534543858
1.038,1093.2088871583614,False,1.4297463889743176,0.9964943020255569,inf,inf,75.79990637044376
1.038,1100.0,False,1.425920522762503,0.985713685123985,inf,inf,75.49161441273316
1.057,420.8887158361356,False,,,,,
1.057,427.67982867777425,False,,,,,
1.057,434.47094151941286,False,,,,,
1.057,441.2620543610515,False,,,,,
1.057,448.0531672026902,False,,,,,
1.057,454.8442800443288,False,,,,,
1.057,461.63539288596746,False,,,,,
1.057,468.4265057276061,False,,,,,
1.057,475.21761856924473,False,,,,,
1.057,482.0087314108834,False,,,,,
1.057,488.799844252522,False,,,,,
1.057,495.5909570941607,False,,,,,
1.057,502.38206993579934,False,,,,,
1.057,509.17318277743794,False,,,,,
1.057,515.9642956190767,False,,,,,
1.057,522.7554084607152,False,,,,,
1.057,529.5465213023539,False,,,,,
1.057,536.3376341439925,False,,,,,
1.057,543.1287469856312,False,,,,,
1.057,549.9198598272699,False,,,,,
1.057,556.7109726689084,False,,,,,
1.057,563.5020855105471,False,160.70684508887217,306.49217824184325,inf,inf,1165.6756098275584
1.057,570.2931983521858,False,24.821972040918926,46.32640712357067,inf,inf,453.75045496677893
1.057,577.0843111938244,False,13.769878046062837,25.16084071806716,inf,inf,334.818456890539
1.057,583.8754240354631,False,9.676523517748066,17.31826948729573,inf,inf,278.1324368833301
1.057,590.6665368771016,False,7.5441275105762875,13.230128293889063,inf,inf,243.41190067627844
1.057,597.4576497187403,False,6.236356565280324,10.720834360411473,inf,inf,219.4025143802459
1.057,604.248762560379,False,5.352712850716761,9.023608222886466,inf,inf,201.55402487632375
1.057,611.0398754020176,False,4.715907220027852,7.799017438316424,inf,inf,187.62958096559024
1.057,617.8309882436563,False,4.235375300594148,6.873669614284987,inf,inf,176.38478177877448
1.057,624.6221010852948,False,3.8600268797808823,6.149748154695405,inf,inf,167.06512367992158
1.057,631.4132139269336,False,3.5588522937641383,5.567881977336511,inf,inf,159.18309718401193
1.057,638.2043267685722,False,3.3119395312739948,5.0899471953480075,inf,inf,152.40787972629857
1.057,644.9954396102108,False,3.1059174610574396,4.690342889086408,inf,inf,146.5060492294098
1.057,651.7865524518495,False,2.931473918306436,4.351239325204665,inf,inf,141.30758887008523
1.057,658.5776652934882,False,2.78192418057415,4.059837212155568,inf,inf,136.68534910221157
1.057,665.3687781351268,False,2.65234537149683,3.80671045996712,inf,inf,132.54209367451665
1.057,672.1598909767654,False,2.539031909542188,3.584763600908335,inf,inf,128.80202817067607
1.057,678.951003818404,False,2.439141169779622,3.3885533849914644,inf,inf,125.40508651618312
1.057,685.7421166600427,False,2.350456107667336,3.213834306679295,inf,inf,122.30297369168899
1.057,692.5332295016814,False,2.2712221515442734,3.057246323775283,inf,inf,119.45636051432645
1.057,699.32434234332,False,2.2000325979392814,2.9160954380880666,inf,inf,116.83285408732456
1.057,706.1154551849586,False,2.1357464772987296,2.7881964428340487,inf,inf,114.40550261630528
1.057,712.9065680265974,False,2.0774286411397145,2.6717582144337864,inf,inf,112.15167594388213
1.057,719.6976808682359,False,2.0243053592616786,2.5652986993645146,inf,inf,110.05221512325873
1.057,726.4887937098746,False,1.9757309363846804,2.4675809984678647,inf,inf,108.09077783512272
1.057,733.2799065515132,False,1.9311622844766911,2.377564682990154,inf,inf,106.2533285038765
1.057,740.0710193931518,False,1.8901393233420858,2.294368269257303,inf,inf,104.52773678279952
1.057,746.8621322347906,False,1.8522697082862623,2.2172399778666607,inf,inf,102.90345820975075
1.057,753.6532450764291,False,1.8172168098841466,2.1455347192905982,inf,inf,101.37127787960145
1.057,760.4443579180678,False,1.784690165625628,2.078695812094418,inf,inf,99.92310295192901
1.057,767.2354707597065,False,1.7544378300495946,2.01624033597766,inf,inf,98.55179337094333
1.057,774.026583601345,False,1.7262401971099681,1.957747303540209,inf,inf,97.25102275404795
1.057,780.8176964429838,False,1.6999049744936312,1.9028480375745087,inf,inf,96.01516329731373
1.057,787.6088092846223,False,1.6752630668410164,1.8512182885473758,inf,inf,94.83918994920049
1.057,794.399922126261,False,1.6521651817098766,1.8025717358558675,inf,inf,93.71860015489577
1.057,801.1910349678997,False,1.6304790144611796,1.7566545974997603,inf,inf,92.64934626873902
1.057,807.9821478095383,False,1.6100869000488576,1.7132411337027582,inf,inf,91.62777833888467
1.057,814.773260651177,False,1.5908838438004147,1.672129876165344,inf,inf,90.65059543528531
1.057,821.5643734928155,False,1.5727758616972016,1.6331404499024134,inf,inf,89.71480405422007
1.057,828.3554863344542,False,1.5556785748538908,1.5961108817874818,inf,inf,88.81768241559767
1.057,835.1465991760929,False,1.5395160139075221,1.5608953110068569,inf,inf,87.95674969191867
1.057,841.9377120177315,False,1.5242195976317177,1.5273620331020294,inf,inf,87.12973938417434
1.057,848.7288248593702,False,1.5097272568599536,1.4953918222372442,inf,inf,86.33457620052808
1.057,855.5199377010088,False,1.495982680159102,1.4648764865865236,inf,inf,85.56935590631872
1.057,862.3110505426475,False,1.4829346619618613,1.4357176199036774,inf,inf,84.83232770484273
1.057,869.1021633842861,False,1.4705365372813335,1.4078255188779403,inf,inf,84.12187878197257
1.057,875.8932762259248,False,1.4587456898828925,1.3811182411452998,inf,inf,83.43652070772957
1.057,882.6843890675634,False,1.4475231230134666,1.3555207830862415,inf,inf,82.77487743703055
1.057,889.475501909202,False,1.436833083598412,1.3309643600060421,inf,inf,82.13567469223302
1.057,896.2666147508407,False,1.4266427322952873,1.307385774125317,inf,inf,81.5177305434963
1.057,903.0577275924793,False,1.4169218530065824,1.2847268581311437,inf,inf,80.91994703063321
1.057,909.848840434118,False,1.4076425964541717,1.2629339839544629,inf,inf,80.3413026932106
1.057,916.6399532757566,False,1.39877925324569,1.2419576280238012,inf,inf,79.78084589493072
1.057,923.4310661173952,False,1.3903080525501954,1.2217519855613703,inf,inf,79.23768884449142
1.057,930.222178959034,False,1.3822069830742212,1.2022746275856482,inf,inf,78.71100222876493
1.057,937.0132918006725,False,1.3744556335089761,1.1834861952030633,inf,inf,78.20001038564429
1.057,943.8044046423112,False,1.3670350500220558,1.1653501265425497,inf,inf,77.70398695365566
1.057,950.5955174839498,False,1.3599276087071583,1.1478324123373451,inf,inf,77.22225094376051
1.057,957.3866303255885,False,1.3531169011914028,1.1309013767070906,inf,inf,76.75416318582064
1.057,964.1777431672272,False,1.3465876318443821,1.1145274801602414,inf,inf,76.29912310830332
1.057,970.9688560088657,False,1.3403255252385426,1.0986831422317478,inf,inf,75.85656581494567
1.057,977.7599688505044,False,1.3343172426884178,1.0833425815101236,inf,inf,75.42595942662393
1.057,984.551081692143,False,1.3285503068459719,1.0684816710960312,inf,inf,75.00680266048457
1.057,991.3421945337817,False,1.3230130334598924,1.0540778077832782,inf,inf,74.59862262177155
1.057,998.1333073754204,False,1.317694469516753,1.0401097934652497,inf,inf,74.20097278663026
1.057,1004.924420217059,False,1.3125843370790211,1.0265577274543698,inf,inf,73.81343115672294
1.057,1011.7155330586976,False,1.307672982216989,1.0134029085602652,inf,inf,73.43559856864877
1.057,1018.5066459003363,False,1.3029513285038212,1.000627745909994,inf,inf,73.06709714308377
1.057,1025.297758741975,False,1.2984108346050969,0.9882156776129165,inf,inf,72.7075688602214
1.057,1032.0888715836136,False,1.2940434555485092,0.976151096476624,inf,inf,72.35667424956178
1.057,1038.8799844252521,False,1.2898416073064893,0.9644192820706795,inf,inf,72.0140911833775
1.057,1045.6710972668907,False,1.2857981343661404,0.9530063385142477,inf,inf,71.67951376432818
1.057,1052.4622101085295,False,1.2819062799961434,0.9418991374321909,inf,inf,71.35265129866136
1.057,1059.2533229501682,False,1.278159658953254,0.9310852655858567,inf,inf,71.03322734736587
1.057,1066.0444357918068,False,1.2745522323977363,0.9205529767372386,inf,inf,70.7209788483812
1.057,1072.8355486334453,False,1.271078284811939,0.9102911473523956,inf,inf,70.41565530367113
1.057,1079.6266614750841,False,1.2677324027383132,0.900289235791742,inf,inf,70.11701802560012
1.057,1086.4177743167227,False,1.264509455171185,0.8905372446705987,inf,inf,69.82483943755709
1.057,1093.2088871583614,False,1.2614045754548773,0.8810256861067354,inf,inf,69.53890242430825
1.057,1100.0,False,1.2584131445543103,0.8717455495992955,inf,inf,69.25899972794045
1.076,420.8887158361356,False,,,,,
1.076,427.67982867777425,False,,,,,
1.076,434.47094151941286,False,,,,,
1.076,441.2620543610515,False,,,,,
1.076,448.0531672026902,False,,,,,
1.076,454.8442800443288,False,,,,,
1.076,461.63539288596746,False,,,,,
1.076,468.4265057276061,False,,,,,
1.076,475.21761856924473,False,,,,,
1.076,482.0087314108834,False,,,,,
1.076,488.799844252522,False,,,,,
1.076,495.5909570941607,False,,,,,
1.076,502.38206993579934,False,,,,,
1.076,509.17318277743794,False,,,,,
1.076,515.9642956190767,False,,,,,
1.076,522.7554084607152,False,,,,,
1.076,529.5465213023539,False,,,,,
1.076,536.3376341439925,False,,,,,
1.076,543.1287469856312,False,,,,,
1.076,549.9198598272699,False,,,,,
1.076,556.7109726689084,False,,,,,
1.076,563.5020855105471,False,38.48224021131199,73.80637913086152,inf,inf,569.4138433432224
1.076,570.2931983521858,False,15.618788869125984,29.31137206340004,inf,inf,359.0738733538792
1.076,577.0843111938244,False,9.99205258550135,18.35677202375041,inf,inf,284.3595318102759
1.076,583.8754240354631,False,7.446998031155461,13.398773742740785,inf,inf,243.1218232344004
1.076,590.6665368771016,False,5.996771494725461,10.571223533733564,inf,inf,216.11875497843266
1.076,597.4576497187403,False,5.060362524966784,8.743550922775613,inf,inf,196.71053864272034
1.076,604.248762560379,False,4.40607636740869,7.464907189481492,inf,inf,181.9131845023339
1.076,611.0398754020176,False,3.923316450597056,6.520084576473733,inf,inf,170.16108139535808
1.076,617.8309882436563,False,3.552610758165768,5.793356954744897,inf,inf,160.54355543568076
1.076,624.6221010852948,False,3.2591310083669818,5.2169516807656775,inf,inf,152.49016863121983
1.076,631.4132139269336,False,3.0211262212314316,4.74854285928958,inf,inf,145.62304697931904
1.076,638.2043267685722,False,2.824311646552827,4.360332942861102,inf,inf,139.6806654534177
1.076,644.9954396102108,False,2.6589184115704696,4.033311736629678,inf,inf,134.47552362381984
1.076,651.7865524518495,False,2.5180397296096984,3.754038337823331,inf,inf,129.86923182299248
1.076,658.5776652934882,False,2.3966542848591286,3.5127407697636914,inf,inf,125.75713203829017
1.076,665.3687781351268,False,2.2910239635780725,3.3021440442541476,inf,inf,122.05842144272937
1.076,672.1598909767654,False,2.198308578428688,3.116720463815133,inf,inf,118.70959386251423
1.076,678.951003818404,False,2.1163115415917337,2.9521947329570355,inf,inf,115.65995774376573
1.076,685.7421166600427,False,2.0433073452310255,2.8052082558073312,inf,inf,112.86849597761146
1.076,692.5332295016814,False,1.977921711375985,2.6730859215565546,inf,inf,110.30161735623616
1.076,699.32434234332,False,1.919046559882803,2.55367064138781,inf,inf,107.93151517697838
1.076,706.1154551849586,False,1.8657785385189851,2.445203734292436,inf,inf,105.7349483386886
1.076,712.9065680265974,False,1.817373834282144,2.3462369941219245,inf,inf,103.69232217546777
1.076,719.6976808682359,False,1.773214447615102,2.2555670620250736,inf,inf,101.78698566273313
1.076,726.4887937098746,False,1.7327826747454762,2.1721857709084427,inf,inf,100.00468728388299
1.076,733.2799065515132,False,1.6956415583849314,2.0952421036292384,inf,inf,98.3331489052331
1.076,740.0710193931518,False,1.6614197392954633,2.0240127147813745,inf,inf,96.76172856830127
1.076,746.8621322347906,False,1.6297995947036055,1.957878848334625,inf,inf,95.28115107982077
1.076,753.6532450764291,False,1.6005078605770846,1.8963080886192734,inf,inf,93.88329086300206
1.076,760.4443579180678,False,1.5733081514168812,1.8388398036953697,inf,inf,92.56099550123794
1.076,767.2354707597065,False,1.547994944240895,1.785073437912842,inf,inf,91.3079412624107
1.076,774.026583601345,False,1.5243887029575434,1.7346590235812096,inf,inf,90.11851397513094
1.076,780.8176964429838,False,1.5023318986560912,1.6872894360332165,inf,inf,88.98771016415877
1.076,787.6088092846223,False,1.4816857394585863,1.6426940294553172,inf,inf,87.91105449711921
1.076,794.399922126261,False,1.4623274665989792,1.6006333745719385,inf,inf,86.88453045622741
1.076,801.1910349678997,False,1.444148105557697,1.5608948818544834,inf,inf,85.9045218033397
1.076,807.9821478095383,False,1.4270505853442086,1.5232891411417004,inf,inf,84.96776290821045
1.076,814.773260651177,False,1.410948157485528,1.4876468444890834,inf,inf,84.07129639733466
1.076,821.5643734928155,False,1.3957630604434659,1.4538161866286707,inf,inf,83.21243688236544
1.076,828.3554863344542,False,1.3814253861344656,1.4216606587295053,inf,inf,82.38873976361688
1.076,835.1465991760929,False,1.3678721137513143,1.391057167739197,inf,inf,81.59797429083288
1.076,841.9377120177315,False,1.3550462827705139,1.3618944265937856,inf,inf,80.83810021175127
1.076,848.7288248593702,False,1.3428962823024617,1.3340715708447057,inf,inf,80.10724745755049
1.076,855.5199377010088,False,1.3313752381274073,1.307496965397255,inf,inf,79.40369840956592
1.076,862.3110505426475,False,1.3204404821034696,1.2820871715600657,inf,inf,78.72587236874911
1.076,869.1021633842861,False,1.310053091316114,1.2577660498265812,inf,inf,78.07231191193712
1.076,875.8932762259248,False,1.300177486504254,1.2344639780240902,inf,inf,77.44167087012711
1.076,882.6843890675634,False,1.2907810810555558,1.212117167885079,inf,inf,76.83270370592706
1.076,889.475501909202,False,1.2818339732944433,1.1906670658810456,inf,inf,76.24425610189569
1.076,896.2666147508407,False,1.2733086759596726,1.170059826441189,inf,inf,75.67525660014863
1.076,903.0577275924793,False,1.2651798777315195,1.1502458475534802,inf,inf,75.12470915736411
1.076,909.848840434118,False,1.2574242324649811,1.131179360295023,inf,inf,74.59168649918612
1.076,916.6399532757566,False,1.250020172445599,1.1128180651230855,inf,inf,74.07532417465919
1.076,923.4310661173952,False,1.2429477425330366,1.0951228088263871,inf,inf,73.57481522527833
1.076,930.222178959034,False,1.2361884525174944,1.0780572969300974,inf,inf,73.08940539507374
1.076,937.0132918006725,False,1.2297251453974476,1.0615878370953795,inf,inf,72.61838881808217
1.076,943.8044046423112,False,1.2235418796116528,1.0456831096847194,inf,inf,72.16110412806857
1.076,950.5955174839498,False,1.2176238235308965,1.0303139621951487,inf,inf,71.71693094256081
1.076,957.3866303255885,False,1.2119571607459614,1.015453224711137,inf,inf,71.2852866794209
1.076,964.1777431672272,False,1.2065290048852593,1.001075543911466,inf,inf,70.86562366948866
1.076,970.9688560088657,False,1.2013273228616796,0.9871572334887706,inf,inf,70.45742653333019
1.076,977.7599688505044,False,1.196340865591849,0.9736761391189677,inf,inf,70.06020979406996
1.076,984.551081692143,False,1.1915591053526544,0.9606115163551976,inf,inf,69.67351570163802
1.076,991.3421945337817,False,1.1869721790449526,0.9479439200252393,inf,inf,69.29691224669224
1.076,998.1333073754204,False,1.1825708367250751,0.9356551038874562,inf,inf,68.92999134502509
1.076,1004.924420217059,False,1.178346394841998,0.9237279294514794,inf,inf,68.57236717544438
1.076,1011.7155330586976,False,1.1742906936862305,0.9121462830016794,inf,inf,68.22367465607006
1.076,1018.5066459003363,False,1.1703960586143614,0.9008949999747748,inf,inf,67.88356804564778
1.076,1025.297758741975,False,1.1666552646642376,0.889959795941993,inf,inf,67.55171965796043
1.076,1032.0888715836136,False,1.1630615042200436,0.8793272035323273,inf,inf,67.22781867871326
1.076,1038.8799844252521,False,1.1596083574249394,0.8689845147083822,inf,inf,66.91157007539356
1.076,1045.6710972668907,False,1.1562897650727886,0.8589197278721048,inf,inf,66.60269359161167
1.076,1052.4622101085295,False,1.1531000037402126,0.8491214993353284,inf,inf,66.30092281831706
1.076,1059.2533229501682,False,1.1500336629456627,0.8395790987402172,inf,inf,66.00600433504276
1.076,1066.0444357918068,False,1.1470856241458585,0.8302823680597335,inf,inf,65.7176969150556
1.076,1072.8355486334453,False,1.1442510413990363,0.8212216838466543,inf,inf,65.43577078886167
1.076,1079.6266614750841,False,1.1415253235431364,0.8123879224348881,inf,inf,65.1600069610976
1.076,1086.4177743167227,False,1.1389041177520651,0.8037724278269065,inf,inf,64.89019657629592
1.076,1093.2088871583614,False,1.1363832943475598,0.795366982028484,inf,inf,64.62614032946394
1.076,1100.0,False,1.133958932756122,0.7871637776156883,inf,inf,64.36764791778593
1.095,420.8887158361356,False,,,,,
1.095,427.67982867777425,False,,,,,
1.095,434.47094151941286,False,,,,,
1.095,441.2620543610515,False,,,,,
1.095,448.0531672026902,False,,,,,
1.095,454.8442800443288,False,,,,,
1.095,461.63539288596746,False,,,,,
1.095,468.4265057276061,False,,,,,
1.095,475.21761856924473,False,,,,,
1.095,482.0087314108834,False,,,,,
1.095,488.799844252522,False,,,,,
1.095,495.5909570941607,False,,,,,
1.095,502.38206993579934,False,,,,,
1.095,509.17318277743794,False,,,,,
1.095,515.9642956190767,False,,,,,
1.095,522.7554084607152,False,,,,,
1.095,529.5465213023539,False,,,,,
1.095,536.3376341439925,False,,,,,
1.095,543.1287469856312,False,,,,,
1.095,549.9198598272699,False,,,,,
1.095,556.7109726689084,False,,,,,
1.095,563.5020855105471,False,23.702798733829052,45.715623456522714,inf,inf,446.3515165085093
1.095,570.2931983521858,False,11.872845090554593,22.403870882296353,inf,inf,312.49774973979567
1.095,577.0843111938244,False,8.063848823871169,14.894078041358423,inf,inf,254.83719531150618
1.095,583.8754240354631,False,6.1843736036926416,11.185654452402291,inf,inf,220.89468229227984
1.095,590.6665368771016,False,5.065071289039597,8.974893986787322,inf,inf,197.92188093985217
1.095,597.4576497187403,False,4.322672518863406,7.506725005078115,inf,inf,181.07282024114375
1.095,604.248762560379,False,3.7944857128314777,6.46063081402651,inf,inf,168.049417242259
1.095,611.0398754020176,False,3.3996738986588606,5.677354566259959,inf,inf,157.6032866770453
1.095,617.8309882436563,False,3.093527337830712,5.068812883367501,inf,inf,148.9902663445066
1.095,624.6221010852948,False,2.849309653775922,4.5823313549687645,inf,inf,141.73562638558758
1.095,631.4132139269336,False,2.650051027136358,4.184476509296638,inf,inf,135.52040220438963
1.095,638.2043267685722,False,2.4844618639386815,3.8530054261019617,inf,inf,130.12132186653045
1.095,644.9954396102108,False,2.3447397032773623,3.5725451743962284,inf,inf,125.37681665802342
1.095,651.7865524518495,False,2.2253193713441357,3.3321305169413593,inf,inf,121.16670823540413
1.095,658.5776652934882,False,2.122124736445401,3.123729806842666,inf,inf,117.39951147322462
1.095,665.3687781351268,False,2.0321019305845756,2.941325394822561,inf,inf,114.00419376512848
1.095,672.1598909767654,False,1.9529177996844733,2.7803195496782944,inf,inf,110.92465311093865
1.095,678.951003818404,False,1.8827591489011588,2.637138952952305,inf,inf,108.11591491202337
1.095,685.7421166600427,False,1.8201955505693534,2.508964417038618,inf,inf,105.54144914048439
1.095,692.5332295016814,False,1.7640834124144007,2.393541889363195,inf,inf,103.17123767747826
1.095,699.32434234332,False,1.7134975199670273,2.2890475830326644,inf,inf,100.98035593383263
1.095,706.1154551849586,False,1.6676812915851686,2.193989972928618,inf,inf,98.9479145002332
1.095,712.9065680265974,False,1.6260100386003329,2.1071374130597174,inf,inf,97.05625760204913
1.095,719.6976808682359,False,1.5879634295492862,2.027463886822606,inf,inf,95.29034783878399
1.095,726.4887937098746,False,1.5531045762095705,1.9541078028677143,inf,inf,93.63728812566443
1.095,733.2799065515132,False,1.5210639552256242,1.8863403175836282,inf,inf,92.08594609437617
1.095,740.0710193931518,False,1.4915269093397276,1.8235407098008793,inf,inf,90.62665597987117
1.095,746.8621322347906,False,1.4642238317312426,1.7651770415398993,inf,inf,89.25097978890415
1.095,753.6532450764291,False,1.4389223847038153,1.7107908266862162,inf,inf,87.95151430821096
1.095,760.4443579180678,False,1.4154212772488302,1.6599847708697235,inf,inf,86.72173390813582
1.095,767.2354707597065,False,1.3935452489136777,1.6124128879478536,inf,inf,85.55586155382524
1.095,774.026583601345,False,1.3731409956837408,1.56777247241194,inf,inf,84.44876223316547
1.095,780.8176964429838,False,1.354073837753741,1.5257975334505418,inf,inf,83.39585434011947
1.095,787.6088092846223,False,1.3362249762217386,1.4862533893077292,inf,inf,82.39303554601621
1.095,794.399922126261,False,1.3194892207523603,1.4489321895539546,inf,inf,81.43662044152846
1.095,801.1910349678997,False,1.3037730965042988,1.4136491845988435,inf,inf,80.52328780351492
1.095,807.9821478095383,False,1.2889932584719463,1.3802396008911297,inf,inf,79.65003577986138
1.095,814.773260651177,False,1.2750751565370957,1.348556010090426,inf,inf,78.81414362535837
1.095,821.5643734928155,False,1.261951906172973,1.3184661034401397,inf,inf,78.01313888683003
1.095,828.3554863344542,False,1.249563328766528,1.2898508003476399,inf,inf,77.24476914412479
1.095,835.1465991760929,False,1.2378551325633047,1.262602634045448,inf,inf,76.50697757832975
1.095,841.9377120177315,False,1.2267782107698513,1.2366243681021596,inf,inf,75.79788176980226
1.095,848.7288248593702,False,1.2162880377186909,1.2118278061620533,inf,inf,75.11575523363038
1.095,855.5199377010088,False,1.2063441474767904,1.1881327641401782,inf,inf,74.4590112847371
1.095,862.3110505426475,False,1.196909682058531,1.1654661795766363,inf,inf,73.82618889334914
1.095,869.1021633842861,False,1.187950998639135,1.1437613372573294,inf,inf,73.21594024727912
1.095,875.8932762259248,False,1.1794373269715321,1.122957193768427,inf,inf,72.62701978306589
1.095,882.6843890675634,False,1.1713404696775191,1.1029977865436076,inf,inf,72.0582744854827
1.095,889.475501909202,False,1.1636345392816767,1.083831715322886,inf,inf,71.50863528582606
1.095,896.2666147508407,False,1.1562957268385854,1.065411685876687,inf,inf,70.97710941502288
1.095,903.0577275924793,False,1.1493020978126083,1.047694107442005,inf,inf,70.46277358892236
1.095,909.848840434118,False,1.1426334115376964,1.0306387366342808,inf,inf,69.96476792094049
1.095,916.6399532757566,False,1.136270961139875,1.0142083616921576,inf,inf,69.48229047217704
1.095,923.4310661173952,False,1.1301974312670857,0.9983685218228456,inf,inf,69.0145923616839
1.095,930.222178959034,False,1.1243967713577305,0.9830872571775965,inf,inf,68.56097337018328
1.095,937.0132918006725,False,1.1188540825035949,0.9683348856258801,inf,inf,68.12077797952516
1.095,943.8044046423112,False,1.11355551623626,0.95408380303527,inf,inf,67.69339179783076
1.095,950.5955174839498,False,1.108488183796307,0.9403083042181684,inf,inf,67.27823832676344
1.095,957.3866303255885,False,1.1036400746405344,0.9269844220920649,inf,inf,66.87477603295996
1.095,964.1777431672272,False,1.0989999831082806,0.914089782927145,inf,inf,66.48249569042035
1.095,970.9688560088657,False,1.0945574423097977,0.9016034758342993,inf,inf,66.10091796477455
1.095,977.7599688505044,False,1.090302664420404,0.8895059348848566,inf,inf,65.729591213874
1.095,984.551081692143,False,1.086226486667968,0.8777788324578578,inf,inf,65.36808948222259
1.095,991.3421945337817,False,1.082320322390531,0.8664049825863988,inf,inf,65.01601066941674
1.095,998.1333073754204,False,1.0785761166174226,0.8553682532256968,inf,inf,64.67297485506019
1.095,1004.924420217059,False,1.0749863056936977,0.8446534864963122,inf,inf,64.3386227646285
1.095,1011.7155330586976,False,1.0715437805250614,0.8342464260690282,inf,inf,64.01261436250816
1.095,1018.5066459003363,False,1.068241853070191,0.8241336509559394,inf,inf,63.69462755995937
1.095,1025.297758741975,False,1.0650742257507768,0.8143025150577331,inf,inf,63.38435702709914
1.095,1032.0888715836136,False,1.0620349634871349,0.8047410918913239,inf,inf,63.08151309916829
1.095,1038.8799844252521,False,1.059118468100279,0.7954381239869752,inf,inf,62.78582076838446
1.095,1045.6710972668907,False,1.0563194548502952,0.7863829765009624,inf,inf,62.49701875360209
1.095,1052.4622101085295,False,1.053632930905752,0.7775655946393053,inf,inf,62.21485864078837
1.095,1059.2533229501682,False,1.0510541755615959,0.7689764645322464,inf,inf,61.939104088059906
1.095,1066.0444357918068,False,1.0485787220417464,0.7606065772370464,inf,inf,61.669530089622604
1.095,1072.8355486334453,False,1.0462023407408207,0.7524473955813394,inf,inf,61.405922293560415
1.095,1079.6266614750841,False,1.0439210237735044,0.7444908235884261,inf,inf,61.14807636886966
1.095,1086.4177743167227,False,1.0417309707145075,0.73672917825309,inf,inf,60.89579741761993
1.095,1093.2088871583614,False,1.0396285754232875,0.7291551634595085,inf,inf,60.64889942848976
1.095,1100.0,False,1.0376104138584814,0.7217618458538154,inf,inf,60.40720476828706
1.1139999999999999,420.8887158361356,False,,,,,
1.1139999999999999,427.67982867777425,False,,,,,
1.1139999999999999,434.47094151941286,False,,,,,
1.1139999999999999,441.2620543610515,False,,,,,
1.1139999999999999,448.0531672026902,False,,,,,
1.1139999999999999,454.8442800443288,False,,,,,
1.1139999999999999,461.63539288596746,False,,,,,
1.1139999999999999,468.4265057276061,False,,,,,
1.1139999999999999,475.21761856924473,False,,,,,
1.1139999999999999,482.0087314108834,False,,,,,
1.1139999999999999,488.799844252522,False,,,,,
1.1139999999999999,495.5909570941607,False,,,,,
1.1139999999999999,502.38206993579934,False,,,,,
1.1139999999999999,509.17318277743794,False,,,,,
1.1139999999999999,515.9642956190767,False,,,,,
1.1139999999999999,522.7554084607152,False,,,,,
1.1139999999999999,529.5465213023539,False,,,,,
1.1139999999999999,536.3376341439925,False,,,,,
1.1139999999999999,543.1287469856312,False,,,,,
1.1139999999999999,549.9198598272699,False,,,,,
1.1139999999999999,556.7109726689084,False,161.30682944950343,319.95753593730194,inf,inf,1177.4198777739778
1.1139999999999999,563.5020855105471,False,18.184132529308243,35.26732792289863,inf,inf,390.686188387074
1.1139999999999999,570.2931983521858,False,9.895067014480258,18.77370637173827,inf,inf,284.91675137647655
1.1139999999999999,577.0843111938244,False,6.9157344130115606,12.841709280120416,inf,inf,235.55756898414552
1.1139999999999999,583.8754240354631,False,5.382610658075397,9.786428700636357,inf,inf,205.57914520610734
1.1139999999999999,590.6665368771016,False,4.448792566815219,7.923293529324126,inf,inf,184.9426564960092
1.1139999999999999,597.4576497187403,False,3.8206389946722865,6.668221953813708,inf,inf,169.64462250689692
1.1139999999999999,604.248762560379,False,3.369406826495898,5.765129671233687,inf,inf,157.73272953156894
1.1139999999999999,611.0398754020176,False,3.029750062087979,5.084035212811112,inf,inf,148.12660028684985
1.1139999999999999,617.8309882436563,False,2.7649739846470696,4.5519472754435615,inf,inf,140.17362180530296
1.1139999999999999,624.6221010852948,False,2.5528835544181274,4.124715864275731,inf,inf,133.45328003534496
1.1139999999999999,631.4132139269336,False,2.379265513638517,3.7740675907624293,inf,inf,127.68081459270367
1.1139999999999999,638.2043267685722,False,2.234596378480715,3.4810575577690166,inf,inf,122.65563376678799
1.1139999999999999,644.9954396102108,False,2.1122555804828926,3.232515126290684,inf,inf,118.23182419581387
1.1139999999999999,651.7865524518495,False,2.007497736133824,3.0189996585973247,inf,inf,114.30037767740875
1.1139999999999999,658.5776652934882,False,1.916832665706401,2.833567312740597,inf,inf,110.77800334901303
1.1139999999999999,665.3687781351268,False,1.837636131758771,2.670996760228879,inf,inf,107.5998233773211
1.1139999999999999,672.1598909767654,False,1.7678969774157145,2.527286215877812,inf,inf,104.71445352801656
1.1139999999999999,678.951003818404,False,1.706047980024036,2.3993169856553984,inf,inf,102.08059991940904
1.1139999999999999,685.7421166600427,False,1.650849776021581,2.2846225784247705,inf,inf,99.66464901101791
1.1139999999999999,692.5332295016814,False,1.6013093956104223,2.1812266601057337,inf,inf,97.43892551806445
1.1139999999999999,699.32434234332,False,1.5566219377971253,2.087527036456189,inf,inf,95.38040998616651
1.1139999999999999,706.1154551849586,False,1.5161280638805277,2.0022111004737564,inf,inf,93.46977926087595
1.1139999999999999,712.9065680265974,False,1.4792825206794524,1.924193219211262,inf,inf,91.6906779842853
1.1139999999999999,719.6976808682359,False,1.4456304928891177,1.8525676936737625,inf,inf,90.02915814436284
1.1139999999999999,726.4887937098746,False,1.414789603138193,1.7865729527155956,inf,inf,88.47324271167487
1.1139999999999999,733.2799065515132,False,1.3864360463675425,1.725563970669092,inf,inf,87.01258215575348
1.1139999999999999,740.0710193931518,False,1.3602937915263618,1.6689907863194617,inf,inf,85.63818135172271
1.1139999999999999,746.8621322347906,False,1.3361260871079164,1.6163816045832726,inf,inf,84.34218044503005
1.1139999999999999,753.6532450764291,False,1.3137287167713418,1.5673293794111296,inf,inf,83.11767751446264
1.1139999999999999,760.4443579180678,False,1.292924598361899,1.5214810689632274,inf,inf,81.95858392933748
1.1139999999999999,767.2354707597065,False,1.2735594241782913,1.4785289620404878,inf,inf,80.85950551037381
1.1139999999999999,774.026583601345,False,1.2554981155847964,1.4382036244321343,inf,inf,79.81564422659514
1.1139999999999999,780.8176964429838,False,1.2386219198685096,1.4002681228487175,inf,inf,78.82271636347957
1.1139999999999999,787.6088092846223,False,1.2228260175897683,1.364513264366233,inf,inf,77.87688399834195
1.1139999999999999,794.399922126261,False,1.2080175386839849,1.3307536489999194,inf,inf,76.97469730002014
1.1139999999999999,801.1910349678997,False,1.1941139081044414,1.298824377844872,inf,inf,76.11304568944647
1.1139999999999999,807.9821478095383,False,1.1810414588665183,1.2685782931758223,inf,inf,75.28911629742846
1.1139999999999999,814.773260651177,False,1.1687342633929474,1.2398836528357153,inf,inf,74.50035846585216
1.1139999999999999,821.5643734928155,False,1.1571331441004682,1.2126221612147199,inf,inf,73.74445328065015
1.1139999999999999,828.3554863344542,False,1.1461848319559338,1.1866872946124787,inf,inf,73.01928731531608
1.1139999999999999,835.1465991760929,False,1.135841247813741,1.161982870877896,inf,inf,72.32292991457508
1.1139999999999999,841.9377120177315,False,1.126058886130268,1.1384218227365008,inf,inf,71.65361346800258
1.1139999999999999,848.7288248593702,False,1.11679828443613,1.1159251417449527,inf,inf,71.00971621971004
1.1139999999999999,855.5199377010088,False,1.1080235649606331,1.094420965806494,inf,inf,70.38974723788847
1.1139999999999999,862.3110505426475,False,1.099702037214821,1.0738437879793556,inf,inf,69.79233323092802
1.1139999999999999,869.1021633842861,False,1.0918038522811,1.054133768172307,inf,inf,69.21620694810184
1.1139999999999999,875.8932762259248,False,1.084301701128358,1.0352361324462591,inf,inf,68.66019694477413
1.1139999999999999,882.6843890675634,False,1.0771705505478923,1.0171006471804869,inf,inf,68.12321852657553
1.1139999999999999,889.475501909202,False,1.0703874113492966,0.9996811574376367,inf,inf,67.60426571552527
1.1139999999999999,896.2666147508407,False,1.063931134310376,0.9829351805631916,inf,inf,67.10240410468532
1.1139999999999999,903.0577275924793,False,1.0577822300807067,0.9668235474581223,inf,inf,66.61676448763869
1.1139999999999999,909.848840434118,False,1.0519227098217514,0.9513100851238443,inf,inf,66.14653716554123
1.1139999999999999,916.6399532757566,False,1.046335943850674,0.9363613350422053,inf,inf,65.69096684829537
1.1139999999999999,923.4310661173952,False,1.0410065359592906,0.9219463027571212,inf,inf,65.24934807803906
1.1139999999999999,930.222178959034,False,1.0359202114172203,0.9080362346965378,inf,inf,64.8210211129551
1.1139999999999999,937.0132918006725,False,1.0310637169524655,0.8946044188383243,inf,inf,64.40536821775332
1.1139999999999999,943.8044046423112,False,1.0264247312413106,0.8816260062989215,inf,inf,64.00181031424398
1.1139999999999999,950.5955174839498,False,1.0219917846418123,0.8690778513258856,inf,inf,63.60980395147947
1.1139999999999999,957.3866303255885,False,1.0177541870762548,0.8569383675160533,inf,inf,63.228838560101906
1.1139999999999999,964.1777431672272,False,1.0137019631137316,0.8451873983709821,inf,inf,62.858433959975926
1.1139999999999999,970.9688560088657,False,1.0098257934280572,0.8338061005482773,inf,inf,62.498138093994015
1.1139999999999999,977.7599688505044,False,1.0061169619125652,0.8227768383788727,inf,inf,62.14752496423847
1.1139999999999999,984.551081692143,False,1.0025673078243333,0.8120830884014567,inf,inf,61.8061927495267
1.1139999999999999,991.3421945337817,False,0.9991691824087428,0.8017093528210499,inf,inf,61.47376208583503
1.1139999999999999,998.1333073754204,False,0.9959154095225998,0.7916410809328928,inf,inf,61.149874493234734
1.1139999999999999,1004.924420217059,False,0.9927992498324988,0.7818645976688773,inf,inf,60.83419093484528
1.1139999999999999,1011.7155330586976,False,0.989814368215462,0.772367038524124,inf,inf,60.52639049493596
1.1139999999999999,1018.5066459003363,False,0.9869548040327439,0.7631362902084745,inf,inf,60.2261691647311
1.1139999999999999,1025.297758741975,False,0.9842149439857055,0.7541609364434427,inf,inf,59.93323872572179
1.1139999999999999,1032.0888715836136,False,0.9815894972959827,0.745430208391334,inf,inf,59.6473257213867
1.1139999999999999,1038.8799844252521,False,0.9790734729811558,0.7369339392609284,inf,inf,59.36817050918809
1.1139999999999999,1045.6710972668907,False,0.976662159022349,0.7286625226845516,inf,inf,59.09552638555434
1.1139999999999999,1052.4622101085295,False,0.974351103242733,0.7206068745058472,inf,inf,58.82915877732176
1.1139999999999999,1059.2533229501682,False,0.9721360957352039,0.7127583976563148,inf,inf,58.56884449376358
1.1139999999999999,1066.0444357918068,False,0.9700131526948911,0.7051089498330505,inf,inf,58.31437103392884
1.1139999999999999,1072.8355486334453,False,0.9679785015271792,0.6976508137202454,inf,inf,58.06553594453213
1.1139999999999999,1079.6266614750841,False,0.9660285671155673,0.6903766695238406,inf,inf,57.822146224108344
1.1139999999999999,1086.4177743167227,False,0.9641599591452351,0.6832795696121351,inf,inf,57.584017769549384
1.1139999999999999,1093.2088871583614,False,0.9623694603889782,0.6763529150762573,inf,inf,57.35097486151897
1.1139999999999999,1100.0,False,0.9606540158713974,0.6695904340429303,inf,inf,57.12284968556938
1.133,420.8887158361356,False,,,,,
1.133,427.67982867777425,False,,,,,
1.133,434.47094151941286,False,,,,,
1.133,441.2620543610515,False,,,,,
1.133,448.0531672026902,False,,,,,
1.133,454.8442800443288,False,,,,,
1.133,461.63539288596746,False,,,,,
1.133,468.4265057276061,False,,,,,
1.133,475.21761856924473,False,,,,,
1.133,482.0087314108834,False,,,,,
1.133,488.799844252522,False,,,,,
1.133,495.5909570941607,False,,,,,
1.133,502.38206993579934,False,,,,,
1.133,509.17318277743794,False,,,,,
1.133,515.9642956190767,False,,,,,
1.133,522.7554084607152,False,,,,,
1.133,529.5465213023539,False,,,,,
1.133,536.3376341439925,False,,,,,
1.133,543.1287469856312,False,,,,,
1.133,549.9198598272699,False,,,,,
1.133,556.7109726689084,False,88.07453940639498,175.68842248313078,inf,inf,870.4069463750906
1.133,563.5020855105471,False,15.494434087584409,30.21723011691857,inf,inf,360.56615799144566
1.133,570.2931983521858,False,8.71981350607293,16.63357411707605,inf,inf,267.24848228679315
1.133,577.0843111938244,False,6.172689910840738,11.52275737920161,inf,inf,222.23849237552596
1.133,583.8754240354631,False,4.837690371882767,8.841361673770965,inf,inf,194.5222377831179
1.133,590.6665368771016,False,4.016304847509242,7.189428995648623,inf,inf,175.2959976363038
1.133,597.4576497187403,False,3.460242424398279,6.069331379226446,inf,inf,160.97323990672163
1.133,604.248762560379,False,3.0590376833672988,5.259671100374732,inf,inf,149.78262353768127
1.133,611.0398754020176,False,2.756071784929413,4.646969997161047,inf,inf,140.73551064886172
1.133,617.8309882436563,False,2.519326961046474,4.167055565320375,inf,inf,133.231003055102
1.133,624.6221010852948,False,2.3293342028644033,3.7809056838176005,inf,inf,126.88008630857168
1.133,631.4132139269336,False,2.1735741111304394,3.4634267798083145,inf,inf,121.41835349982387
1.133,638.2043267685722,False,2.043630082577154,3.197748230504812,inf,inf,116.65899074625581
1.133,644.9954396102108,False,1.933634918765499,2.9721090452184686,inf,inf,112.46576885773366
1.133,651.7865524518495,False,1.8393735222091834,2.7780594793657833,inf,inf,108.73670112529571
1.133,658.5776652934882,False,1.7577396527226115,2.6093722572644062,inf,inf,105.39372203710997
1.133,665.3687781351268,False,1.6863938112519166,2.461356895611365,inf,inf,102.37592967443119
1.133,672.1598909767654,False,1.6235404253260095,2.3304131320519703,inf,inf,99.63502341918455
1.133,678.951003818404,False,1.5677784659001188,2.2137315255979324,inf,inf,97.13214109100602
1.133,685.7421166600427,False,1.5179987320332815,2.1090875892728618,inf,inf,94.83561499200768
1.133,692.5332295016814,False,1.4733116361420724,2.014697052493828,inf,inf,92.71934717540577
1.133,699.32434234332,False,1.4329954217119396,1.9291120746063095,inf,inf,90.76161164310412
1.133,706.1154551849586,False,1.3964583725245958,1.851145500588988,inf,inf,88.94415694018002
1.133,712.9065680265974,False,1.3632107929042199,1.7798147001670308,inf,inf,87.25152399875876
1.133,719.6976808682359,False,1.3328439333476994,1.7142993271618028,inf,inf,85.67052076855312
1.133,726.4887937098746,False,1.3050139327185435,1.6539091333055864,inf,inf,84.18981275810218
1.133,733.2799065515132,False,1.2794294370045576,1.5980591508665505,inf,inf,82.79960043283117
1.133,740.0710193931518,False,1.255841948668694,1.5462503481477103,inf,inf,81.49136250679365
1.133,746.8621322347906,False,1.2340382289285854,1.498054399663516,inf,inf,80.25764979376923
1.133,753.6532450764291,False,1.2138342609223054,1.4531015848251532,inf,inf,79.09191825836098
1.133,760.4443579180678,False,1.1950704120355313,1.4110710901494374,inf,inf,77.98839275402533
1.133,767.2354707597065,False,1.17760752639752,1.3716831758619428,inf,inf,76.94195499908332
1.133,774.026583601345,False,1.1613237453711334,1.3346928016830846,inf,inf,75.94805085643155
1.133,780.8176964429838,False,1.1461119025708353,1.2998844042086386,inf,inf,75.0026131064368
1.133,787.6088092846223,False,1.1318773758343137,1.2670675902320878,inf,inf,74.10199674472223
1.133,794.399922126261,False,1.118536305290935,1.2360735639039613,inf,inf,73.2429244738882
1.133,801.1910349678997,False,1.1060141067453588,1.2067521458592825,inf,inf,72.42244054474008
1.133,807.9821478095383,False,1.0942442248143718,1.1789692729481425,inf,inf,71.63787147717983
1.133,814.773260651177,False,1.083167081889346,1.1526048905226165,inf,inf,70.88679248155948
1.133,821.5643734928155,False,1.0727291879598653,1.1275511671981382,inf,inf,70.16699862846083
1.133,828.3554863344542,False,1.0628823832915009,1.1037109759517734,inf,inf,69.47647999370525
1.133,835.1465991760929,False,1.0535831913881968,1.080996596318201,inf,inf,68.81340014708552
1.133,841.9377120177315,False,1.0447922639474225,1.0593286010183112,inf,inf,68.17607746626291
1.133,848.7288248593702,False,1.036473902903571,1.0386348971442494,inf,inf,67.5629688478921
1.133,855.5199377010088,False,1.028595647352373,1.01884989743103,inf,inf,66.97265546110478
1.133,862.3110505426475,False,1.0211279153089736,0.9999138014744752,inf,inf,66.4038302477093
1.133,869.1021633842861,False,1.0140436919925004,0.9817719702425725,inf,inf,65.85528692177303
1.133,875.8932762259248,False,1.0073182577374469,0.9643743800489084,inf,inf,65.32591026077569
1.133,882.6843890675634,False,1.0009289497772063,0.9476751444519573,inf,inf,64.81466751304403
1.133,889.475501909202,False,0.9948549530810263,0.9316320944196733,inf,inf,64.3206007730685
1.133,896.2666147508407,False,0.9890771161932009,0.916206408637723,inf,inf,63.84282019858703
1.133,903.0577275924793,False,0.9835777886562784,0.9013622871084115,inf,inf,63.38049796189911
1.133,909.848840434118,False,0.9783406771242256,0.8870666622376759,inf,inf,62.93286284342703
1.133,916.6399532757566,False,0.9733507177060532,0.8732889424793154,inf,inf,62.49919538855192
1.133,923.4310661173952,False,0.9685939624441116,0.8600007843338812,inf,inf,62.07882355977269
1.133,930.222178959034,False,0.9640574781342602,0.8471758891078844,inf,inf,61.67111882548532
1.133,937.0132918006725,False,0.9597292559509062,0.8347898213510501,inf,inf,61.275492634584296
1.133,943.8044046423112,False,0.9555981305545816,0.8228198463200243,inf,inf,60.89139323277007
1.133,950.5955174839498,False,0.9516537075412672,0.8112447841811489,inf,inf,60.51830278215377
1.133,957.3866303255885,False,0.9478862982474849,0.8000448789744838,inf,inf,60.155734750669886
1.133,964.1777431672272,False,0.9442868610553335,0.7892016806232561,inf,inf,59.8032315419643
1.133,970.9688560088657,False,0.9408469484543434,0.7786979384978432,inf,inf,59.460362340074724
1.133,977.7599688505044,False,0.9375586592119302,0.7685175052345078,inf,inf,59.126721146304085
1.133,984.551081692143,False,0.9344145950867737,0.7586452496739942,inf,inf,58.801924988405375
1.133,991.3421945337817,False,0.9314078215895946,0.7490669779261648,inf,inf,58.48561228451522
1.133,998.1333073754204,False,0.9285318323567862,0.7397693616889152,inf,inf,58.17744134631355
1.133,1004.924420217059,False,0.9257805167549047,0.7307398730549156,inf,inf,57.87708900765446
1.133,1011.7155330586976,False,0.9231481303791844,0.7219667251307075,inf,inf,57.58424936644416
1.133,1018.5066459003363,False,0.9206292681493033,0.7134388178722912,inf,inf,57.29863262891592
1.133,1025.297758741975,False,0.9182188397393183,0.7051456886097267,inf,inf,57.019964046607775
1.133,1032.0888715836136,False,0.9159120471091832,0.6970774667937472,inf,inf,56.7479829374122
1.133,1038.8799844252521,False,0.913704363931069,0.6892248325495685,inf,inf,56.48244178296605
1.133,1045.6710972668907,False,0.9115915167267602,0.6815789786691406,inf,inf,56.22310539546283
1.133,1052.4622101085295,False,0.9095694675525463,0.674131575713402,inf,inf,55.969750147685474
1.133,1059.2533229501682,False,0.9076343980853616,0.6668747399312649,inf,inf,55.722163260673
1.133,1066.0444357918068,False,0.9057826949799161,0.6598010037335674,inf,inf,55.48014214401512
1.133,1072.8355486334453,False,0.9040109363799744,0.6529032884874894,inf,inf,55.243493784251946
1.133,1079.6266614750841,False,0.9023158794789391,0.6461748794211405,inf,inf,55.01203417729242
1.133,1086.4177743167227,False,0.9006944490360042,0.6396094024498091,inf,inf,54.78558780117715
1.133,1093.2088871583614,False,0.8991437267631781,0.6332008027540668,inf,inf,54.563987125840626
1.133,1100.0,False,0.8976609415073558,0.6269433249571655,inf,inf,54.34707215686249
1.152,420.8887158361356,False,,,,,
1.152,427.67982867777425,False,,,,,
1.152,434.47094151941286,False,,,,,
1.152,441.2620543610515,False,,,,,
1.152,448.0531672026902,False,,,,,
1.152,454.8442800443288,False,,,,,
1.152,461.63539288596746,False,,,,,
1.152,468.4265057276061,False,,,,,
1.152,475.21761856924473,False,,,,,
1.152,482.0087314108834,False,,,,,
1.152,488.799844252522,False,,,,,
1.152,495.5909570941607,False,,,,,
1.152,502.38206993579934,False,,,,,
1.152,509.17318277743794,False,,,,,
1.152,515.9642956190767,False,,,,,
1.152,522.7554084607152,False,,,,,
1.152,529.5465213023539,False,,,,,
1.152,536.3376341439925,False,,,,,
1.152,543.1287469856312,False,,,,,
1.152,549.9198598272699,False,,,,,
1.152,556.7109726689084,False,75.14382743955511,150.73833872561906,inf,inf,804.6989905642739
1.152,563.5020855105471,False,14.093934382598093,27.637239671898453,inf,inf,343.97503599685206
1.152,570.2931983521858,False,7.985780106684755,15.315366930248798,inf,inf,255.666370591349
1.152,577.0843111938244,False,5.669843557373774,10.639840224811001,inf,inf,212.80150778446756
1.152,583.8754240354631,False,4.451770927837476,8.1780249728671,inf,inf,186.33338060656337
1.152,590.6665368771016,False,3.7008906816511646,6.658293331214198,inf,inf,167.94412972675343
1.152,597.4576497187403,False,3.1919502459369684,5.626464727296443,inf,inf,154.23099585529854
1.152,604.248762560379,False,2.8244490401521873,4.879896491184922,inf,inf,143.5091358472164
1.152,611.0398754020176,False,2.546777602170594,4.314525411661161,inf,inf,134.8365550399428
1.152,617.8309882436563,False,2.329710921291479,3.8714222754059686,inf,inf,127.63997228314547
1.152,624.6221010852948,False,2.155459730760919,3.5147159513788186,inf,inf,121.54788410204031
1.152,631.4132139269336,False,2.0125754613790456,3.221320224849634,inf,inf,116.30758445553992
1.152,638.2043267685722,False,1.8933563592093423,2.975703734849132,inf,inf,111.7404092567664
1.152,644.9954396102108,False,1.7924306415445692,2.767033177399302,inf,inf,107.71600019351864
1.152,651.7865524518495,False,1.7059373756870384,2.5875216995409485,inf,inf,104.13671943898245
1.152,658.5776652934882,False,1.6310302188909211,2.431428279948393,inf,inf,100.92779955856332
1.152,665.3687781351268,False,1.5655647043661407,2.2944271947117163,inf,inf,98.0308905400524
1.152,672.1598909767654,False,1.5078944716106588,2.173197148566993,inf,inf,95.39970089119316
1.152,678.951003818404,False,1.4567345909611307,2.0651456890288045,inf,inf,92.99697438320287
1.152,685.7421166600427,False,1.411067549457873,1.9682196392369133,inf,inf,90.79234425798298
1.152,692.5332295016814,False,1.3700771307905226,1.8807717742476422,inf,inf,88.76077899477828
1.152,699.32434234332,False,1.3331009887434537,1.8014651895621314,inf,inf,86.88143609571992
1.152,706.1154551849586,False,1.2995960257396184,1.729203489044764,inf,inf,85.1368030669641
1.152,712.9065680265974,False,1.2691127166046328,1.6630790095061725,inf,inf,83.51204425802496
1.152,719.6976808682359,False,1.2412757924839106,1.6023338696349618,inf,inf,81.99449769285734
1.152,726.4887937098746,False,1.2157695197731366,1.5463302841877369,inf,inf,80.57328281938744
1.152,733.2799065515132,False,1.1923263474348649,1.494527670155393,inf,inf,79.23899139653517
1.152,740.0710193931518,False,1.170718056549829,1.4464647984549948,inf,inf,77.98344146857575
1.152,746.8621322347906,False,1.1507487914733148,1.401745739745506,inf,inf,76.79947975650293
1.152,753.6532450764291,False,1.1322495218715072,1.3600286955476397,inf,inf,75.68082159633498
1.152,760.4443579180678,False,1.1150736042221412,1.3210170464137936,inf,inf,74.62192027614644
1.152,767.2354707597065,False,1.0990931962808947,1.2844521201148786,inf,inf,73.61785959794355
1.152,774.026583601345,False,1.084196339213767,1.2501073062083974,inf,inf,72.6642649396138
1.152,780.8176964429838,False,1.0702845667175542,1.2177832333235934,inf,inf,71.75722916758089
1.152,787.6088092846223,False,1.0572709333341663,1.1873037918060974,inf,inf,70.89325055683123
1.152,794.399922126261,False,1.0450783786495281,1.1585128337331068,inf,inf,70.06918048516268
1.152,801.1910349678997,False,1.0336383624659444,1.131271419408833,inf,inf,69.28217913429376
1.152,807.9821478095383,False,1.0228897199886702,1.1054555075812464,inf,inf,68.52967778921543
1.152,814.773260651177,False,1.0127776967328697,1.0809540081272253,inf,inf,67.80934660551388
1.152,821.5643734928155,False,1.0032531310757569,1.0576671325251492,inf,inf,67.11906693202147
1.152,828.3554863344542,False,0.9942717587585594,1.0355049902981313,inf,inf,66.45690744749206
1.152,835.1465991760929,False,0.9857936186292307,1.0143863896660041,inf,inf,65.82110350574494
1.152,841.9377120177315,False,0.9777825428410767,0.9942378085567646,inf,inf,65.21003919200177
1.152,848.7288248593702,False,0.9702057178289285,0.9749925083925403,inf,inf,64.62223167996706
1.152,855.5199377010088,False,0.9630333048588969,0.9565897680548151,inf,inf,64.0563175492421
1.152,862.3110505426475,False,0.9562381109302576,0.938974219430924,inf,inf,63.51104077948641
1.152,869.1021633842861,False,0.9497953024034056,0.9220952691616733,inf,inf,62.985242184001784
1.152,875.8932762259248,False,0.9436821550201944,0.9059065938156394,inf,inf,62.47785008334778
1.152,882.6843890675634,False,0.9378778350337433,0.8903656978346705,inf,inf,61.987872050791395
1.152,889.475501909202,False,0.9323632070231082,0.8754335253263598,inf,inf,61.51438758715182
1.152,896.2666147508407,False,0.9271206646734279,0.8610741182009989,inf,inf,61.05654160401312
1.152,903.0577275924793,False,0.9221339813827231,0.8472543143217237,inf,inf,60.61353861207991
1.152,909.848840434118,False,0.9173881780376053,0.8339434803065197,inf,inf,60.1846375263698
1.152,916.6399532757566,False,0.9128694056996499,0.8211132744264591,inf,inf,59.76914701244678
1.152,923.4310661173952,False,0.9085648412770895,0.8087374357162805,inf,inf,59.36642130842798
1.152,930.222178959034,False,0.9044625945359176,0.796791595976404,inf,inf,58.97585646643059
1.152,937.0132918006725,False,0.9005516250381488,0.7852531118174114,inf,inf,58.596886964655674
1.152,943.8044046423112,False,0.8968216677929423,0.7741009142966693,inf,inf,58.228982647758855
1.152,950.5955174839498,False,0.8932631665727091,0.7633153740329844,inf,inf,57.87164595862201
1.152,957.3866303255885,False,0.8898672139881975,0.752878179970953,inf,inf,57.52440942935029
1.152,964.1777431672272,False,0.8866254975368033,0.7427722302093761,inf,inf,57.186833403341254
1.152,970.9688560088657,False,0.8835302509409133,0.7329815335151447,inf,inf,56.85850396373496
1.152,977.7599688505044,False,0.8805742101812168,0.7234911203214168,inf,inf,56.53903104655761
1.152,984.551081692143,False,0.8777505737048844,0.7142869621605757,inf,inf,56.228046719442524
1.152,991.3421945337817,False,0.8750529663536027,0.7053558986133787,inf,inf,55.92520360906924
1.152,998.1333073754204,False,0.8724754066120903,0.6966855709681957,inf,inf,55.6301734624024
1.152,1004.924420217059,False,0.8700122768259851,0.6882643618815809,inf,inf,55.34264582851066
1.152,1011.7155330586976,False,0.8676582960799191,0.6800813404158538,inf,inf,55.062326849235575
1.152,1018.5066459003363,False,0.865408495462639,0.6721262119023519,inf,inf,54.788938148265046
1.152,1025.297758741975,False,0.86325819547781,0.6643892721428868,inf,inf,54.52221580931504
1.152,1032.0888715836136,False,0.8612029853864839,0.6568613655173127,inf,inf,54.26190943511252
1.152,1038.8799844252521,False,0.8592387042914096,0.6495338466137351,inf,inf,54.00778127976013
1.152,1045.6710972668907,False,0.8573614237941328,0.6423985450401609,inf,inf,53.75960544782477
1.152,1052.4622101085295,False,0.8555674320747054,0.6354477331139355,inf,inf,53.517167154197224
1.152,1059.2533229501682,False,0.8538532192595706,0.6286740961576975,inf,inf,53.280262039353396
1.152,1066.0444357918068,False,0.8522154639578436,0.62207070515967,inf,inf,53.04869553520247
1.152,1072.8355486334453,False,0.8506510208585627,0.6156309915813583,inf,inf,52.82228227717414
1.152,1079.6266614750841,False,0.8491569092927453,0.609348724118266,inf,inf,52.6008455586265
1.152,1086.4177743167227,False,0.8477303026738698,0.6032179872390784,inf,inf,52.38421682403265
1.152,1093.2088871583614,False,0.8463685187389824,0.5972331613462635,inf,inf,52.172235197733585
1.152,1100.0,False,0.8450690105208513,0.5913889044170335,inf,inf,51.96474704536893
1.171,420.8887158361356,False,,,,,
1.171,427.67982867777425,False,,,,,
1.171,434.47094151941286,False,,,,,
1.171,441.2620543610515,False,,,,,
1.171,448.0531672026902,False,,,,,
1.171,454.8442800443288,False,,,,,
1.171,461.63539288596746,False,,,,,
1.171,468.4265057276061,False,,,,,
1.171,475.21761856924473,False,,,,,
1.171,482.0087314108834,False,,,,,
1.171,488.799844252522,False,,,,,
1.171,495.5909570941607,False,,,,,
1.171,502.38206993579934,False,,,,,
1.171,509.17318277743794,False,,,,,
1.171,515.9642956190767,False,,,,,
1.171,522.7554084607152,False,,,,,
1.171,529.5465213023539,False,,,,,
1.171,536.3376341439925,False,,,,,
1.171,543.1287469856312,False,,,,,
1.171,549.9198598272699,False,,,,,
1.171,556.7109726689084,False,82.23564284423132,165.8872936186707,inf,inf,842.9357647270933
1.171,563.5020855105471,False,13.451352206698923,26.52142509601225,inf,inf,336.27544803586704
1.171,570.2931983521858,False,7.529975348276715,14.518453126351334,inf,inf,248.2866850401437
1.171,577.0843111938244,False,5.324021913366692,10.043175525381482,inf,inf,206.11341297182142
1.171,583.8754240354631,False,4.172290277803636,7.703886166432174,inf,inf,180.2096197918968
1.171,590.6665368771016,False,3.4652143809199565,6.265575527619186,inf,inf,162.26511436638702
1.171,597.4576497187403,False,2.9872307473589297,5.291499490965696,inf,inf,148.90867496483585
1.171,604.248762560379,False,2.642725931704537,4.5879377995339805,inf,inf,138.47937053547955
1.171,611.0398754020176,False,2.382793084137157,4.0557998840276275,inf,inf,130.05165515098034
1.171,617.8309882436563,False,2.179816020254236,3.6391311419643024,inf,inf,123.06359387728793
1.171,624.6221010852948,False,2.0170207871239874,3.3039439696249495,inf,inf,117.15168336045173
1.171,631.4132139269336,False,1.8836303830187149,3.028401011290962,inf,inf,112.06900061919445
1.171,638.2043267685722,False,1.7724046599588799,2.7978308868884088,inf,inf,107.64116221827777
1.171,644.9954396102108,False,1.6782994316445514,2.6020114765360733,inf,inf,103.74104710584815
1.171,651.7865524518495,False,1.597692616688901,2.433602042945784,inf,inf,100.27351287645766
1.171,658.5776652934882,False,1.5279160839060058,2.2871947198019775,inf,inf,97.16574857082338
1.171,665.3687781351268,False,1.4669610119380987,2.158717548325179,inf,inf,94.36096138787855
1.171,672.1598909767654,False,1.4132860994777152,2.04504589428913,inf,inf,91.81411601700626
1.171,678.951003818404,False,1.3656890430505608,1.9437420485510244,inf,inf,89.48898182738581
1.171,685.7421166600427,False,1.3232182021817807,1.8528762496234084,inf,inf,87.35603849759342
1.171,692.5332295016814,False,1.2851105176610031,1.7709008967769528,inf,inf,85.39095992894208
1.171,699.32434234332,False,1.2507470097075373,1.6965603813471832,inf,inf,83.57349674811822
1.171,706.1154551849586,False,1.2196203099405394,1.6288252995655097,inf,inf,81.8866391983746
1.171,712.9065680265974,False,1.1913105944572357,1.5668436868656619,inf,inf,80.315980901491
1.171,719.6976808682359,False,1.165467486787461,1.5099043478402623,inf,inf,78.8492289071114
1.171,726.4887937098746,False,1.1417962716651278,1.457408920481477,inf,inf,77.47582187429664
1.171,733.2799065515132,False,1.1200472673641917,1.4088503401557724,inf,inf,76.1866292705367
1.171,740.0710193931518,False,1.1000075433876981,1.3637960556786475,inf,inf,74.97371202756871
1.171,746.8621322347906,False,1.0814944010917047,1.3218748174551873,inf,inf,73.83013034763114
1.171,753.6532450764291,False,1.0643501944545988,1.282766181070789,inf,inf,72.74978806367292
1.171,760.4443579180678,False,1.0484381802436598,1.2461920967185658,inf,inf,71.72730561309426
1.171,767.2354707597065,False,1.0336391665378126,1.211910116343645,inf,inf,70.75791561039881
1.171,774.026583601345,False,1.0198487859884777,1.1797078667273115,inf,inf,69.83737641724163
1.171,780.8176964429838,False,1.0069752620503887,1.1493985215259575,inf,inf,68.96190015656896
1.171,787.6088092846223,False,0.9949375672474716,1.120817067751124,inf,inf,68.12809240311557
1.171,794.399922126261,False,0.9836638954862003,1.0938172086706142,inf,inf,67.33290137689818
1.171,801.1910349678997,False,0.9730903876694015,1.0682687800419628,inf,inf,66.5735749200936
1.171,807.9821478095383,False,0.9631600629310091,1.0440555830664924,inf,inf,65.84762388695306
1.171,814.773260651177,False,0.9538219178009187,1.0210735576903487,inf,inf,65.15279084742568
1.171,821.5643734928155,False,0.9450301633030561,0.999229235468483,inf,inf,64.48702321697029
1.171,828.3554863344542,False,0.9367435759612917,0.9784384233066874,inf,inf,63.848450091772634
1.171,835.1465991760929,False,0.9289249433540671,0.9586250788517845,inf,inf,63.235362200673926
1.171,841.9377120177315,False,0.9215405885297117,0.939720345738448,inf,inf,62.64619449043775
1.171,848.7288248593702,False,0.9145599605003588,0.9216617227893513,inf,inf,62.079510945442685
1.171,855.5199377010088,False,0.9079552803464417,0.9043923459543465,inf,inf,61.53399131100294
1.171,862.3110505426475,False,0.9017012343171987,0.8878603655298176,inf,inf,61.00841944476075
1.171,869.1021633842861,False,0.8957747068042535,0.8720184042224028,inf,inf,60.50167306557878
1.171,875.8932762259248,False,0.8901545472734461,0.8568230840687803,inf,inf,60.012714706243464
1.171,882.6843890675634,False,0.8848213662217477,0.8422346122128171,inf,inf,59.54058370659261
1.171,889.475501909202,False,0.8797573560283283,0.8282164171671658,inf,inf,59.08438910872661
1.171,896.2666147508407,False,0.8749461332277065,0.8147348285211553,inf,inf,58.6433033367692
1.171,903.0577275924793,False,0.8703725992751515,0.8017587941561478,inf,inf,58.216556560937406
1.171,909.848840434118,False,0.8660228173238855,0.7892596299399482,inf,inf,57.8034316601776
1.171,916.6399532757566,False,0.8618839029066371,0.7772107976278966,inf,inf,57.40325970977339
1.171,923.4310661173952,False,0.8579439267251578,0.7655877073287899,inf,inf,57.015415930568714
1.171,930.222178959034,False,0.854191828011962,0.7543675414217583,inf,inf,56.639316045114924
1.171,937.0132918006725,False,0.8506173371468642,0.7435290972531353,inf,inf,56.27441299337327
1.171,943.8044046423112,False,0.8472109063954963,0.7330526463161419,inf,inf,55.92019396686198
1.171,950.5955174839498,False,0.843963647792593,0.7229198079318128,inf,inf,55.57617772545753
1.171,957.3866303255885,False,0.8408672773249214,0.7131134357173159,inf,inf,55.24191216561724
1.171,964.1777431672272,False,0.8379140646810673,0.7036175153555416,inf,inf,54.91697211270247
1.171,970.9688560088657,False,0.8350967879311807,0.6944170723741232,inf,inf,54.60095731345135
1.171,977.7599688505044,False,0.8324086925816453,0.6854980888080981,inf,inf,54.293490607549145
1.171,984.551081692143,False,0.8298434545198639,0.6768474277628597,inf,inf,53.9942162597542
1.171,991.3421945337817,False,0.8273951464249139,0.6684527650166491,inf,inf,53.70279843622076
1.171,998.1333073754204,False,0.8250582072718324,0.6603025269073765,inf,inf,53.41891981054921
1.171,1004.924420217059,False,0.8228274146021921,0.6523858338397089,inf,inf,53.14228028673698
1.171,1011.7155330586976,False,0.8206978592727705,0.6446924488275333,inf,inf,52.87259582765116
1.171,1018.5066459003363,False,0.8186649224278112,0.6372127305553712,inf,inf,52.60959737889556
1.171,1025.297758741975,False,0.8167242544698902,0.6299375905020835,inf,inf,52.35302987905232
1.171,1032.0888715836136,False,0.8148717558299118,0.6228584537221061,inf,inf,52.102651348241395
1.171,1038.8799844252521,False,0.8131035593593959,0.6159672229250817,inf,inf,51.858232047803455
1.171,1045.6710972668907,False,0.8114160141875744,0.6092562455343473,inf,inf,51.61955370465302
1.171,1052.4622101085295,False,0.8098056709032246,0.6027182834397813,inf,inf,51.38640879452154
1.171,1059.2533229501682,False,0.8082692679361699,0.5963464851910916,inf,inf,51.158599878893014
1.171,1066.0444357918068,False,0.8068037190266717,0.5901343604046149,inf,inf,50.935938990955314
1.171,1072.8355486334453,False,0.8054061016828328,0.5840757561806217,inf,inf,50.718247066360476
1.171,1079.6266614750841,False,0.8040736465362053,0.5781648353489368,inf,inf,50.50535341498518
1.171,1086.4177743167227,False,0.8028037275153693,0.572396056379593,inf,inf,50.29709523026774
1.171,1093.2088871583614,False,0.80159385276489,0.5667641548113724,inf,inf,50.09331713300212
1.171,1100.0,False,0.800441656244742,0.5612641260660857,inf,inf,49.89387074678381
1.19,420.8887158361356,False,,,,,
1.19,427.67982867777425,False,,,,,
1.19,434.47094151941286,False,,,,,
1.19,441.2620543610515,False,,,,,
1.19,448.0531672026902,False,,,,,
1.19,454.8442800443288,False,,,,,
1.19,461.63539288596746,False,,,,,
1.19,468.4265057276061,False,,,,,
1.19,475.21761856924473,False,,,,,
1.19,482.0087314108834,False,,,,,
1.19,488.799844252522,False,,,,,
1.19,495.5909570941607,False,,,,,
1.19,502.38206993579934,False,,,,,
1.19,509.17318277743794,False,,,,,
1.19,515.9642956190767,False,,,,,
1.19,522.7554084607152,False,,,,,
1.19,529.5465213023539,False,,,,,
1.19,536.3376341439925,False,,,,,
1.19,543.1287469856312,False,,,,,
1.19,549.9198598272699,False,,,,,
1.19,556.7109726689084,False,125.04100788409096,253.63755141504123,inf,inf,1041.2337854893158
1.19,563.5020855105471,False,13.368343737986162,26.501013276117714,inf,inf,335.60691229576486
1.19,570.2931983521858,False,7.27136042983698,14.094338974501952,inf,inf,244.10936067890037
1.19,577.0843111938244,False,5.089446322106491,9.650604368807143,inf,inf,201.51048054055877
1.19,583.8754240354631,False,3.968720896734176,7.365313629950274,inf,inf,175.65588448509504
1.19,590.6665368771016,False,3.286844434205327,5.97268900275022,inf,inf,157.86300973597545
1.19,597.4576497187403,False,2.8285323349571283,5.034860098314015,inf,inf,144.67484940773815
1.19,604.248762560379,False,2.499522391846413,4.360103578673788,inf,inf,134.40694044596586
1.19,611.0398754020176,False,2.252012605849788,3.8511915373296293,inf,inf,126.12751945832171
1.19,617.8309882436563,False,2.0591771032808506,3.453559545206907,inf,inf,119.2738580479468
1.19,624.6221010852948,False,1.9047978631108449,3.1342186571453903,inf,inf,113.48338436207209
1.19,631.4132139269336,False,1.778493083251612,2.872050392350526,inf,inf,108.51057095973401
1.19,638.2043267685722,False,1.6733086121179035,2.652907941933836,inf,inf,104.18245063728888
1.19,644.9954396102108,False,1.5844112344415544,2.4669584335157846,inf,inf,100.37319142017708
1.19,651.7865524518495,False,1.5083373935406736,2.3071548966574826,inf,inf,96.98877568764364
1.19,658.5776652934882,False,1.4425401276029177,2.1683147656641166,inf,inf,93.9573568148783
1.19,665.3687781351268,False,1.3851046867268118,2.0465414626221516,inf,inf,91.22296341344479
1.19,672.1598909767654,False,1.334563842814665,1.938848746392329,inf,inf,88.74125912969285
1.19,678.951003818404,False,1.2897743701497348,1.8429094773954091,inf,inf,86.47660917895577
1.19,685.7421166600427,False,1.2498322963157409,1.756883238134369,inf,inf,84.40000288373221
1.19,692.5332295016814,False,1.214013431787013,1.6792953687078338,inf,inf,82.48755185365262
1.19,699.32434234332,False,1.1817307980790976,1.6089503729592594,inf,inf,80.71938432610159
1.19,706.1154551849586,False,1.1525036057406712,1.5448688164483784,inf,inf,79.0788178076426
1.19,712.9065680265974,False,1.1259342845918114,1.4862406024331873,inf,inf,77.55173084786651
1.19,719.6976808682359,False,1.1016912288928695,1.4323898719447672,inf,inf,76.12607967590522
1.19,726.4887937098746,False,1.0794956646267067,1.3827482882774134,inf,inf,74.79152181009648
1.19,733.2799065515132,False,1.0591115340069555,1.3368344586204184,inf,inf,73.53911974468832
1.19,740.0710193931518,False,1.040337618303118,1.294237908569309,inf,inf,72.36110533022526
1.19,746.8621322347906,False,1.0230013417039192,1.254606476032716,inf,inf,71.25069068395203
1.19,753.6532450764291,False,1.0069538520621877,1.2176363024890178,inf,inf,70.20191514836011
1.19,760.4443579180678,False,0.992066081725878,1.183063817912464,inf,inf,69.209520449371
1.19,767.2354707597065,False,0.9782255679676645,1.1506592708938481,inf,inf,68.26884811348232
1.19,774.026583601345,False,0.9653338674489355,1.1202214671921686,inf,inf,67.37575460190811
1.19,780.8176964429838,False,0.9533044391506766,1.0915734613052097,inf,inf,66.52654065656242
1.19,787.6088092846223,False,0.9420608996489416,1.064559005537645,inf,inf,65.71789212923082
1.19,794.399922126261,False,0.9315355765108222,1.0390396055860849,inf,inf,64.94683015238795
1.19,801.1910349678997,False,0.9216683020286468,1.014892065102798,inf,inf,64.2106689580777
1.19,807.9821478095383,False,0.9124054019642832,0.9920064270321457,inf,inf,63.5069799958826
1.19,814.773260651177,False,0.9036988434894566,0.9702842388654505,inf,inf,62.83356126827078
1.19,821.5643734928155,False,0.8955055138326535,0.9496370838588959,inf,inf,62.18841101039156
1.19,828.3554863344542,False,0.8877866068246569,0.9299853318156255,inf,inf,61.56970500565333
1.19,835.1465991760929,False,0.8805070989727245,0.9112570720603587,inf,inf,60.97577695851387
1.19,841.9377120177315,False,0.8736353001823669,0.8933871983323394,inf,inf,60.40510144956036
1.19,848.7288248593702,False,0.867142467007651,0.8763166209398658,inf,inf,59.85627908111052
1.19,855.5199377010088,False,0.8610024685077625,0.8599915859893547,inf,inf,59.328023488522895
1.19,862.3110505426475,False,0.8551914965476204,0.8443630850815904,inf,inf,58.8191499467464
1.19,869.1021633842861,False,0.8496878137960534,0.8293863417480434,inf,inf,58.328565345866224
1.19,875.8932762259248,False,0.8444715338205157,0.815020363230434,inf,inf,57.85525934561825
1.19,882.6843890675634,False,0.839524428608811,0.8012275481014816,inf,inf,57.39829654863949
1.19,889.475501909202,False,0.8348297596085771,0.787973341771815,inf,inf,56.95680955680866
1.19,896.2666147508407,False,0.8303721289996557,0.7752259331979369,inf,inf,56.529992795457495
1.19,903.0577275924793,False,0.8261373484282013,0.7629559871517416,inf,inf,56.117097007209445
1.19,909.848840434118,False,0.8221123228571868,0.7511364072779484,inf,inf,55.71742433143629
1.19,916.6399532757566,False,0.8182849475408914,0.7397421258842688,inf,inf,55.330323897231175
1.19,923.4310661173952,False,0.8146440164256082,0.7287499170085259,inf,inf,54.955187867846995
1.19,930.222178959034,False,0.8111791405253038,0.7181382298084265,inf,inf,54.5914478830379
1.19,937.0132918006725,False,0.807880675027826,0.7078870397406881,inf,inf,54.23857185293683
1.19,943.8044046423112,False,0.8047396540614746,0.6979777153508249,inf,inf,53.89606106321583
1.19,950.5955174839498,False,0.8017477321991225,0.6883928987947465,inf,inf,53.563447556500414
1.19,957.3866303255885,False,0.798897131902181,0.6791163984676656,inf,inf,53.24029175948617
1.19,964.1777431672272,False,0.7961805962123698,0.6701330923314555,inf,inf,52.92618032901243
1.19,970.9688560088657,False,0.7935913460903615,0.6614288407163966,inf,inf,52.620724193672075
1.19,977.7599688505044,False,0.7911230418774433,0.6529904075305228,inf,inf,52.323556770362345
1.19,984.551081692143,False,0.788769748422883,0.644805388945059,inf,inf,52.034332337648415
1.19,991.3421945337817,False,0.7865259034766494,0.6368621487405097,inf,inf,51.752724549937625
1.19,998.1333073754204,False,0.7843862889964711,0.629149759598213,inf,inf,51.47842507832174
1.19,1004.924420217059,False,0.7823460050605486,0.621657949708529,inf,inf,51.211142365549954
1.19,1011.7155330586976,False,0.7804004461140929,0.6143770541418019,inf,inf,50.950600484006685
1.19,1018.5066459003363,False,0.7785452793098299,0.6072979704932592,inf,inf,50.69653808680106
1.19,1025.297758741975,False,0.7767764247303038,0.6004121183695034,inf,inf,50.448707443150596
1.19,1032.0888715836136,False,0.7750900373040717,0.5937114023335853,inf,inf,50.20687355019238
1.19,1038.8799844252521,False,0.7734824902489811,0.5871881779686592,inf,inf,49.970813314186415
1.19,1045.6710972668907,False,0.7719503598942976,0.5808352207579771,inf,inf,49.74031479481524
1.19,1052.4622101085295,False,0.7704904117495639,0.5746456975119226,inf,inf,49.51517650692735
1.19,1059.2533229501682,False,0.7690995877025076,0.5686131401019755,2.27428906722865,4101.710102769063,49.2952067746561
1.19,1066.0444357918068,False,0.7677749942405481,0.562731421286806,2.266410198288201,4073.340043010345,49.08022313333918
1.19,1072.8355486334453,False,0.7665138916019655,0.5569947324385871,2.259973070496727,4050.2344515127065,48.87005177513832
1.19,1079.6266614750841,False,0.7653136837721185,0.5513975629971759,2.2539216839207845,4028.573378736351,48.664527034638816
1.19,1086.4177743167227,False,0.7641719092490366,0.5459346814976603,2.2480903783380985,4007.755039070644,48.46349091108127
1.19,1093.2088871583614,False,0.7630862325102435,0.5406011180322757,2.242413479802018,3987.5397553484054,48.266792624190956
1.19,1100.0,False,0.7620544361195958,0.5353921480216562,2.236856980190639,3967.8027067944513,48.074288200861595
1.209,420.8887158361356,False,,,,,
1.209,427.67982867777425,False,,,,,
1.209,434.47094151941286,False,,,,,
1.209,441.2620543610515,False,,,,,
1.209,448.0531672026902,False,,,,,
1.209,454.8442800443288,False,,,,,
1.209,461.63539288596746,False,,,,,
1.209,468.4265057276061,False,,,,,
1.209,475.21761856924473,False,,,,,
1.209,482.0087314108834,False,,,,,
1.209,488.799844252522,False,,,,,
1.209,495.5909570941607,False,,,,,
1.209,502.38206993579934,False,,,,,
1.209,509.17318277743794,False,,,,,
1.209,515.9642956190767,False,,,,,
1.209,522.7554084607152,False,,,,,
1.209,529.5465213023539,False,,,,,
1.209,536.3376341439925,False,,,,,
1.209,543.1287469856312,False,,,,,
1.209,549.9198598272699,False,,,,,
1.209,556.7109726689084,False,1118.8613341959856,2282.082276871777,inf,inf,3121.3388204415023
1.209,563.5020855105471,False,13.808114754279297,27.52067884715698,inf,inf,341.5937183741673
1.209,570.2931983521858,False,7.169246499593205,13.969818151023889,inf,inf,242.60664742178264
1.209,577.0843111938244,False,4.939667385249815,9.415002392934635,inf,inf,198.58954034597497
1.209,583.8754240354631,False,3.8223693414986855,7.129592972352702,inf,inf,172.35350181908802
1.209,590.6665368771016,False,3.151587733375101,5.755276093491269,inf,inf,154.4745927428224
1.209,597.4576497187403,False,2.704508389351279,4.837456267422031,inf,inf,141.30453303576084
1.209,604.248762560379,False,2.3854199986175573,4.18085660765344,inf,inf,131.0945338618262
1.209,611.0398754020176,False,2.1463947171394375,3.6876895094646263,inf,inf,122.88768198415057
1.209,617.8309882436563,False,1.9607774206754833,3.3035687698237353,inf,inf,116.11051639377828
1.209,624.6221010852948,False,1.8125621948693424,2.995835224029107,inf,inf,110.39569196924748
1.209,631.4132139269336,False,1.691557103545693,2.7436917665638707,inf,inf,105.49557320569788
1.209,638.2043267685722,False,1.5909641385297948,2.533265884946716,inf,inf,101.23633998974674
1.209,644.9954396102108,False,1.5060750772197815,2.35494889740948,inf,inf,97.49191550669208
1.209,651.7865524518495,False,1.4335257756082542,2.2018745259930705,inf,inf,94.16833281474557
1.209,658.5776652934882,False,1.3708485035196214,2.0690055443771045,inf,inf,91.19393497035311
1.209,665.3687781351268,False,1.316192027117917,1.952562669377052,inf,inf,88.5129991315639
1.209,672.1598909767654,False,1.2681404154184113,1.8496548729952755,inf,inf,86.08145503066231
1.209,678.951003818404,False,1.225592203941475,1.7580328378623362,inf,inf,83.86393045933153
1.209,685.7421166600427,False,1.1876776928366486,1.6759202166857048,inf,inf,81.83166355029815
1.209,692.5332295016814,False,1.1537010404973265,1.6018954810648656,inf,inf,79.96099649601997
1.209,699.32434234332,False,1.1230988922749197,1.5348075065068123,inf,inf,78.23226852986612
1.209,706.1154551849586,False,1.0954102860274975,1.473714165500623,inf,inf,76.62898883452414
1.209,712.9065680265974,False,1.0702544042361484,1.4178369300491798,inf,inf,75.13720939337585
1.209,719.6976808682359,False,1.0473138852669879,1.3665268167267355,inf,inf,73.74504306326175
1.209,726.4887937098746,False,1.026322137977085,1.3192385000099276,inf,inf,72.44228873131325
1.209,733.2799065515132,False,1.0070535823464526,1.2755103958532614,inf,inf,71.22013652715059
1.209,740.0710193931518,False,0.9893160578805476,1.2349491684453495,inf,inf,70.07093364002594
1.209,746.8621322347906,False,0.9729448580775301,1.1972175548990474,inf,inf,68.98799654719141
1.209,753.6532450764291,False,0.9577979986277447,1.162024707388931,inf,inf,67.96545916223023
1.209,760.4443579180678,False,0.9437524315927279,1.1291184656202413,inf,inf,66.99814905669898
1.209,767.2354707597065,False,0.9307009920399544,1.0982791239616576,inf,inf,66.08148582197163
1.209,774.026583601345,False,0.9185499169704916,1.0693143664457048,inf,inf,65.21139703950193
1.209,780.8176964429838,False,0.9072168151893505,1.0420551220304521,inf,inf,64.38424836533584
1.209,787.6088092846223,False,0.8966289953111759,1.016352150752516,inf,inf,63.59678501104772
1.209,794.399922126261,False,0.8867220802992973,0.9920732146677244,inf,inf,62.84608248971979
1.209,801.1910349678997,False,0.8774388528426256,0.9691007199303121,inf,inf,62.12950494264896
1.209,807.9821478095383,False,0.8687282879127405,0.947329740923642,inf,inf,61.44466970610706
1.209,814.773260651177,False,0.8605447380318278,0.9266663561030782,inf,inf,60.78941704379137
1.209,821.5643734928155,False,0.8528472438504947,0.907026239634138,inf,inf,60.161784178495836
1.209,828.3554863344542,False,0.8455989481128252,0.8883334640874995,inf,inf,59.55998291997559
1.209,835.1465991760929,False,0.8387665953625361,0.8705194781783737,inf,inf,58.98238031535152
1.209,841.9377120177315,False,0.8323201031040703,0.853522230394042,inf,inf,58.427481851423735
1.209,848.7288248593702,False,0.8262321927897367,0.8372854147755342,inf,inf,57.89391682082234
1.209,855.5199377010088,False,0.8204780711176135,0.8217578194325776,inf,inf,57.38042553043218
1.209,862.3110505426475,False,0.8150351538162126,0.8068927618221017,inf,inf,56.88584808442312
1.209,869.1021633842861,False,0.809882825452072,0.792647597596432,inf,inf,56.40911451808255
1.209,875.8932762259248,False,0.8050022298964975,0.7789832920720988,inf,inf,55.94923609455605
1.209,882.6843890675634,False,0.8003760869813803,0.7658640451940869,inf,inf,55.505297606110474
1.209,889.475501909202,False,0.7959885316035497,0.753256962359316,inf,inf,55.07645054589643
1.209,896.2666147508407,False,0.7918249721356211,0.7411317646844496,inf,inf,54.661907036400514
1.209,903.0577275924793,False,0.7878719654939125,0.7294605333086936,inf,inf,54.2609344175907
1.209,909.848840434118,False,0.7841171066215491,0.7182174831540286,inf,inf,53.87285041181987
1.209,916.6399532757566,False,0.78054893048325,0.707378762255911,inf,inf,53.49701879434862
1.209,923.4310661173952,False,0.7771568249500967,0.6969222733528609,inf,inf,53.13284550827088
1.209,930.222178959034,False,0.7739309531886127,0.6868275149049113,inf,inf,52.77977517102283
1.209,937.0132918006725,False,0.7708621843661985,0.6770754391147552,inf,inf,52.437287926755786
1.209,943.8044046423112,False,0.767942031651775,0.6676483248658003,inf,inf,52.10489660490183
1.209,950.5955174839498,False,0.7651625966312815,0.6585296637788288,inf,inf,51.782144150415846
1.209,957.3866303255885,False,0.7625165193770395,0.6497040578326269,inf,inf,51.46860129558597
1.209,964.1777431672272,False,0.7599969335113641,0.6411571272010228,inf,inf,51.1638644470833
1.209,970.9688560088657,False,0.7575974256914277,0.6328754271354743,inf,inf,50.86755376517965
1.209,977.7599688505044,False,0.755311999016174,0.6248463728731969,inf,inf,50.579311414861266
1.209,984.551081692143,False,0.7531350399195472,0.6170581716803198,inf,inf,50.29879997099459
1.209,991.3421945337817,False,0.7510612881686988,0.6094997612507194,inf,inf,50.02570096179908
1.209,998.1333073754204,False,0.7490858096328463,0.6021607537770943,inf,inf,49.75971353671154
1.209,1004.924420217059,False,0.7472039715288301,0.5950313850934823,inf,inf,49.500553246307625
1.209,1011.7155330586976,False,0.7454114198847227,0.5881024683602771,2.301829047121053,4201.6489830880755,49.24795092334578
1.209,1018.5066459003363,False,0.7437040589930323,0.5813653518247625,2.294662547565341,4175.52693746296,49.00165165519699
1.209,1025.297758741975,False,0.7420780326517151,0.5748118802444385,2.2879952346371466,4151.297579794335,48.761413838998344
1.209,1032.0888715836136,False,0.7405297070141728,0.5684343596074463,2.281593030337855,4128.097993829169,48.52700831179565
1.209,1038.8799844252521,False,0.7390556548896109,0.5622255248255997,2.2753715599800395,4105.615611693453,48.29821754876365
1.209,1045.6710972668907,False,0.7376526413526512,0.5561785101114773,2.2692890183939407,4083.6946211305435,48.07483492331188
1.209,1052.4622101085295,False,0.7363176105367772,0.5502868217827692,2.263321061487647,4062.243614661197,47.856664023533476
1.209,1059.2533229501682,False,0.7350476734994376,0.5445443132645801,2.257452002664932,4041.2031753187057,47.643518020004244
1.209,1066.0444357918068,False,0.7338400970589056,0.5389451620850428,2.251670993453836,4020.5317997169964,47.43521908045639
1.209,1072.8355486334453,False,0.7326922935132957,0.5334838486809577,2.2459701241938936,4000.198890808912,47.231597827284126
1.209,1079.6266614750841,False,0.7316018111615193,0.5281551368492435,2.2403433842010703,3980.180917696533,47.032492834238994
1.209,1086.4177743167227,False,0.7305663255542543,0.5229540556968558,2.2347860500680192,3960.4591542454937,46.83775015902693
1.209,1093.2088871583614,False,0.7295836314101165,0.5178758829566009,2.229294305130173,3941.018270781688,46.647222908825285
1.209,1100.0,False,0.7286516351389317,0.5129161295496868,2.2238649918798417,3921.845416769388,46.46077083603015
1.228,420.8887158361356,False,,,,,
1.228,427.67982867777425,False,,,,,
1.228,434.47094151941286,False,,,,,
1.228,441.2620543610515,False,,,,,
1.228,448.0531672026902,False,,,,,
1.228,454.8442800443288,False,,,,,
1.228,461.63539288596746,False,,,,,
1.228,468.4265057276061,False,,,,,
1.228,475.21761856924473,False,,,,,
1.228,482.0087314108834,False,,,,,
1.228,488.799844252522,False,,,,,
1.228,495.5909570941607,False,,,,,
1.228,502.38206993579934,False,,,,,
1.228,509.17318277743794,False,,,,,
1.228,515.9642956190767,False,,,,,
1.228,522.7554084607152,False,,,,,
1.228,529.5465213023539,False,,,,,
1.228,536.3376341439925,False,,,,,
1.228,543.1287469856312,False,,,,,
1.228,549.9198598272699,False,,,,,
1.228,556.7109726689084,False,,,,,
1.228,563.5020855105471,False,14.865976093844532,29.78820996684568,inf,inf,355.10271362320714
1.228,570.2931983521858,False,7.206676880749708,14.116494524603498,inf,inf,243.54801693740256
1.228,577.0843111938244,False,4.85933059764635,9.309456873536082,inf,inf,197.10676817301365
1.228,583.8754240354631,False,3.721428737703548,6.976211848611125,inf,inf,170.09258787344382
1.228,590.6665368771016,False,3.0501286531242986,5.597414268519504,inf,inf,151.91960750210268
1.228,597.4576497187403,False,2.6075428156965614,4.686506384101321,inf,inf,138.64014055764684
1.228,604.248762560379,False,2.294001479005909,4.039628324403861,inf,inf,128.40187577096555
1.228,611.0398754020176,False,2.0604002711360336,3.556342191966268,inf,inf,120.20533905287387
1.228,617.8309882436563,False,1.8797428911525038,3.181428172135589,inf,inf,113.45747936784882
1.228,624.6221010852948,False,1.7359578312421733,2.8820112890332044,inf,inf,107.78121217750329
1.228,631.4132139269336,False,1.618879839122985,2.637296936795825,inf,inf,102.92379811180624
1.228,638.2043267685722,False,1.5217650505577685,2.4334885414985306,inf,inf,98.7086508321613
1.228,644.9954396102108,False,1.4399632704006757,2.2610719475014442,inf,inf,95.00816955299297
1.228,651.7865524518495,False,1.3701640119481313,2.113273317105785,inf,inf,91.72755024308361
1.228,658.5776652934882,False,1.309946461765999,1.9851386528258956,inf,inf,88.79468996936286
1.228,665.3687781351268,False,1.2574994352139865,1.8729610045336305,inf,inf,86.15364710649617
1.228,672.1598909767654,False,1.2114408474391518,1.773911217886401,inf,inf,83.7602660505648
1.228,678.951003818404,False,1.1706977493357666,1.6857925581576347,inf,inf,81.5791676862062
1.228,685.7421166600427,False,1.1344244785452047,1.6068732923265538,inf,inf,79.58162874235192
1.228,692.5332295016814,False,1.1019455077259959,1.5357697858262582,inf,inf,77.7440555240448
1.228,699.32434234332,False,1.0727147121380316,1.4713631828586116,inf,inf,76.04686465571213
1.228,706.1154551849586,False,1.0462858046442407,1.4127389284182403,inf,inf,74.47364847827744
1.228,712.9065680265974,False,1.0222905222008922,1.3591421453002077,inf,inf,73.0105433148855
1.228,719.6976808682359,False,1.0004222920589942,1.3099442195180273,inf,inf,71.64574478915137
1.228,726.4887937098746,False,0.98042383624145,1.2646174413444782,inf,inf,70.3691313820159
1.228,733.2799065515132,False,0.9620776492651103,1.222715523590302,inf,inf,69.1719687743506
1.228,740.0710193931518,False,0.9451986009965018,1.1838584669426477,inf,inf,68.0466752557795
1.228,746.8621322347906,False,0.9296281311608635,1.1477206811785698,inf,inf,66.98663383372039
1.228,753.6532450764291,False,0.9152296497796679,1.1140215732803507,inf,inf,65.98604044039055
1.228,760.4443579180678,False,0.9018848610679499,1.0825180246763333,inf,inf,65.03978031927016
1.228,767.2354707597065,False,0.889490801491217,1.0529983294868102,inf,inf,64.14332661149118
1.228,774.026583601345,False,0.8779574351951224,1.0252772730655906,inf,inf,63.292656580383316
1.228,780.8176964429838,False,0.867205688163609,0.9991921081443867,inf,inf,62.48418196088595
1.228,787.6088092846223,False,0.8571658304724722,0.9745992431819526,inf,inf,61.71469070398485
1.228,794.399922126261,False,0.8477761367897495,0.9513715000333892,inf,inf,60.981297977482264
1.228,801.1910349678997,False,0.8389817708459579,0.9293958299063326,inf,inf,60.281404734536146
1.228,807.9821478095383,False,0.8307338513695317,0.908571400650761,inf,inf,59.6126625070987
1.228,814.773260651177,False,0.8229886659582394,0.8888079867886756,inf,inf,58.9729433489877
1.228,821.5643734928155,False,0.8157070062554977,0.87002460780038,inf,inf,58.36031406205715
1.228,828.3554863344542,False,0.808853603142024,0.8521483711106561,inf,inf,57.77301400289949
1.228,835.1465991760929,False,0.8023966448190795,0.8351134847397311,inf,inf,57.20943589718688
1.228,841.9377120177315,False,0.7963073639301449,0.8188604112744667,inf,inf,56.66810919195609
1.228,848.7288248593702,False,0.7905596824519315,0.8033351401016144,inf,inf,56.147685558758326
1.228,855.5199377010088,False,0.7851299051402969,0.7884885590479012,inf,inf,55.64692622714708
1.228,862.3110505426475,False,0.7799964539584061,0.774275909931049,inf,inf,55.16469088181033
1.228,869.1021633842861,False,0.7751396372353211,0.7606563152274504,inf,inf,54.699927900514986
1.228,875.8932762259248,False,0.7705414483694195,0.7475923652442062,inf,inf,54.25166574584516
1.228,882.6843890675634,False,0.7661853897578562,0.7350497569561792,inf,inf,53.81900535318937
1.228,889.475501909202,False,0.7620563183396103,0.7229969771143793,inf,inf,53.40111338170797
1.228,896.2666147508407,False,0.7581403097192719,0.7114050234176311,inf,inf,52.997216215169566
1.228,903.0577275924793,False,0.754424538315522,0.7002471585150999,inf,inf,52.606594616300846
1.228,909.848840434118,False,0.7508971713720607,0.689498692413442,inf,inf,52.22857895228002
1.228,916.6399532757566,False,0.7475472749963096,0.6791367895320971,inf,inf,51.86254492076873
1.228,923.4310661173952,False,0.7443647306631295,0.6691402972072518,inf,inf,51.50790971573086
1.228,930.222178959034,False,0.7413401608489335,0.6594895929114788,inf,inf,51.164128580647876
1.228,937.0132918006725,False,0.7384648626523533,0.6501664478468453,inf,inf,50.83069170379309
1.228,943.8044046423112,False,0.7357307484187026,0.6411539048986971,inf,inf,50.50712141624496
1.228,950.5955174839498,False,0.7331302925211868,0.6324361692152616,inf,inf,50.19296965843488
1.228,957.3866303255885,False,0.7306564835668223,0.6239985099136997,inf,inf,49.88781568539833
1.228,964.1777431672272,False,0.7283027813930746,0.6158271716136419,2.337499551847936,4332.880462219808,49.5912639846672
1.228,970.9688560088657,False,0.726063078304174,0.6079092946695038,2.32878460942152,4300.63197550625,49.302942383948555
1.228,977.7599688505044,False,0.7239316640676403,0.6002328431189716,2.321279187928732,4272.955700778175,49.022500328536104
1.228,984.551081692143,False,0.7219031942523114,0.5927865394897734,2.3141868709971596,4246.88485172652,48.74960731079286
1.228,991.3421945337817,False,0.7199726615416877,0.5855598057142615,2.3073410339326172,4221.795711826577,48.483951436130994
1.228,998.1333073754204,False,0.7181353697016333,0.5785427094938611,2.3006725119740863,4197.427875565995,48.22523811172888
1.228,1004.924420217059,False,0.7163869099202462,0.5717259155350932,2.294144739488957,4173.642671191151,47.97318884578836
1.228,1011.7155330586976,False,0.7147231392716898,0.5651006411481821,2.2877355857357906,4150.35542862297,47.727540146522884
1.228,1018.5066459003363,False,0.7131401610849081,0.5586586157590776,2.281430411981961,4127.509562345984,47.488042511260005
1.228,1025.297758741975,False,0.7116343070235264,0.5523920439377967,2.2752188959736865,4105.064705008813,47.25445949709155
1.228,1032.0888715836136,False,0.7102021207056235,0.5462935715915674,2.2690933949405125,4082.9905838703953,47.02656686544012
1.228,1038.8799844252521,False,0.7088403427111614,0.5403562550106933,2.26304802568948,4061.263576039096,46.8041517937087
1.228,1045.6710972668907,False,0.707545896841976,0.5345735324899095,2.257078112694567,4039.8646394764974,46.58701214790811
1.228,1052.4622101085295,False,0.706315877513962,0.5289391982782996,2.2511798394642777,4018.778004540034,46.374955810781415
1.228,1059.2533229501682,False,0.7051475381741443,0.5234473786375857,2.245350018946984,3997.9903112210227,46.1678000605066
1.228,1066.0444357918068,False,0.7040382806468403,0.5180925098121192,2.2395859370315745,3977.4900202634576,45.965370995555595
1.228,1072.8355486334453,False,0.7029856453231366,0.5128693177345658,2.2338852427365836,3957.2669993474087,45.76750300172402
1.228,1079.6266614750841,False,0.7019873021168735,0.5077727993095825,2.228245869229622,3937.31222495906,45.57403825773801
1.228,1086.4177743167227,False,0.7010410421182247,0.502798205133983,2.2226659757932783,3917.6175629176864,45.384826276193934
1.228,1093.2088871583614,False,0.7001447698829852,0.4979410235262292,2.2171439043774304,3898.175603717906,45.19972347689792
1.228,1100.0,False,0.6992964963017504,0.49319696575072314,2.211678146530337,3878.97953690555,45.01859278994323
1.2469999999999999,420.8887158361356,False,,,,,
1.2469999999999999,427.67982867777425,False,,,,,
1.2469999999999999,434.47094151941286,False,,,,,
1.2469999999999999,441.2620543610515,False,,,,,
1.2469999999999999,448.0531672026902,False,,,,,
1.2469999999999999,454.8442800443288,False,,,,,
1.2469999999999999,461.63539288596746,False,,,,,
1.2469999999999999,468.4265057276061,False,,,,,
1.2469999999999999,475.21761856924473,False,,,,,
1.2469999999999999,482.0087314108834,False,,,,,
1.2469999999999999,488.799844252522,False,,,,,
1.2469999999999999,495.5909570941607,False,,,,,
1.2469999999999999,502.38206993579934,False,,,,,
1.2469999999999999,509.17318277743794,False,,,,,
1.2469999999999999,515.9642956190767,False,,,,,
1.2469999999999999,522.7554084607152,False,,,,,
1.2469999999999999,529.5465213023539,False,,,,,
1.2469999999999999,536.3376341439925,False,,,,,
1.2469999999999999,543.1287469856312,False,,,,,
1.2469999999999999,549.9198598272699,False,,,,,
1.2469999999999999,556.7109726689084,False,,,,,
1.2469999999999999,563.5020855105471,False,16.833280223156958,33.910383669036186,inf,inf,378.71684943194055
1.2469999999999999,570.2931983521858,False,7.38423465358085,14.539807412348432,inf,inf,246.93133594753192
1.2469999999999999,577.0843111938244,False,4.840176966521161,9.320111780875859,inf,inf,196.92598636670095
1.2469999999999999,583.8754240354631,False,3.6584002318645803,6.8923273026848415,inf,inf,168.73500134164726
1.2469999999999999,590.6665368771016,False,2.976212989104355,5.488488289821517,inf,inf,150.0725262658057
1.2469999999999999,597.4576497187403,False,2.532380993265414,4.57322770069189,inf,inf,136.56882003051663
1.2469999999999999,604.248762560379,False,2.2207662436636477,3.9290259339046196,inf,inf,126.22681790379036
1.2469999999999999,611.0398754020176,False,1.9901012010542307,3.450812773592842,inf,inf,117.98711189631013
1.2469999999999999,617.8309882436563,False,1.8125888290237906,3.0816177436301713,inf,inf,111.22856201892671
1.2469999999999999,624.6221010852948,False,1.6718508053734444,2.7878716966190678,inf,inf,105.5597201472762
1.2469999999999999,631.4132139269336,False,1.5576102414216366,2.5485097919245234,inf,inf,100.72001860721102
1.2469999999999999,638.2043267685722,False,1.4630925351120923,2.349644893982744,inf,inf,96.52839736426324
1.2469999999999999,644.9954396102108,False,1.3836505662990295,2.181750083948004,inf,inf,92.85460748356401
1.2469999999999999,651.7865524518495,False,1.3159903585822794,2.038071742731225,inf,inf,89.6022373473423
1.2469999999999999,658.5776652934882,False,1.2577119959083594,1.9136887053156777,inf,inf,86.6981920300858
1.2469999999999999,665.3687781351268,False,1.2070255681351914,1.8049301137629812,inf,inf,84.08591317475994
1.2469999999999999,672.1598909767654,False,1.162568943908986,1.7090019525303384,inf,inf,81.72086275903999
1.2469999999999999,678.951003818404,False,1.1232871850227688,1.6237399108475747,inf,inf,79.56742833982892
1.2469999999999999,685.7421166600427,False,1.0883505739521273,1.547441378775287,inf,inf,77.59674953595591
1.2469999999999999,692.5332295016814,False,1.0570975601558383,1.4787485120442896,inf,inf,75.78515823631282
1.2469999999999999,699.32434234332,False,1.0289942137178056,1.4165651275172249,inf,inf,74.11303769604308
1.2469999999999999,706.1154551849586,False,1.0036048705591758,1.3599965352245522,inf,inf,72.56397374197695
1.2469999999999999,712.9065680265974,False,0.9805705237670241,1.3083052458907216,inf,inf,71.12411361920303
1.2469999999999999,719.6976808682359,False,0.9595926767754305,1.2608778725717482,inf,inf,69.78167499769891
1.2469999999999999,726.4887937098746,False,0.9404211128572049,1.217200058944611,inf,inf,68.52656527111498
1.2469999999999999,733.2799065515132,False,0.9228445157868164,1.176837251315963,inf,inf,67.35008301571531
1.2469999999999999,740.0710193931518,False,0.9066831952299855,1.1394197845476453,inf,inf,66.2446814454082
1.2469999999999999,746.8621322347906,False,0.8917833857038701,1.1046311933077235,inf,inf,65.20377920182527
1.2469999999999999,753.6532450764291,False,0.8780127358149973,1.0721989630884756,inf,inf,64.22160767884708
1.2469999999999999,760.4443579180678,False,0.865256707595632,1.0418871467555406,inf,inf,63.29308682834658
1.2469999999999999,767.2354707597065,False,0.8534156786807928,1.0134904218403507,inf,inf,62.41372337514567
1.2469999999999999,774.026583601345,False,0.8424025923102122,0.9868292708561139,inf,inf,61.57952681545546
1.2469999999999999,780.8176964429838,False,0.8321410380207888,0.9617460445535186,inf,inf,60.78693964096305
1.2469999999999999,787.6088092846223,False,0.8225636736696508,0.9381017249567362,inf,inf,60.03277902747706
1.2469999999999999,794.399922126261,False,0.8136109200074908,0.9157732471980735,inf,inf,59.314187827463
1.2469999999999999,801.1910349678997,False,0.8052298744183268,0.8946512707255316,inf,inf,58.62859316238829
1.2469999999999999,807.9821478095383,False,0.7973734020665499,0.8746383142832348,inf,inf,57.9736712610252
1.2469999999999999,814.773260651177,False,0.7899993715444567,0.8556471872085837,inf,inf,57.34731746068255
1.2469999999999999,821.5643734928155,False,0.7830700089093958,0.8375996635189997,inf,inf,56.74762049936719
1.2469999999999999,828.3554863344542,False,0.7765513492558661,0.8204253560350575,inf,inf,56.17284039245784
1.2469999999999999,835.1465991760929,False,0.7704127690636884,0.8040607561815653,inf,inf,55.62138931833843
1.2469999999999999,841.9377120177315,False,0.7646265857750548,0.7884484116918825,inf,inf,55.091815041447354
1.2469999999999999,848.7288248593702,False,0.7591677135894255,0.7735362196390906,inf,inf,54.582786484447
1.2469999999999999,855.5199377010088,False,0.7540133664791069,0.759276816345923,inf,inf,54.09308112817234
1.2469999999999999,862.3110505426475,False,0.7491428010370945,0.7456270490232895,inf,inf,53.62157397218466
1.2469999999999999,869.1021633842861,False,0.7445370930611693,0.7325475166365205,inf,inf,53.16722783281278
1.2469999999999999,875.8932762259248,False,0.7401789428215942,0.7200021696374729,inf,inf,52.72908479155745
1.2469999999999999,882.6843890675634,False,0.7360525048064197,0.7079579599364788,inf,inf,52.30625863628759
1.2469999999999999,889.475501909202,False,0.7321432384288623,0.6963845339035903,inf,inf,51.89792816203532
1.2469999999999999,896.2666147508407,False,0.7284377767466267,0.6852539623478682,inf,inf,51.50333121838472
1.2469999999999999,903.0577275924793,False,0.7249238107081564,0.6745405023771592,inf,inf,51.12175940723672
1.2469999999999999,909.848840434118,False,0.7215899868250493,0.6642203868286792,inf,inf,50.752553348752734
1.2469999999999999,916.6399532757566,False,0.7184258164885592,0.6542716376141874,inf,inf,50.39509844502905
1.2469999999999999,923.4310661173952,False,0.71542159541337,0.644673899867539,inf,inf,50.04882108093432
1.2469999999999999,930.222178959034,False,0.7125683319135347,0.6354082942370365,2.3615202193140603,4422.389312439898,49.713185209883854
1.2469999999999999,937.0132918006725,False,0.7098576829013356,0.6264572850462142,2.3527403316335076,4389.566470837683,49.38768927938661
1.2469999999999999,943.8044046423112,False,0.7072818966561759,0.6178045623674168,2.3448278491336287,4360.091085611559,49.07186345719769
1.2469999999999999,950.5955174839498,False,0.7048337615427572,0.6094349363234397,2.337292652092787,4332.113461232639,48.76526712402866
1.2469999999999999,957.3866303255885,False,0.7025065599694619,0.6013342421616987,2.3299977460123396,4305.1138094270445,48.467486603130865
1.2469999999999999,964.1777431672272,False,0.700294026972876,0.5934892548402299,2.3228816864428263,4278.857419757125,48.17813310081528
1.2469999999999999,970.9688560088657,False,0.6981903128952298,0.585887612030722,2.315910687820323,4253.214140223667,47.896840835189366
1.2469999999999999,977.7599688505044,False,0.6961899496906996,0.5785177445855976,2.309063797427347,4228.102426489326,47.62326533316867
1.2469999999999999,984.551081692143,False,0.6942878204556071,0.5713688136375105,2.3023269176166794,4203.466757778082,47.35708187821338
1.2469999999999999,991.3421945337817,False,0.6924791318283993,0.5644306536039345,2.295689977579455,4179.2669402251095,47.09798409331536
1.2469999999999999,998.1333073754204,False,0.6907593889490945,0.5576937204593592,2.289145440861606,4155.4724560651,46.84568264556674
1.2469999999999999,1004.924420217059,False,0.689124372705623,0.5511490447150876,2.2826874522553733,4132.059230051476,46.5999040602061
1.2469999999999999,1011.7155330586976,False,0.6875701190271147,0.5447881886136662,2.2763113193567492,4109.007662116682,46.36038963340399
1.2469999999999999,1018.5066459003363,False,0.6860929000125996,0.5386032071031877,2.270013181827873,4086.301370776711,46.126894434248065
1.2469999999999999,1025.297758741975,False,0.6846892067081856,0.5325866122072471,2.2637897919049657,4063.92635808191,45.899186387433275
1.2469999999999999,1032.0888715836136,False,0.6833557333671578,0.5267313404503028,2.257638363878265,4041.870436117862,45.67704542907831
1.2469999999999999,1038.8799844252521,False,0.6820893630462986,0.5210307230367254,2.2515564679728297,4020.12282200248,45.460262728902634
1.2469999999999999,1045.6710972668907,False,0.6808871544079333,0.515478458515326,2.245541953737292,3998.6738449441705,45.24863997270363
1.2469999999999999,1052.4622101085295,False,0.6797463296116959,0.5100685876906964,2.239592893586495,3977.5147298941874,45.041988699706835
1.2469999999999999,1059.2533229501682,False,0.6786642631925063,0.5047954705685075,2.2337075404382922,3956.637434804517,44.84012968991405
1.2469999999999999,1066.0444357918068,False,0.6776384718323702,0.4996537651446834,2.227884295417676,3936.03452620536,44.642892397067165
1.2469999999999999,1072.8355486334453,False,0.6766666049433594,0.4946384078684165,2.2221216828765775,3915.6990826536367,44.45011442328194
1.2469999999999999,1079.6266614750841,False,0.6757464359877363,0.48974459562668093,2.2164183308284127,3895.6246188274968,44.26164103179298
1.2469999999999999,1086.4177743167227,False,0.674875854468898,0.4849677691136225,2.2107729554398925,3875.805025107492,44.07732469460133
1.2469999999999999,1093.2088871583614,False,0.6740528585333164,0.48030359746189116,2.2051843486082823,3856.2345189475295,43.897024672110994
1.2469999999999999,1100.0,False,0.6732755481300182,0.47574796402556185,2.1996513679117973,3836.9076053250014,43.72060662213562
1.266,420.8887158361356,False,,,,,
1.266,427.67982867777425,False,,,,,
1.266,434.47094151941286,False,,,,,
1.266,441.2620543610515,False,,,,,
1.266,448.0531672026902,False,,,,,
1.266,454.8442800443288,False,,,,,
1.266,461.63539288596746,False,,,,,
1.266,468.4265057276061,False,,,,,
1.266,475.21761856924473,False,,,,,
1.266,482.0087314108834,False,,,,,
1.266,488.799844252522,False,,,,,
1.266,495.5909570941607,False,,,,,
1.266,502.38206993579934,False,,,,,
1.266,509.17318277743794,False,,,,,
1.266,515.9642956190767,False,,,,,
1.266,522.7554084607152,False,,,,,
1.266,529.5465213023539,False,,,,,
1.266,536.3376341439925,False,,,,,
1.266,543.1287469856312,False,,,,,
1.266,549.9198598272699,False,,,,,
1.266,556.7109726689084,False,,,,,
1.266,563.5020855105471,False,20.45393509239263,41.422942302288114,inf,inf,418.5480874684536
1.266,570.2931983521858,False,7.719796572609082,15.27944355296742,inf,inf,252.97782886709103
1.266,577.0843111938244,False,4.879118819638177,9.442792659857211,inf,inf,197.99268188139902
1.266,583.8754240354631,False,3.628686652555554,6.870306360858457,inf,inf,168.19324791214135
1.266,590.6665368771016,False,2.925614085864442,5.421413054365152,inf,inf,148.8457615463985
1.266,597.4576497187403,False,2.475332006313276,4.491491583438592,inf,inf,135.00866339484278
1.266,604.248762560379,False,2.162488448154919,3.843771609775704,inf,inf,124.49365854515585
1.266,611.0398754020176,False,1.9326467179465427,3.3665142964669617,inf,inf,116.16290355332987
1.266,617.8309882436563,False,1.7567645197976602,3.0001042569328105,inf,inf,109.35850023557015
1.266,624.6221010852948,False,1.6179325949808316,2.7098300403617874,inf,inf,103.67007721608051
1.266,631.4132139269336,False,1.5056378424210062,2.4741089170347856,inf,inf,98.82662435127486
1.266,638.2043267685722,False,1.413000308273538,2.2788156528437704,inf,inf,94.6410056801657
1.266,644.9954396102108,False,1.3353285539080717,2.114317312353731,inf,inf,90.97928851707789
1.266,651.7865524518495,False,1.2693135541334652,1.9738186745390898,inf,inf,87.74275472932678
1.266,658.5776652934882,False,1.2125544470471994,1.8523887906289112,inf,inf,84.8568285007059
1.266,665.3687781351268,False,1.1632669847567496,1.7463625457409642,inf,inf,82.26398231388652
1.266,672.1598909767654,False,1.1200975243644111,1.6529588486768523,inf,inf,79.91903508449053
1.266,678.951003818404,False,1.0820005223415103,1.5700291671702413,inf,inf,77.78594398253188
1.266,685.7421166600427,False,1.0481556005311503,1.4958872873971032,inf,inf,75.83555964909112
1.266,692.5332295016814,False,1.0179100327604511,1.429191251963767,inf,inf,74.04402053553738
1.266,699.32434234332,False,0.9907380033668314,1.3688597243643859,inf,inf,72.39158185533925
1.266,706.1154551849586,False,0.9662111959303964,1.3140116104010975,inf,inf,70.86174661735804
1.266,712.9065680265974,False,0.9439771989361644,1.263921725269741,inf,inf,69.44061075982664
1.266,719.6976808682359,False,0.9237434073104981,1.21798774211675,inf,inf,68.11636270778973
1.266,726.4887937098746,False,0.9052648543676578,1.1757052087737945,inf,inf,66.87889608391542
1.266,733.2799065515132,False,0.8883348983933398,1.1366484245026875,inf,inf,65.71950652838471
1.266,740.0710193931518,False,0.8727780119395723,1.1004556333067268,inf,inf,64.6306518600636
1.266,746.8621322347906,False,0.8584441400539442,1.0668174381346436,inf,inf,63.605760512198486
1.266,753.6532450764291,False,0.8452042431054013,1.0354676470432804,inf,inf,62.639077165596966
1.266,760.4443579180678,False,0.8329467438319151,1.0061759757817756,inf,inf,61.72553733530508
1.266,767.2354707597065,False,0.8215746715959079,0.9787421818425585,inf,inf,60.86066470563329
1.266,774.026583601345,False,0.8110033492830422,0.9529913126859483,inf,inf,60.04048649392013
1.266,780.8176964429838,False,0.8011585062389774,0.9287698287625926,inf,inf,59.26146321833801
1.266,787.6088092846223,False,0.791974728422205,0.9059424189894089,inf,inf,58.52043006067499
1.266,794.399922126261,False,0.7833941775025649,0.8843893685213682,inf,inf,57.81454762869705
1.266,801.1910349678997,False,0.7753655259873535,0.8640043701760471,inf,inf,57.14126038872011
1.266,807.9821478095383,False,0.7678430670313109,0.8446926946278407,inf,inf,56.498261395999656
1.266,814.773260651177,False,0.760785966389091,0.82636965255835,inf,inf,55.88346222625478
1.266,821.5643734928155,False,0.7541576307173508,0.8089592958033754,inf,inf,55.29496722620935
1.266,828.3554863344542,False,0.7479251716473772,0.7923933152405074,inf,inf,54.73105136922785
1.266,835.1465991760929,False,0.7420589491066575,0.7766101014910934,inf,inf,54.190141134882545
1.266,841.9377120177315,False,0.7365321805467128,0.7615539410368919,inf,inf,53.67079793673425
1.266,848.7288248593702,False,0.7313206052417147,0.7471743254990658,inf,inf,53.17170370689889
1.266,855.5199377010088,False,0.7264021948114677,0.7334253559111751,inf,inf,52.69164831371162
1.266,862.3110505426475,False,0.7217569027101545,0.720265227077763,inf,inf,52.229518543573036
1.266,869.1021633842861,False,0.7173664466961809,0.7076557797260414,inf,inf,51.78428842254685
1.266,875.8932762259248,False,0.7132141193264405,0.69556211026893,inf,inf,51.35501068961533
1.266,882.6843890675634,False,0.7092846223517955,0.6839522297091833,inf,inf,50.94080926330808
1.266,889.475501909202,False,0.7055639215695345,0.6727967646086809,inf,inf,50.540872567981665
1.266,896.2666147508407,False,0.7020391192444274,0.6620686941883913,inf,inf,50.1544476063672
1.266,903.0577275924793,False,0.69869834166678,0.651743118562715,2.381135916336915,4496.162579634944,49.78083468189782
1.266,909.848840434118,False,0.695530639793152,0.6417970538866099,2.372278248910499,4462.7739448898665,49.41938268843623
1.266,916.6399532757566,False,0.6925259012278226,0.632209250835781,2.364026192118444,4431.780100120988,49.069484896824456
1.266,923.4310661173952,False,0.689674772063372,0.6229600333746266,2.356099696677136,4402.11072285297,48.73057517761844
1.266,930.222178959034,False,0.686968587315777,0.6140311552126154,2.3483977018987625,4373.377119809175,48.40212460773597
1.266,937.0132918006725,False,0.6843993088715133,0.6054056717237736,2.3408702977344915,4345.385764682859,48.08363841584034
1.266,943.8044046423112,False,0.6819594700172109,0.5970678254183974,2.3334885337358826,4318.023260576088,47.774653227299325
1.266,950.5955174839498,False,0.6796421257515548,0.589002943321446,2.3262338180929305,4291.215899150869,47.47473457468698
1.266,957.3866303255885,False,0.6774408081884191,0.5811973448366329,2.3190933221681673,4264.91210999571,47.183474644174055
1.266,964.1777431672272,False,0.6753494864529639,0.5736382588658652,2.312057699900549,4239.073741155535,46.900490231903156
1.266,970.9688560088657,False,0.6733625305515482,0.5663137491161302,2.305119842814535,4213.671293844317,46.62542088767306
1.266,977.7599688505044,False,0.6714746787636242,0.5592126466644345,2.298274150212978,4188.681125859647,46.35792722602675
1.266,984.551081692143,False,0.669681008161631,0.5523244889701951,2.2915160770093395,4164.083716791107,46.097689387239015
1.266,991.3421945337817,False,0.6679769079144414,0.5456394646263487,2.284841840866542,4139.862542937632,45.84440563277404
1.266,998.1333073754204,False,0.6663580550725999,0.5391483632281721,2.278248225485477,4116.003320486292,45.597791061584566
1.266,1004.924420217059,False,0.6648203925704093,0.5328425298144942,2.2717324443949867,4092.493480583954,45.3575764351916
1.266,1011.7155330586976,False,0.6633601092117427,0.5267138234014298,2.265292044166903,4069.3217956270087,45.123507100849004
1.266,1018.5066459003363,False,0.6619736214340609,0.5207545791855015,2.2589248340996186,4046.478107145825,44.89534200329
1.266,1025.297758741975,False,0.6606575566690975,0.5149575740423437,2.252628834129818,4023.9531237067363,44.672852776598845
1.266,1032.0888715836136,False,0.6594087381395244,0.5093159949900817,2.246402235586998,4001.7382681821105,44.455822908665716
1.266,1038.8799844252521,False,0.6582241709492158,0.5038234103240138,2.240243371169559,3979.825560498112,44.244046971492985
1.266,1045.6710972668907,False,0.6571010293404598,0.49847374316183407,2.234150691662119,3958.2075263402,44.037329911322146
1.266,1052.4622101085295,False,0.6560366450056296,0.49326124716749115,2.2281227476564207,3936.877125144357,43.83548639318628
1.266,1059.2533229501682,False,0.6550284963529258,0.4881804842468558,2.2221581750382287,3915.8276926197846,43.63834019504021
1.266,1066.0444357918068,False,0.6540741986366391,0.48322630403058087,2.216255683344467,3895.0528943605077,43.44572364711404
1.266,1072.8355486334453,False,0.6531714948717745,0.47839382497898064,2.2104140463329536,3874.546688017306,43.25747711256585
1.266,1079.6266614750841,False,0.6523182474614293,0.4736784169611206,2.204632094275535,3854.3032921482472,43.07344850590485
1.266,1086.4177743167227,False,0.6515124304724351,0.4690756851753278,2.1989087076063853,3834.317160330675,42.89349284598614
1.266,1093.2088871583614,False,0.6507521225016443,0.4645814552920498,2.1932428116453275,3814.5829594560832,42.71747184070065
1.266,1100.0,False,0.6500355000807454,0.4601917597117387,2.1876333721807852,3795.09555137812,42.5452535007418
1.285,420.8887158361356,False,,,,,
1.285,427.67982867777425,False,,,,,
1.285,434.47094151941286,False,,,,,
1.285,441.2620543610515,False,,,,,
1.285,448.0531672026902,False,,,,,
1.285,454.8442800443288,False,,,,,
1.285,461.63539288596746,False,,,,,
1.285,468.4265057276061,False,,,,,
1.285,475.21761856924473,False,,,,,
1.285,482.0087314108834,False,,,,,
1.285,488.799844252522,False,,,,,
1.285,495.5909570941607,False,,,,,
1.285,502.38206993579934,False,,,,,
1.285,509.17318277743794,False,,,,,
1.285,515.9642956190767,False,,,,,
1.285,522.7554084607152,False,,,,,
1.285,529.5465213023539,False,,,,,
1.285,536.3376341439925,False,,,,,
1.285,543.1287469856312,False,,,,,
1.285,549.9198598272699,False,,,,,
1.285,556.7109726689084,False,,,,,
1.285,563.5020855105471,False,27.95968022860607,56.922493378909,inf,inf,490.7943773654702
1.285,570.2931983521858,False,8.253936019619813,16.42097107797655,inf,inf,262.18698311119437
1.285,577.0843111938244,False,4.977511074049737,9.681843020671742,inf,inf,200.3235672960623
1.285,583.8754240354631,False,3.629818686531183,6.90639042544061,inf,inf,168.4184214394567
1.285,590.6665368771016,False,2.895522810890184,5.391589453214909,inf,inf,148.17937413877272
1.285,597.4576497187403,False,2.4337845373235445,4.437008939612256,inf,inf,133.90000977213265
1.285,604.248762560379,False,2.116821157291422,3.7800489442503054,inf,inf,123.14565756020836
1.285,611.0398754020176,False,1.8859305024709838,3.30007063965282,inf,inf,114.67932828320693
1.285,617.8309882436563,False,1.710366880381393,2.933886275424741,inf,inf,107.7970837515695
1.285,624.6221010852948,False,1.5724691082743971,2.6451972230578735,inf,inf,102.06491786240015
1.285,631.4132139269336,False,1.4613693207690952,2.411665522234582,inf,inf,97.19875427946167
1.285,638.2043267685722,False,1.370013208696741,2.2187904265963185,inf,inf,93.0038115447808
1.285,644.9954396102108,False,1.2936221875932772,2.056748121468181,inf,inf,89.34147924932701
1.285,651.7865524518495,False,1.2288441950942275,1.9186465792828729,inf,inf,86.11007346462696
1.285,658.5776652934882,False,1.1732583449323681,1.7995075947175718,inf,inf,83.23308312419802
1.285,665.3687781351268,False,1.1250725837893412,1.6956454443786682,inf,inf,80.65168818340643
1.285,672.1598909767654,False,1.082931967076379,1.604272871499129,inf,inf,78.31982797620294
1.285,678.951003818404,False,1.0457930494558445,1.5232429390775508,inf,inf,76.20085217469145
1.285,685.7421166600427,False,1.0128392365527255,1.4508750605296092,inf,inf,74.26518708530628
1.285,692.5332295016814,False,0.9834223174005576,1.3858348336979471,inf,inf,72.48867241315578
1.285,699.32434234332,False,0.9570211936820324,1.327049215958777,inf,inf,70.85135210001714
1.285,706.1154551849586,False,0.933212180446831,1.2736454801740575,inf,inf,69.3365796317183
1.285,712.9065680265974,False,0.9116472621082318,1.2249065200124907,inf,inf,67.93034550788211
1.285,719.6976808682359,False,0.8920379238717578,1.1802376138931856,inf,inf,66.62076448568632
1.285,726.4887937098746,False,0.8741429590509124,1.1391413603504572,inf,inf,65.39767959117208
1.285,733.2799065515132,False,0.8577591565345482,1.101198532965455,inf,inf,64.25235271983328
1.285,740.0710193931518,False,0.8427141047193554,1.0660532853879505,inf,inf,63.17722030488235
1.285,746.8621322347906,False,0.8288605712003284,1.0334015952079398,inf,inf,62.165698477259
1.285,753.6532450764291,False,0.8160720698270951,1.002982148455562,inf,inf,61.21202629138562
1.285,760.4443579180678,False,0.8042393324203659,0.9745690837034718,inf,inf,60.31113853029603
1.285,767.2354707597065,False,0.7932674768398296,0.9479661676402794,inf,inf,59.458561714566656
1.285,774.026583601345,False,0.783073716167874,0.923002083055707,inf,inf,58.650328474306434
1.285,780.8176964429838,False,0.773585492103166,0.8995265889520141,inf,inf,57.88290657247722
1.285,787.6088092846223,False,0.764738943659726,0.8774073700447318,inf,inf,57.15313970739119
1.285,794.399922126261,False,0.7564776429424036,0.8565274354080696,inf,inf,56.458197852843035
1.285,801.1910349678997,False,0.7487515451887836,0.8367829577104415,inf,inf,55.795535372495976
1.285,807.9821478095383,False,0.7415161118736292,0.8180814683398261,inf,inf,55.16285551086122
1.285,814.773260651177,False,0.7347315744859163,0.8003403418339442,inf,inf,54.55808014531361
1.285,821.5643734928155,False,0.7283623133360256,0.7834855168992307,inf,inf,53.97932390281715
1.285,828.3554863344542,False,0.7223763309571668,0.7674504120041982,inf,inf,53.42487191669585
1.285,835.1465991760929,False,0.7167448037118177,0.7521750018506689,inf,inf,52.89316063411957
1.285,841.9377120177315,False,0.7114416983807615,0.7376050275359768,inf,inf,52.382761192351516
1.285,848.7288248593702,False,0.706443443007056,0.7236913183474645,inf,inf,51.892364967542655
1.285,855.5199377010088,False,0.7017286432446427,0.7103892071954548,inf,inf,51.42077096870962
1.285,862.3110505426475,False,0.6972778370378611,0.6976580249319215,inf,inf,50.96687480513406
1.285,869.1021633842861,False,0.6930732817221491,0.6854606614007156,inf,inf,50.52965900055587
1.285,875.8932762259248,False,0.6890987686551453,0.6737631831599874,2.4047684346605123,4585.853329120155,50.108184464363035
1.285,882.6843890675634,False,0.6853394613127103,0.6625344995144025,2.3950578446930226,4548.892239094837,49.70158296016381
1.285,889.475501909202,False,0.6817817534564278,0.6517460698764249,2.3861699340744806,4515.193570110361,49.30905043699403
1.285,896.2666147508407,False,0.6784131445286399,0.6413716466058503,2.377674403575244,4483.099728822936,48.92984110897415
1.285,903.0577275924793,False,0.6752221298823285,0.6313870484048542,2.369437717869334,4452.093023703486,48.563262186301806
1.285,909.848840434118,False,0.6721981038258061,0.6217699601118318,2.361397958973835,4421.9314134802,48.208669174721834
1.285,916.6399532757566,False,0.6693312737702781,0.6124997553712753,2.3535205228979206,4392.478198239959,47.86546167252061
1.285,923.4310661173952,False,0.6666125840249842,0.6035573391845308,2.345783741862766,4363.646680438962,47.533079604116224
1.285,930.222178959034,False,0.6640336479985048,0.5949250077863305,2.3381729382735412,4335.37725256175,47.2109998377523
1.285,937.0132918006725,False,0.6615866877441957,0.5865863236608249,2.33067756747949,4307.626374731329,46.89873314195158
1.285,943.8044046423112,False,0.6592644799381949,0.5785260038205613,2.3232896948318404,4280.36069308905,46.595821441437174
1.285,950.5955174839498,False,0.6570603075056267,0.5707298197333366,2.31600311950533,4253.553652102946,46.30183533839684
1.285,957.3866303255885,False,0.6549679162180038,0.563184507502835,2.3088128398807184,4227.183424985509,46.01637186936664
1.285,964.1777431672272,False,0.6529814756759253,0.555877687096499,2.301714711722245,4201.231588684528,45.73905247177807
1.285,970.9688560088657,False,0.6510955441689518,0.5487977895738986,2.294705221134679,4175.682242473116,45.46952113746246
1.285,977.7599688505044,False,0.6493050369705609,0.5419339914049633,2.287781328903194,4150.52140261259,45.20744273318388
1.285,984.551081692143,False,0.647605197682856,0.5352761550841529,2.280940360879152,4125.736575218825,44.95250147068535
1.285,991.3421945337817,False,0.6459915722942697,0.5288147753466712,2.274179928993141,4101.316447741938,44.704399510812245
1.285,998.1333073754204,False,0.644459985655407,0.522540930378998,2.2674978731968407,4077.250661553981,44.46285568808853
1.285,1004.924420217059,False,0.6430065201141358,0.5164462374901738,2.2608922180311284,4053.529641261559,44.22760434368586
1.285,1011.7155330586976,False,0.6416274960823117,0.5105228127745652,2.2543611396283287,4030.144464516309,43.99839425610049
1.285,1018.5066459003363,False,0.6403194543335181,0.5047632343524387,2.2479029402901958,4007.0867612542747,43.7749876600466
1.285,1025.297758741975,False,0.6390791398545971,0.49916050882294605,2.2415160286540634,3984.3486346642417,43.557159345117604
1.285,1032.0888715836136,False,0.6379034870942784,0.4937080406062716,2.2351989040398497,3961.9225984309337,43.34469582669079
1.285,1038.8799844252521,False,0.6367896064699823,0.4883996038883316,2.2289501439650223,3939.8015263260977,43.13739458235389
1.285,1045.6710972668907,False,0.6357347720093606,0.48322931691344034,2.2227683940879213,3917.978611278981,42.9350633478394
1.285,1052.4622101085295,False,0.6347364100169259,0.47819161839854646,2.2166523600320622,3896.4473318025293,42.7375194670855
1.285,1059.2533229501682,False,0.6337920886679105,0.47328124586716597,2.210600800681499,3875.2014241842653,42.544589291588025
1.285,1066.0444357918068,False,0.632899508442181,0.46849321572292996,2.204612522636866,3854.23485923673,42.35610762470601
1.285,1072.8355486334453,False,0.6320564933201137,0.4638228049016127,2.19868637559464,3833.5418226850484,42.17191720700911
1.285,1079.6266614750841,False,0.6312609826706633,0.4592655339574649,2.192821248466356,3813.116698479378,41.99186823914852
1.285,1086.4177743167227,False,0.6305110237689758,0.45481715145447976,2.187016066095085,3792.954054477346,41.815817939072254
1.285,1093.2088871583614,False,0.6298047648873245,0.4504736195464241,2.1812697864571775,3773.0486300606326,41.64363013071219
1.285,1100.0,False,0.6291404489088104,0.4462311006411499,2.175581398260763,3753.395325341022,41.475174861544325
1.304,420.8887158361356,False,,,,,
1.304,427.67982867777425,False,,,,,
1.304,434.47094151941286,False,,,,,
1.304,441.2620543610515,False,,,,,
1.304,448.0531672026902,False,,,,,
1.304,454.8442800443288,False,,,,,
1.304,461.63539288596746,False,,,,,
1.304,468.4265057276061,False,,,,,
1.304,475.21761856924473,False,,,,,
1.304,482.0087314108834,False,,,,,
1.304,488.799844252522,False,,,,,
1.304,495.5909570941607,False,,,,,
1.304,502.38206993579934,False,,,,,
1.304,509.17318277743794,False,,,,,
1.304,515.9642956190767,False,,,,,
1.304,522.7554084607152,False,,,,,
1.304,529.5465213023539,False,,,,,
1.304,536.3376341439925,False,,,,,
1.304,543.1287469856312,False,,,,,
1.304,549.9198598272699,False,,,,,
1.304,556.7109726689084,False,,,,,
1.304,563.5020855105471,False,49.82563976349356,101.97181092343945,inf,inf,657.3298154496132
1.304,570.2931983521858,False,9.064422890231773,18.125994765182465,inf,inf,275.48169791514266
1.304,577.0843111938244,False,5.141308075329695,10.050648626141516,inf,inf,204.00790374632945
1.304,583.8754240354631,False,3.661058013046733,7.0000365719701065,inf,inf,169.39376764719313
1.304,590.6665368771016,False,2.8841821857534153,5.396284834500409,inf,inf,148.03469311968828
1.304,597.4576497187403,False,2.4059042617980912,4.406822835676791,inf,inf,133.1998175024561
1.304,604.248762560379,False,2.082044101758392,3.735087143631582,inf,inf,122.14009698405576
1.304,611.0398754020176,False,1.8483761743706464,3.2489693479244077,inf,inf,113.49532531982726
1.304,617.8309882436563,False,1.6719543871484202,2.880698620052809,inf,inf,106.50520829649055
1.304,624.6221010852948,False,1.534136549111425,2.5919255671130355,inf,inf,100.70705292232387
1.304,631.4132139269336,False,1.4235816579094633,2.359318665975838,inf,inf,95.80098537164176
1.304,638.2043267685722,False,1.3329942625445714,2.1678678659104205,inf,inf,91.58298512020022
1.304,644.9954396102108,False,1.2574682419876213,2.0074779515986942,inf,inf,87.90877621547521
1.304,651.7865524518495,False,1.1935826642370397,1.8711088262807194,inf,inf,84.67306571058737
1.304,658.5776652934882,False,1.1388793233481291,1.753700852981964,inf,inf,81.79697104255811
1.304,665.3687781351268,False,1.0915463330531658,1.651524026782628,inf,inf,79.22007347567948
1.304,672.1598909767654,False,1.0502188122194978,1.5617679906236435,inf,inf,76.89521155329722
1.304,678.951003818404,False,1.0138490448790591,1.4822749526966819,inf,inf,74.78496357883589
1.304,685.7421166600427,False,0.981619413172582,1.411360583759771,inf,inf,72.85920747018842
1.304,692.5332295016814,False,0.9528825196454809,1.3476908410089143,inf,inf,71.09338847825607
1.304,699.32434234332,False,0.9271190830298193,1.2901953512039785,inf,inf,69.4672641914613
1.304,706.1154551849586,False,0.9039077425973477,1.2380052895582105,inf,inf,67.96397879383592
1.304,712.9065680265974,False,0.882903018396479,1.1904080354696125,inf,inf,66.569369119102
1.304,719.6976808682359,False,0.8638189679774918,1.1468135463084101,inf,inf,65.27143688517967
1.304,726.4887937098746,False,0.8464168927873525,1.1067290618490682,inf,inf,64.05994203497065
1.304,733.2799065515132,False,0.8304959699386926,1.069739826708037,inf,inf,62.926085653422575
1.304,740.0710193931518,False,0.8158860281771495,1.0354942239129576,inf,inf,61.862260039397
1.304,746.8621322347906,False,0.8024419165159399,1.003692185088178,inf,inf,60.86184974742846
1.304,753.6532450764291,False,0.7900390703929585,0.9740760644187548,inf,inf,59.919071754925184
1.304,760.4443579180678,False,0.7785699884142046,0.9464233861345259,inf,inf,59.02884597699042
1.304,767.2354707597065,False,0.7679414087221301,0.9205410315341673,inf,inf,58.18668954770776
1.304,774.026583601345,False,0.7580720280958391,0.8962605427878887,inf,inf,57.38862988040528
1.304,780.8176964429838,False,0.748890645852818,0.8734343009047995,inf,inf,56.6311326893493
1.304,787.6088092846223,False,0.7403346430265597,0.8519323936812355,inf,inf,55.911042023612346
1.304,794.399922126261,False,0.732348728227282,0.8316400325072107,inf,inf,55.22553001489776
1.304,801.1910349678997,False,0.7248838971758129,0.8124554089642292,inf,inf,54.57205453391124
1.304,807.9821478095383,False,0.7178965646107711,0.7942879062374304,inf,inf,53.94832332623008
1.304,814.773260651177,False,0.7113478361473398,0.7770565986294369,inf,inf,53.35226348846844
1.304,821.5643734928155,False,0.7052028944530165,0.7606889864263068,inf,inf,52.78199537050338
1.304,828.3554863344542,False,0.6994304793354148,0.7451199241250437,inf,inf,52.235810165449
1.304,835.1465991760929,False,0.6940024453960123,0.7302907083830329,inf,inf,51.71215058756045
1.304,841.9377120177315,False,0.688893384076785,0.7161482985779146,inf,inf,51.209594148047074
1.304,848.7288248593702,False,0.6840802994228352,0.702644648002536,inf,inf,50.72683862631792
1.304,855.5199377010088,False,0.6795423288605131,0.6897361277863279,2.42161589331462,4650.334057761272,50.262689404419
1.304,862.3110505426475,False,0.6752605018649378,0.6773830288738503,2.41160386336595,4611.960477821157,49.816048389099834
1.304,869.1021633842861,False,0.6712175306512134,0.665549129985296,2.402305106397446,4576.463089146153,49.38590429188047
1.304,875.8932762259248,False,0.667397628039447,0.6542013215736129,2.3933808535263603,4542.524308195796,48.97132407497929
1.304,882.6843890675634,False,0.6637863484648908,0.6433092774835308,2.384713424176251,4509.683135233027,48.57144540161656
1.304,889.475501909202,False,0.6603704487733312,0.6328451673937671,2.3762458385672875,4477.71423497218,48.18546995447945
1.304,896.2666147508407,False,0.6571377659878002,0.6227834042475764,2.367945488413556,4446.487092551888,47.81265750699013
1.304,903.0577275924793,False,0.6540771096809025,0.6131004217994337,2.3597916399771317,4415.917504203505,47.45232064933305
1.304,909.848840434118,False,0.6511781669567479,0.603774478166422,2.3517700904048224,4385.946810697665,47.10382008563906
1.304,916.6399532757566,False,0.6484314183520304,0.5947854819021823,2.3438705436404805,4356.531688177057,46.76656043077952
1.304,923.4310661173952,False,0.6458280632201376,0.5861148376346194,2.3360851905824487,4327.638617991314,46.43998644537113
1.304,930.222178959034,False,0.6433599533739174,0.5777453087446948,2.328407883367835,4299.240666872744,46.123579656119894
1.304,937.0132918006725,False,0.6410195339401578,0.5696608949289135,2.3208336275705803,4271.315504318279,45.81685531585396
1.304,943.8044046423112,False,0.6387997905278563,0.5618467227949006,2.313358255656065,4243.844125868738,45.51935966371741
1.304,950.5955174839498,False,0.6366942019377899,0.5542889478979235,2.305978209188977,4216.810000213519,45.230667451200226
1.304,957.3866303255885,False,0.6346966977472203,0.546974666844955,2.2986903890860115,4190.1984816481045,44.9503797041332
1.304,964.1777431672272,False,0.6328016201933142,0.5398918382780297,2.29149204996946,4163.996394618679,44.67812169456594
1.304,970.9688560088657,False,0.6310036898557134,0.533029211706604,2.284380723963255,4138.191733227652,44.41354109972698
1.304,977.7599688505044,False,0.6292979747037016,0.5263762632928973,2.277354164658593,4112.773439543711,44.15630632805782
1.304,984.551081692143,False,0.6276798621295064,0.519923137809472,2.2704103052063997,4087.7312371448515,43.906104994749946
1.304,991.3421945337817,False,0.6261450336370444,0.513660596086896,2.2635472264990826,4063.05550413826,43.662642531301884
1.304,998.1333073754204,False,0.6246894418965914,0.5075799673542,2.2567631326829325,4038.7371748880196,43.42564091543136
1.304,1004.924420217059,False,0.6233092899115344,0.501673105948151,2.2500563320789015,4014.7676629441276,43.19483750926505
1.304,1011.7155330586976,False,0.6220010120737919,0.49593235193039575,2.2434252221483897,3991.138799847369,42.96998399509219
1.304,1018.5066459003363,False,0.6207612569112786,0.490350495206482,2.2368682775218467,3967.842785972459,42.75084539918046
1.304,1025.297758741975,False,0.6195868713537745,0.48492074278824265,2.2303840403724453,3944.8721506044076,42.53719919519883
1.304,1032.0888715836136,False,0.6184748863635461,0.47963668888235755,2.223971112603489,3922.2197191710657,42.32883447971021
1.304,1038.8799844252521,False,0.6174225037947809,0.4744922875241367,2.217628149451751,3899.8785860763383,42.125551213015825
1.304,1045.6710972668907,False,0.6164270843608782,0.4694818275068746,2.211353854205523,3877.8420919559107,41.927159519331234
1.304,1052.4622101085295,False,0.6154861366023481,0.46459990938496115,2.205146973807285,3856.1038044551397,41.73347904091755
1.304,1059.2533229501682,False,0.6145973067595218,0.4598414243529396,2.199006295163443,3834.657501834127,41.544338341333
1.304,1066.0444357918068,False,0.6137583694647772,0.455201534824108,2.1929306420231973,3813.4971588596386,41.35957435346889
1.304,1072.8355486334453,False,0.612967219177964,0.45067565655093395,2.186918872318374,3792.6169345599483,41.179031868465955
1.304,1079.6266614750841,False,0.6122218622967976,0.44625944214612256,2.1809698758789717,3772.01116150817,41.0025630619961
1.304,1086.4177743167227,False,0.611520409880953,0.4419487658777039,2.17508257245669,3751.6743363680243,40.83002705473343
1.304,1093.2088871583614,False,0.6108610709349713,0.437739709624511,2.169255910002269,3731.6011114890794,40.661289504150346
1.304,1100.0,False,0.6102421462005605,0.4336285498898252,2.1634888631532556,3711.786287380471,40.49622222504402
1.323,420.8887158361356,False,,,,,
1.323,427.67982867777425,False,,,,,
1.323,434.47094151941286,False,,,,,
1.323,441.2620543610515,False,,,,,
1.323,448.0531672026902,False,,,,,
1.323,454.8442800443288,False,,,,,
1.323,461.63539288596746,False,,,,,
1.323,468.4265057276061,False,,,,,
1.323,475.21761856924473,False,,,,,
1.323,482.0087314108834,False,,,,,
1.323,488.799844252522,False,,,,,
1.323,495.5909570941607,False,,,,,
1.323,502.38206993579934,False,,,,,
1.323,509.17318277743794,False,,,,,
1.323,515.9642956190767,False,,,,,
1.323,522.7554084607152,False,,,,,
1.323,529.5465213023539,False,,,,,
1.323,536.3376341439925,False,,,,,
1.323,543.1287469856312,False,,,,,
1.323,549.9198598272699,False,,,,,
1.323,556.7109726689084,False,,,,,
1.323,563.5020855105471,False,545.5396272307997,1122.3216037379593,inf,inf,2182.9210736300633
1.323,570.2931983521858,False,10.301066806916614,20.704087343644172,inf,inf,294.53961737652895
1.323,577.0843111938244,False,5.382144918134402,10.573986875031482,inf,inf,209.22082796702875
1.323,583.8754240354631,False,3.723258675480293,7.153732484624108,inf,inf,171.13221974763334
1.323,590.6665368771016,False,2.8906731664269905,5.434277763850472,inf,inf,148.39044792968923
1.323,597.4576497187403,False,2.3904415099280425,4.398988251785863,inf,inf,132.87797227500937
1.323,604.248762560379,False,2.056898826871677,3.7068900785533025,inf,inf,121.44494845028983
1.323,611.0398754020176,False,1.818795150587647,3.2113319319392426,inf,inf,112.5791579131073
1.323,617.8309882436563,False,1.640422737367486,2.838815034673933,inf,inf,105.45215135483512
1.323,624.6221010852948,False,1.5019110688213082,2.548436853749399,inf,inf,99.5669726085006
1.323,631.4132139269336,False,1.391322945580301,2.315623459089553,inf,inf,94.60502324901604
1.323,638.2043267685722,False,1.301054535611838,2.124720157262268,inf,inf,90.35137806012351
1.323,644.9954396102108,False,1.2260326144509213,1.965281057905457,inf,inf,86.65508510822382
1.323,651.7865524518495,False,1.162742658831944,1.8300686837082034,inf,inf,83.40659675261598
1.323,658.5776652934882,False,1.1086729175453713,1.7139097375988992,inf,inf,80.52422821263107
1.323,665.3687781351268,False,1.0619805771308213,1.6130079835127664,inf,inf,77.94566416388056
1.323,672.1598909767654,False,1.0212829688254803,1.5245144873114143,inf,inf,75.6224298965978
1.323,678.951003818404,False,0.9855223855961924,1.446249363184869,inf,inf,73.51617675991882
1.323,685.7421166600427,False,0.9538759127939999,1.3765161686663157,inf,inf,71.59611770709579
1.323,692.5332295016814,False,0.9256937048007107,1.3139748488443717,inf,inf,69.83721441905836
1.323,699.32434234332,False,0.9004557609192758,1.2575527573236942,inf,inf,68.21886879342613
1.323,706.1154551849586,False,0.87774103963125,1.2063810735065197,inf,inf,66.72396091257421
1.323,712.9065680265974,False,0.8572049887591571,1.159748542851418,inf,inf,65.33813002521931
1.323,719.6976808682359,False,0.838562932294576,1.1170672725480018,inf,inf,64.04922916803416
1.323,726.4887937098746,False,0.8215776070635434,1.077847069484668,inf,inf,62.84690594809641
1.323,733.2799065515132,False,0.8060496881736776,1.0416759307059495,inf,inf,61.72227638493844
1.323,740.0710193931518,False,0.7918104991744821,1.008205031318394,inf,inf,60.66766834495804
1.323,746.8621322347906,False,0.7787163409365544,0.9771370448198201,inf,inf,59.676417675302304
1.323,753.6532450764291,False,0.7666440348575609,0.9482169634468569,inf,inf,58.742704706123966
1.323,760.4443579180678,False,0.7554873874845985,0.9212248155976764,inf,inf,57.86142200403457
1.323,767.2354707597065,False,0.7451543617016857,0.8959698380566471,inf,inf,57.02806655591689
1.323,774.026583601345,False,0.7355647950414074,0.8722857748010493,inf,inf,56.238651224286585
1.323,780.8176964429838,False,0.7266485455152792,0.8500270561664602,inf,inf,55.48963153282004
1.323,787.6088092846223,False,0.7183439743352469,0.8290656717955693,inf,inf,54.77784474238849
1.323,794.399922126261,False,0.7105966962100564,0.8092885946635902,inf,inf,54.100458852738875
1.323,801.1910349678997,False,0.7033585437348789,0.7905956460688034,inf,inf,53.45492967486384
1.323,807.9821478095383,False,0.6965867042704018,0.7728977159279229,inf,inf,52.83896450786255
1.323,814.773260651177,False,0.6902429966980461,0.756115271223563,inf,inf,52.2504912530315
1.323,821.5643734928155,False,0.6842932623000831,0.7401770995778207,inf,inf,51.68763202960765
1.323,828.3554863344542,False,0.678706849292795,0.7250192457947506,inf,inf,51.14868053749448
1.323,835.1465991760929,False,0.6734561746330014,0.7105841076393928,2.4415005123796862,4727.018202062707,50.63208255456637
1.323,841.9377120177315,False,0.6685163499126159,0.6968196636976794,2.4306187809803568,4684.97560357272,50.13641906876156
1.323,848.7288248593702,False,0.6638648606659467,0.6836788113297073,2.4206893570423134,4646.776202928327,49.660391634878046
1.323,855.5199377010088,False,0.6594812903996752,0.6711187968162821,2.4112035094663793,4610.42932825977,49.202809617883666
1.323,862.3110505426475,False,0.6553470822344684,0.6591007230502239,2.4020090513016146,4575.335171024348,48.76257904247697
1.323,869.1021633842861,False,0.6514453323108044,0.6475891227258679,2.3930366533662237,4541.217850710604,48.33869281557958
1.323,875.8932762259248,False,0.6477606101280401,0.63655158707336,2.384248043118353,4507.923161642564,47.9302221266693
1.323,882.6843890675634,False,0.64427880180746,0.6259584418767793,2.375619477216864,4475.353959411085,47.53630886213489
1.323,889.475501909202,False,0.6409869729381397,0.6157824638908179,2.367134983057246,4443.443707602866,47.156158895564445
1.323,896.2666147508407,False,0.637873248209491,0.6059986318935623,2.3587831397376937,4412.14386406316,46.789036137105164
1.323,903.0577275924793,False,0.6349267054816472,0.5965839075340812,2.3505553753975557,4381.417201674732,46.4342572426514
1.323,909.848840434118,False,0.6321372823129955,0.5875170418920184,2.3424449945790555,4351.2339885502715,46.091186898275026
1.323,916.6399532757566,False,0.6294956932688031,0.5787784042938788,2.3344465888155215,4321.569670424374,45.75923360757236
1.323,923.4310661173952,False,0.6269933565877792,0.5703498304516913,2.326555662341842,4292.403396889022,45.43784591988753
1.323,930.222178959034,False,0.6246223289940317,0.5622144874238001,2.318768385200337,4263.717047676263,45.12650904602095
1.323,937.0132918006725,False,0.6223752476182951,0.5543567532609138,2.3110814251706295,4235.494568521986,44.82474181535605
1.323,943.8044046423112,False,0.6202452781401728,0.5467621095053239,2.3034918302760734,4207.7215057819885,44.532093934529925
1.323,950.5955174839498,False,0.6182260683877346,0.5394170449680115,2.2959969447609385,4180.384672651436,44.248143513045534
1.323,957.3866303255885,False,0.6163117067361765,0.5323089694254162,2.2885943478086275,4153.47190484991,43.97249482572348
1.323,964.1777431672272,False,0.6144966847363683,0.5254261360614625,2.2812818080674564,4126.9718785325595,43.704776285730574
1.323,970.9688560088657,False,0.6127758634800363,0.5187575716368626,2.2740572493852547,4100.873972354508,43.44463860522495
1.323,977.7599688505044,False,0.6111444432729602,0.5122930135009954,2.2669187246322333,4075.1681614217073,43.19175312349313
1.323,984.551081692143,False,0.6095979362428374,0.5060228526756414,2.2598643954514546,4049.8449346328957,42.945810284900176
1.323,991.3421945337817,False,0.6081321415558968,0.4999380823375957,2.252892516413859,4024.8952294233704,42.70651825109163
1.323,998.1333073754204,False,0.6067431229569894,0.4940302511111102,2.2460014224868865,4000.3103796198375,42.47360163371478
1.323,1004.924420217059,False,0.6054271883830725,0.4882914206535643,2.23918951902396,3976.0820732882285,42.24680033552408
1.323,1011.7155330586976,False,0.6041808714302231,0.48271412708021494,2.232455273691257,3952.202318278784,42.02586848911804
1.323,1018.5066459003363,False,0.6030009144806051,0.47729134582803756,2.225797209897068,3928.6634137581846,41.81057348376681
1.323,1025.297758741975,False,0.6018842533185504,0.4720164596056251,2.219213901396517,3905.457926441113,41.60069507184623
1.323,1032.0888715836136,False,0.6008280030847496,0.46688322911699365,2.2127039678228573,3882.5786705420833,41.39602454732374
1.323,1038.8799844252521,False,0.5998294454347455,0.46188576628270145,2.2062660709545483,3860.01869069632,41.19636398955154
1.323,1045.6710972668907,False,0.5988860167830651,0.4570185097128588,2.199898911570556,3837.7712472685043,41.00152556634399
1.323,1052.4622101085295,False,0.5979952975274007,0.4522762022137257,2.1936012267789136,3815.829803596233,40.81133089093996
1.323,1059.2533229501682,False,0.597155002158957,0.4476538701335872,2.187371787728381,3794.1880148124956,40.625610428018085
1.323,1066.0444357918068,False,0.5963629701750918,0.44314680437444265,2.1812093976319664,3772.8397179658377,40.44420294441639
1.323,1072.8355486334453,False,0.5956171577194012,0.4387505429145779,2.1751128900458694,3751.778923214892,40.266955000650704
1.323,1079.6266614750841,False,0.5949156298822742,0.4344608547033536,2.169081127358343,3730.9998059171244,40.093720479713426
1.323,1086.4177743167227,False,0.5942565536018217,0.4302737248038617,2.163112999452029,3710.496699467127,39.92436014997515
1.323,1093.2088871583614,False,0.5936381911113999,0.4261853406719381,2.157207422514179,3690.264088780472,39.758741259326776
1.323,1100.0,False,0.5930588938851833,0.42219207947113174,2.151363337961514,3670.296604295597,39.59673715796289
1.342,420.8887158361356,False,,,,,
1.342,427.67982867777425,False,,,,,
1.342,434.47094151941286,False,,,,,
1.342,441.2620543610515,False,,,,,
1.342,448.0531672026902,False,,,,,
1.342,454.8442800443288,False,,,,,
1.342,461.63539288596746,False,,,,,
1.342,468.4265057276061,False,,,,,
1.342,475.21761856924473,False,,,,,
1.342,482.0087314108834,False,,,,,
1.342,488.799844252522,False,,,,,
1.342,495.5909570941607,False,,,,,
1.342,502.38206993579934,False,,,,,
1.342,509.17318277743794,False,,,,,
1.342,515.9642956190767,False,,,,,
1.342,522.7554084607152,False,,,,,
1.342,529.5465213023539,False,,,,,
1.342,536.3376341439925,False,,,,,
1.342,543.1287469856312,False,,,,,
1.342,549.9198598272699,False,,,,,
1.342,556.7109726689084,False,,,,,
1.342,563.5020855105471,False,,,,,
1.342,570.2931983521858,False,12.276830788356046,24.80052807796951,inf,inf,322.5975163299503
1.342,577.0843111938244,False,5.7197479962033135,11.293063698031755,inf,inf,216.25302512314653
1.342,583.8754240354631,False,3.8189449675937555,7.373221461699903,inf,inf,173.67728398143538
1.342,590.6665368771016,False,2.91480220119591,5.5056833794062845,inf,inf,149.2406473115262
1.342,597.4576497187403,False,2.3866093497508594,4.412372003230554,inf,inf,132.9148758172168
1.342,604.248762560379,False,2.0404791435633727,3.6940571962896334,inf,inf,121.03659282896635
1.342,611.0398754020176,False,1.7962903785581108,3.1857586832550373,inf,inf,111.90632001759354
1.342,617.8309882436563,False,1.614919789184682,2.8069133584959824,inf,inf,104.61365231316636
1.342,624.6221010852948,False,1.4749927891055763,2.5135040064998906,inf,inf,98.62107533255939
1.342,631.4132139269336,False,1.363843768942274,2.2794461023320913,inf,inf,93.58805640539799
1.342,638.2043267685722,False,1.2734905425082081,2.088298963315476,inf,inf,89.28698371706307
1.342,644.9954396102108,False,1.1986527312235762,1.929185463975777,inf,inf,85.55917121125087
1.342,651.7865524518495,False,1.1356977930697478,1.7946218177331097,inf,inf,82.2901529528091
1.342,658.5776652934882,False,1.0820447320418853,1.6792897485250151,inf,inf,79.39500655917062
1.342,665.3687781351268,False,1.0358092667870618,1.5793058425896276,inf,inf,76.80922342482091
1.342,672.1598909767654,False,0.9955835983705082,1.491768050201552,inf,inf,74.48280677550028
1.342,678.951003818404,False,0.9602947512822455,1.4144639769834004,inf,inf,72.37632990864115
1.342,685.7421166600427,False,0.9291106178615188,1.3456774019310385,inf,inf,70.45822881067178
1.342,692.5332295016814,False,0.9013759604849372,1.2840564826066467,inf,inf,68.70289680020875
1.342,699.32434234332,False,0.8765677896352765,1.228521858541761,inf,inf,67.08931468656866
1.342,706.1154551849586,False,0.8542636025689232,1.1782012372637514,inf,inf,65.60004717285915
1.342,712.9065680265974,False,0.8341183563446777,1.1323819665584007,inf,inf,64.22049512064194
1.342,719.6976808682359,False,0.8158474956838694,1.0904760754583918,inf,inf,62.93832998757185
1.342,726.4887937098746,False,0.799214256158691,1.051994119678757,inf,inf,61.743060203217915
1.342,733.2799065515132,False,0.7840200368358496,1.016525348380541,inf,inf,60.625694584585865
1.342,740.0710193931518,False,0.7700970101632116,0.9837224785525974,inf,inf,59.57847812939104
1.342,746.8621322347906,False,0.7573023851450291,0.9532898744969068,inf,inf,58.59468248612362
1.342,753.6532450764291,False,0.7455139077887024,0.9249742757108254,inf,inf,57.66843821456951
1.342,760.4443579180678,False,0.7346262982940694,0.8985574542699902,inf,inf,56.794599332550426
1.342,767.2354707597065,False,0.7245484050866587,0.8738503488495651,inf,inf,55.968633054629386
1.342,774.026583601345,False,0.7152009128784204,0.8506883400672843,inf,inf,55.18652936842834
1.342,780.8176964429838,False,0.7065144828763132,0.8289274161312516,inf,inf,54.44472636578915
1.342,787.6088092846223,False,0.698428232968456,0.808441038956519,inf,inf,53.740048185760365
1.342,794.399922126261,False,0.690888487521081,0.78911756581531,inf,inf,53.06965312830496
1.342,801.1910349678997,False,0.6838477425866626,0.7708581148805478,inf,inf,52.430990026978996
1.342,807.9821478095383,False,0.6772638044288041,0.7535747879523037,inf,inf,51.82176137175567
1.342,814.773260651177,False,0.6710990684153622,0.7371891824930032,inf,inf,51.23989198245896
1.342,821.5643734928155,False,0.665319912300932,0.7216311394516172,2.4524541609925166,4769.528327129193,50.68350227263372
1.342,828.3554863344542,False,0.6598961832733451,0.7068376843835426,2.4415513182424675,4727.214935780927,50.15088533029733
1.342,835.1465991760929,False,0.6548007622825708,0.6927521279077125,2.431333974719225,4687.733056284229,49.64048718858258
1.342,841.9377120177315,False,0.6500091924003583,0.6793232981955782,2.421499627913774,4649.887529494317,49.15088977514163
1.342,848.7288248593702,False,0.6454993604938575,0.6665048834082201,2.4119360565569066,4613.231140395607,48.68079612136651
1.342,855.5199377010088,False,0.6412512234985887,0.6542548661221503,2.4025875347532577,4577.539221332987,48.229017486269925
1.342,862.3110505426475,False,0.6372465721670229,0.6425350350617559,2.3934217604895096,4542.679588507497,47.79446210926781
1.342,869.1021633842861,False,0.6334688264404619,0.6313105620757173,2.384418033194944,4508.565988653207,47.376125354179436
1.342,875.8932762259248,False,0.6299028576136692,0.6205496343998259,2.37556208793583,4475.137734341136,46.97308104587569
1.342,882.6843890675634,False,0.6265348332869782,0.6102231339490802,2.366843524940234,4442.349559600453,46.58447383298002
1.342,889.475501909202,False,0.6233520817706412,0.6003043567625304,2.3582544073745,4410.166080049197,46.20951243629283
1.342,896.2666147508407,False,0.6203429731526386,0.5907687668504537,2.349788441983061,4378.558552095939,45.84746366427992
1.342,903.0577275924793,False,0.6174968146889763,0.5815937796162267,2.3414404740463026,4347.5028728161715,45.497647094921284
1.342,909.848840434118,False,0.6148037585439223,0.5727585707846456,2.333206162490484,4316.978291366816,45.15943033815371
1.342,916.6399532757566,False,0.6122547202121872,0.5642439073960688,2.325081763461666,4286.966549031437,44.83222480561989
1.342,923.4310661173952,False,0.6098413062075725,0.5560319979463703,2.3170639818915673,4257.4512880918655,44.51548192489226
1.342,930.222178959034,False,0.6075557498131101,0.5481063591864737,2.3091498671563113,4228.41763511426,44.2086897441476
1.342,937.0132918006725,False,0.6053908538633412,0.5404516974575443,2.301336738161379,4199.85190068635,43.91136988068609
1.342,943.8044046423112,False,0.603339939677155,0.5330538027422617,2.2936221285548672,4171.741358848077,43.62307477299831
1.342,950.5955174839498,False,0.6013968013834239,0.5258994538682644,2.2860037460059126,4144.074082239991,43.34338520141368
1.342,957.3866303255885,False,0.5995556649867543,0.5189763335162337,2.2784794414965215,4116.838816944624,43.07190804693737
1.342,964.1777431672272,False,0.5978111516092423,0.5122729518679919,2.271047185859934,4090.024886076728,42.808274261768055
1.342,970.9688560088657,False,0.5961582444196823,0.5057785778856667,2.26370505163995,4063.6221145056925,42.55213702833694
1.342,977.7599688505044,False,0.5945922588258334,0.49948317734544034,2.2564511989080738,4037.6207693182787,42.30317008657413
1.342,984.551081692143,False,0.5931088155603439,0.4933773568627572,2.249283864058889,4012.0115121471636,42.06106621158901
1.342,991.3421945337817,False,0.5917038163378743,0.487452313242827,2.2422013508699687,3986.785360542727,41.82553582608348
1.342,998.1333073754204,False,0.590373421801496,0.48169978757375653,2.2352020233000385,3961.9336563068423,41.59630573367715
1.342,1004.924420217059,False,0.5891140315111058,0.4761120235513438,2.228284299632924,3937.4480392367036,41.37311796092446
1.342,1011.7155330586976,False,0.587922265756718,0.4706817295866419,2.221446647671708,3913.320425109853,41.155728697208154
1.342,1018.5066459003363,False,0.5867949490055056,0.4654020443010653,2.214687580758376,3889.542987021677,40.943907322914946
1.342,1025.297758741975,False,0.585729094813918,0.4602665050602966,2.208005654446796,3866.108139394288,40.737435517362044
1.342,1032.0888715836136,False,0.5847218920558991,0.4552690192387892,2.201399463696012,3843.0085241303655,40.53610643888331
1.342,1038.8799844252521,False,0.5837706923352411,0.45040383794186833,2.194867640480517,3820.2369985025753,40.33972397030067
1.342,1045.6710972668907,False,0.5828729984650547,0.44566553194325587,2.1884088517359737,3797.7866244556258,40.14810202373093
1.342,1052.4622101085295,False,0.582026453910293,0.4410489696226985,2.182021797577481,3775.6506590707518,39.96106389930901
1.342,1059.2533229501682,False,0.5812288331008221,0.4365492967120948,2.1757052097420075,3753.8225459990294,39.778441692977545
1.342,1066.0444357918068,False,0.580478032532418,0.43216191767912604,2.1694578502065553,3732.2959076747056,39.60007574898058
1.342,1072.8355486334453,False,0.5797720625820085,0.42788247859572903,2.1632785099620775,3711.064538222051,39.425814153145545
1.342,1079.6266614750841,False,0.5791090399711994,0.42370685135477754,2.1571660079082493,3690.122396920547,39.255512263424066
1.342,1086.4177743167227,False,0.5784871808189878,0.41963111911253725,2.1511191898519524,3669.463602157094,39.089032274509094
1.342,1093.2088871583614,False,0.5779047942306884,0.4156515628470484,2.1451369275921794,3649.082425795238,38.92624281365722
1.342,1100.0,False,0.5773602763754216,0.41176464893367964,2.1392181180776877,3628.9732879054595,38.76701856511705
1.361,420.8887158361356,False,,,,,
1.361,427.67982867777425,False,,,,,
1.361,434.47094151941286,False,,,,,
1.361,441.2620543610515,False,,,,,
1.361,448.0531672026902,False,,,,,
1.361,454.8442800443288,False,,,,,
1.361,461.63539288596746,False,,,,,
1.361,468.4265057276061,False,,,,,
1.361,475.21761856924473,False,,,,,
1.361,482.0087314108834,False,,,,,
1.361,488.799844252522,False,,,,,
1.361,495.5909570941607,False,,,,,
1.361,502.38206993579934,False,,,,,
1.361,509.17318277743794,False,,,,,
1.361,515.9642956190767,False,,,,,
1.361,522.7554084607152,False,,,,,
1.361,529.5465213023539,False,,,,,
1.361,536.3376341439925,False,,,,,
1.361,543.1287469856312,False,,,,,
1.361,549.9198598272699,False,,,,,
1.361,556.7109726689084,False,,,,,
1.361,563.5020855105471,False,,,,,
1.361,570.2931983521858,False,15.753479002084813,31.98459110741997,inf,inf,366.7370780098488
1.361,577.0843111938244,False,6.18671225056855,12.275387324485486,inf,inf,225.567743498707
1.361,583.8754240354631,False,3.9526211328763248,7.66818137746712,inf,inf,177.10742146340488
1.361,590.6665368771016,False,2.957066091378584,5.61191931565524,inf,inf,150.59381069403406
1.361,597.4576497187403,False,2.3940093444157515,4.446534850792747,inf,inf,133.29992891198563
1.361,604.248762560379,False,2.0321579567121697,3.6956651039965047,inf,inf,120.89825453885133
1.361,611.0398754020176,False,1.7801900911756863,3.171222336694978,inf,inf,111.45805589540464
1.361,617.8309882436563,False,1.5947862390160519,2.7839816884424877,inf,inf,103.97053613036711
1.361,624.6221010852948,False,1.4527524134305925,2.486168042852466,inf,inf,97.85038816872756
1.361,631.4132139269336,False,1.340548749325088,2.249889808969921,inf,inf,92.73156127466073
1.361,638.2043267685722,False,1.2497398820775034,2.0577687789748196,inf,inf,88.3718150562227
1.361,644.9954396102108,False,1.1747966050371936,1.8984125189681038,inf,inf,84.60360003353189
1.361,651.7865524518495,False,1.1119435458748343,1.7640410731557812,inf,inf,81.3068366702979
1.361,658.5776652934882,False,1.0585148544244256,1.6491599392134086,inf,inf,78.39291621136955
1.361,665.3687781351268,False,1.012574497313227,1.5497780149791254,inf,inf,75.79483542158705
1.361,672.1598909767654,False,0.9726824999008027,1.462926133009966,inf,inf,73.46086617223852
1.361,678.951003818404,False,0.9377456278399298,1.386349505386599,inf,inf,71.35035407762372
1.361,685.7421166600427,False,0.906918943135323,1.318304949771536,inf,inf,69.43084844881851
1.361,692.5332295016814,False,0.8795390986053178,1.2574234848285,inf,inf,67.67609200961651
1.361,699.32434234332,False,0.8550780413960781,1.202614961413699,inf,inf,66.06458163133128
1.361,706.1154551849586,False,0.8331101938417673,1.1530004530990037,inf,inf,64.57851776469249
1.361,712.9065680265974,False,0.8132887460856129,1.107863414650534,inf,inf,63.20302428845044
1.361,719.6976808682359,False,0.7953282395341338,1.0666137984045656,inf,inf,61.925560176890194
1.361,726.4887937098746,False,0.7789915760562725,1.0287612871042184,inf,inf,60.73546962559424
1.361,733.2799065515132,False,0.7640801941209159,0.9938950504511326,inf,inf,59.62363370316346
1.361,740.0710193931518,False,0.7504265462856656,0.9616682425023028,inf,inf,58.58219751764134
1.361,746.8621322347906,False,0.7378882726744951,0.93178599300756,inf,inf,57.60435428553102
1.361,753.6532450764291,False,0.7263436404822105,0.9039960070456058,inf,inf,56.684172791781606
1.361,760.4443579180678,False,0.7156879397673989,0.8780811349382378,inf,inf,55.816458301041614
1.361,767.2354707597065,False,0.7058306094777431,0.8538534467827839,inf,inf,54.99663951849178
1.361,774.026583601345,False,0.6966929267295261,0.8311494676278885,inf,inf,54.22067602617271
1.361,780.8176964429838,False,0.6882061346209454,0.8098263163592874,inf,inf,53.484981953130294
1.361,787.6088092846223,False,0.6803099144540692,0.7897585543828308,inf,inf,52.78636262024624
1.361,794.399922126261,False,0.672951130643034,0.7708355963387402,inf,inf,52.12196163292448
1.361,801.1910349678997,False,0.6660827931634207,0.7529595692290566,2.4793209271152374,4874.601607819029,51.48921644603449
1.361,807.9821478095383,False,0.6596631947855418,0.7360435318587782,2.465433927546408,4820.147979506935,50.88582084430289
1.361,814.773260651177,False,0.6536551896768246,0.7200099857371058,2.454109894157855,4775.970634712838,50.30969310227723
1.361,821.5643734928155,False,0.6480255870656334,0.7047896232266128,2.4434498873477293,4734.5696316718495,49.758948835955444
1.361,828.3554863344542,False,0.6427446391091298,0.6903202699568478,2.4331734616789773,4694.828984610381,49.23187775120999
1.361,835.1465991760929,False,0.6377856063200235,0.6765459871971107,2.423172892632548,4656.315926867177,48.72692364552689
1.361,841.9377120177315,False,0.6331243871856316,0.6634163066382202,2.413393916651461,4618.809628363999,48.24266713909201
1.361,848.7288248593702,False,0.6287392011822978,0.6508855753276404,2.4038048398414777,4582.178946910357,47.77781070623221
1.361,855.5199377010088,False,0.6246103164150093,0.638912392678675,2.3943852523582283,4546.337711688003,47.331165654137955
1.361,862.3110505426475,False,0.6207198147207473,0.6274591247893315,2.385121035223405,4511.224916937139,46.901640756849496
1.361,869.1021633842861,False,0.61705138835813,0.6164914839526067,2.3760018565010323,4476.794779697065,46.48823230184136
1.361,875.8932762259248,False,0.6135901634366976,0.6059781633642267,2.367019798859395,4443.01128439892,46.09001534665657
1.361,882.6843890675634,False,0.6103225460708869,0.5958905187480713,2.358168555361507,4409.844982594588,45.706136015802876
1.361,889.475501909202,False,0.6072360879183163,0.5862022900098341,2.349442933094728,4377.2710151851525,45.33580469501057
1.361,896.2666147508407,False,0.6043193683115957,0.5768893571624262,2.3408385338085806,4345.26783796547,44.978290002111564
1.361,903.0577275924793,False,0.6015618906428746,0.5679295256942027,2.332351541334159,4313.81637164118,44.63291343214735
1.361,909.848840434118,False,0.5989539910302452,0.5593023373137412,2.323978576021849,4282.899418354084,44.299044589564474
1.361,916.6399532757566,False,0.5964867576006061,0.5509889026346875,2.3157165926549377,4252.5012511534815,43.97609693308596
1.361,923.4310661173952,False,0.5941519589767188,0.54297175288619,2.307562807368835,4222.60731888796,43.66352396950585
1.361,930.222178959034,False,0.591941980767008,0.5352347081690396,2.299514644392379,4193.204030001555,43.3608158416257
1.361,937.0132918006725,False,0.5898497690324372,0.5277627601403697,2.2915696966194643,4164.2785914070055,43.06749626310318
1.361,943.8044046423112,False,0.5878687798525389,0.5205419673142103,2.2837256960065693,4135.818886511683,42.78311975939885
1.361,950.5955174839498,False,0.5859929342365227,0.5135593614208961,2.275980491062748,4107.8133815271085,42.507269179431134
1.361,957.3866303255885,False,0.5842165777301758,0.5068028634843642,2.2683320295312814,4080.2510525050457,42.239553447187475
1.361,964.1777431672272,False,0.5825344441578554,0.5002612084591689,2.2607783449189998,4053.1213277582433,41.97960552649317
1.361,970.9688560088657,False,0.5809416230141036,0.49392387742426636,2.253317545909029,4026.4140418343536,41.7270805755305
1.361,977.7599688505044,False,0.5794335300834541,0.4877810364628029,2.2459478079558632,4000.1193982580903,41.48165427061018
1.361,984.551081692143,False,0.5780058809217459,0.4818234814700774,2.2386673665470185,3974.2279389936307,41.24302128120892
1.361,991.3421945337817,False,0.5766546668790979,0.47604258822853057,2.2314745117477837,3948.7305191048504,41.01089388045264
1.361,998.1333073754204,False,0.5753761333848527,0.47043026717158654,2.2243675837411128,3923.618285470506,40.7850006770972
1.361,1004.924420217059,False,0.5741667602495307,0.4649789223297349,2.2173449691448712,3898.882658689852,40.56508545669281
1.361,1011.7155330586976,False,0.5730232437685823,0.45968141401382145,2.2104050979384002,3874.515317512438,40.35090612102781
1.361,1018.5066459003363,False,0.5719424804386543,0.4545310248439345,2.203546440876248,3850.508185304322,40.14223371618664
1.361,1025.297758741975,False,0.5709215521194345,0.44952142877850015,2.1967675072786674,3826.853418117205,39.93885154063329
1.361,1032.0888715836136,False,0.569957712493595,0.4446466628383968,2.190066843135301,3803.5433941012097,39.74055432567571
1.361,1038.8799844252521,False,0.5690483746943333,0.4399011012559194,2.1834430294523455,3780.5707039878303,39.547147481496616
1.361,1045.6710972668907,False,0.5681910999847546,0.4352794318089608,2.1768946807994847,3757.9281424665824,39.358446402662935
1.361,1052.4622101085295,False,0.5673835873862959,0.43077663412750167,2.170420444018534,3735.6087003030157,39.174275827668666
1.361,1059.2533229501682,False,0.5666236641647051,0.42638795978290783,2.1640189970641543,3713.6055570786602,38.99446924763176
1.361,1066.0444357918068,False,0.5659092770920253,0.42210891399107553,2.1576890479530197,3691.9120744571896,38.818868359765126
1.361,1072.8355486334453,False,0.5652384844117699,0.4179352387785435,2.1514293338024353,3670.5217898993756,38.64732256168541
1.361,1079.6266614750841,False,0.5646094484422137,0.4138628974766375,2.1452386199437012,3649.4284107659882,38.47968848301754
1.361,1086.4177743167227,False,0.5640204287594592,0.40988806042273185,2.1391156990975095,3628.625808756164,38.31582955109919
1.361,1093.2088871583614,False,0.5634697759080322,0.40600709176020133,2.13305939060197,3608.1080146412937,38.15561558790458
1.361,1100.0,False,0.5629559255919433,0.4022165372395511,2.127068539685823,3587.8692132621327,37.998922435576524
1.38,420.8887158361356,False,,,,,
1.38,427.67982867777425,False,,,,,
1.38,434.47094151941286,False,,,,,
1.38,441.2620543610515,False,,,,,
1.38,448.0531672026902,False,,,,,
1.38,454.8442800443288,False,,,,,
1.38,461.63539288596746,False,,,,,
1.38,468.4265057276061,False,,,,,
1.38,475.21761856924473,False,,,,,
1.38,482.0087314108834,False,,,,,
1.38,488.799844252522,False,,,,,
1.38,495.5909570941607,False,,,,,
1.38,502.38206993579934,False,,,,,
1.38,509.17318277743794,False,,,,,
1.38,515.9642956190767,False,,,,,
1.38,522.7554084607152,False,,,,,
1.38,529.5465213023539,False,,,,,
1.38,536.3376341439925,False,,,,,
1.38,543.1287469856312,False,,,,,
1.38,549.9198598272699,False,,,,,
1.38,556.7109726689084,False,,,,,
1.38,563.5020855105471,False,,,,,
1.38,570.2931983521858,False,23.165042181031186,47.268986456931046,inf,inf,446.4408869847411
1.38,577.0843111938244,False,6.838118527425774,13.634572359208576,inf,inf,237.91031628339783
1.38,583.8754240354631,False,4.131390544050045,8.0535241760315,inf,inf,181.5448861974519
1.38,590.6665368771016,False,3.0186858600365616,5.755801247364801,inf,inf,152.47340435846414
1.38,597.4576497187403,False,2.412592133569688,4.501674710919061,inf,inf,134.03068358850524
1.38,604.248762560379,False,2.0315390587399387,3.7111910947268956,inf,inf,121.01894096246714
1.38,611.0398754020176,False,1.7700018314217836,3.1669948138059545,inf,inf,111.22030595735845
1.38,617.8309882436563,False,1.579513626159461,2.769252174929273,inf,inf,103.50771370227082
1.38,624.6221010852948,False,1.4346930628417436,2.4656788118140076,inf,inf,97.23962827335842
1.38,631.4132139269336,False,1.3209617053170903,2.2262415978875,inf,inf,92.02042055415325
1.38,638.2043267685722,False,1.2293492160128754,2.032458857127001,inf,inf,87.59107345503831
1.38,644.9954396102108,False,1.15403319693158,1.8723331589652343,inf,inf,83.77395027889266
1.38,651.7865524518495,False,1.091069649920776,1.737736415405471,inf,inf,80.44261784093077
1.38,658.5776652934882,False,1.037691982507982,1.6229660074765984,inf,inf,77.50431095819523
1.38,665.3687781351268,False,0.9919021385724256,1.5239026020243247,inf,inf,74.88922064472189
1.38,672.1598909767654,False,0.9522210501626384,1.437496124848867,inf,inf,72.54367414855696
1.38,678.951003818404,False,0.9175303982573824,1.3614398059838395,inf,inf,70.42563873284455
1.38,685.7421166600427,False,0.8869689443921654,1.2939566277021308,inf,inf,68.50166776412479
1.38,692.5332295016814,False,0.8598626701297986,1.233655409444403,inf,inf,66.74477228427249
1.38,699.32434234332,False,0.8356765244112274,1.179431401122992,inf,inf,65.13290381996289
1.38,706.1154551849586,False,0.8139803636361608,1.1303961115219008,inf,inf,63.64785122099839
1.38,712.9065680265974,False,0.7944244416162608,1.085826808621933,inf,inf,62.27442428170085
1.38,719.6976808682359,False,0.7767214648584928,1.045129544336755,inf,inf,60.99983999717488
1.38,726.4887937098746,False,0.7606332490772925,1.0078116579769054,inf,inf,59.81325457188098
1.38,733.2799065515132,False,0.7459606568499857,0.9734610392659602,inf,inf,58.70540196358853
1.38,740.0710193931518,False,0.73253591213283,0.9417302881876152,inf,inf,57.668311439566864
1.38,746.8621322347906,False,0.720216661395915,0.9123244734071074,inf,inf,56.69508451415587
1.38,753.6532450764291,False,0.7088813351562628,0.8849915700585739,inf,inf,55.77971705821798
1.38,760.4443579180678,False,0.6984254893898899,0.8595149166139056,inf,inf,54.91695615548999
1.38,767.2354707597065,False,0.6887588935221699,0.8357072102077463,inf,inf,54.10218396196655
1.38,774.026583601345,False,0.6798031930921189,0.8134056862637999,inf,inf,53.331322749884734
1.38,780.8176964429838,False,0.6714900189842526,0.7924682184890861,inf,inf,52.600756718085194
1.38,787.6088092846223,False,0.6637594467527207,0.7727701404627855,inf,inf,51.907267180648326
1.38,794.399922126261,False,0.6565587326702509,0.7542016376493642,2.4803127001858702,4878.502244880667,51.247978511821536
1.38,801.1910349678997,False,0.64984127019627,0.7366655938148792,2.468305527419311,4831.382997485048,50.620312800759706
1.38,807.9821478095383,False,0.6435657232827089,0.7200758020391439,2.457079693504745,4787.53674800852,50.02195160601226
1.38,814.773260651177,False,0.637695302513952,0.7043554702492991,2.4462806165587527,4745.54595484528,49.45080353353716
1.38,821.5643734928155,False,0.6321971573504586,0.6894359661851596,2.4357817119689504,4704.899661812318,48.90497661952464
1.38,828.3554863344542,False,0.6270418633142728,0.6752557581802091,2.4255214761206716,4665.346274059863,48.382754699487286
1.38,835.1465991760929,False,0.6222029872509538,0.6617595169947715,2.4154648124750513,4626.739686796502,47.88257710179297
1.38,841.9377120177315,False,0.6176567171420176,0.6488973508191408,2.405589495413138,4588.9853620586755,47.40302112739362
1.38,848.7288248593702,False,0.6133815455553795,0.6366241509498933,2.3958803417752113,4552.01708473139,46.94278687555967
1.38,855.5199377010088,False,0.6093579978800905,0.6248990298852711,2.3863263445991136,4515.785520357566,46.50068405372756
1.38,862.3110505426475,False,0.6055683981234362,0.6136848369485209,2.376919125666364,4480.25203159637,46.07562047244605
1.38,869.1021633842861,False,0.6019966663496262,0.6029477392297004,2.367652040031837,4445.385096244743,45.66659197719321
1.38,875.8932762259248,False,0.5986281428824116,0.5926568577865229,2.3585196293087543,4411.158117675258,45.272673610057865
1.38,882.6843890675634,False,0.5954494352348766,0.5827839507781097,2.3495172733479297,4377.54802773075,44.893011827920276
1.38,889.475501909202,False,0.5924482844107916,0.5733031366096976,2.3406409604958345,4344.534363427316,44.52681763133822
1.38,896.2666147508407,False,0.5896134477765383,0.5641906513096838,2.3318871316545042,4312.0986386228715,44.17336048105886
1.38,903.0577275924793,False,0.586934596156114,0.5554246352954014,2.3232525718507198,4280.223905601848,43.83196289785895
1.38,909.848840434118,False,0.5844022231742513,0.5469849454521604,2.3147343332718626,4248.894442465902,43.50199565701583
1.38,916.6399532757566,False,0.5820075651800467,0.5388529890838563,2.3063296796550485,4218.095525911616,43.18287350172282
1.38,923.4310661173952,False,0.5797425303380329,0.5310115768183759,2.298036045472226,4187.813263189528,42.874051310652064
1.38,930.222178959034,False,0.5775996356852886,0.5234447919875579,2.2898510055547803,4158.034465837296,42.575020664016066
1.38,937.0132918006725,False,0.5755719511297799,0.5161378743657833,2.2817722522008617,4128.746553376083,42.28530676019004
1.38,943.8044046423112,False,0.5736530495131285,0.5090771164565022,2.2737975777207984,4099.937478806041,42.004465641482874
1.38,950.5955174839498,False,0.5718369619853464,0.5022497707725502,2.2659248609830263,4071.5956701637533,41.732081693181975
1.38,957.3866303255885,False,0.5701181380438517,0.4956439667723571,2.258152056934803,4043.709984050392,41.46776538470471
1.38,964.1777431672272,False,0.5684914096778763,0.4892486362972873,2.2504771883562924,4016.269668175222,41.211151225719206
1.38,970.9688560088657,False,0.56695195913458,0.4830534465105961,2.242898339305767,3989.2643307542976,40.96189591353927
1.38,977.7599688505044,False,0.565495289887233,0.4770487394706954,2.2354136498550443,3962.683915168369,40.71967665105668
1.38,984.551081692143,False,0.5641172004404913,0.47122547758425387,2.2280213118153234,3936.5186786872487,40.48418961702125
1.38,991.3421945337817,False,0.5628137606546053,0.46557519428125865,2.220719565233448,3910.7591743833896,40.255148572679346
1.38,998.1333073754204,False,0.5615812903104912,0.4600899493370113,2.2135066954771987,3885.396235517892,40.03228359068153
1.38,1004.924420217059,False,0.5604163396721373,0.45476228833734095,2.206381030793011,3860.4209619291014,39.81533989382033
1.38,1011.7155330586976,False,0.5593156718326258,0.4495852058448586,2.199340940226746,3835.8247079924586,39.604076792595826
1.38,1018.5066459003363,False,0.5582762466557848,0.44455211187723626,2.1923848318342114,3811.5990718576595,39.39826671185615
1.38,1025.297758741975,False,0.5572952061477485,0.4396568013545515,2.1855111511211063,3787.735885722311,39.19769429784912
1.38,1032.0888715836136,False,0.556369861112155,0.4348934262128355,2.1787183796658773,3764.227206955645,39.00215559798169
1.38,1038.8799844252521,False,0.5554976789594919,0.43025646991573113,2.172005033889053,3741.0653099256638,38.81145730641651
1.38,1045.6710972668907,False,0.5546762725558887,0.4257407241266472,2.165369663940934,3718.2426784156105,38.62541606937641
1.38,1052.4622101085295,False,0.5539033900094289,0.4213412673302856,2.1588108526845735,3695.751998536065,38.44385784467093
1.38,1059.2533229501682,False,0.5531769053033503,0.4170534452157389,2.152327214757367,3673.586152063284,38.26661731053327
1.38,1066.0444357918068,False,0.5524948096954061,0.41287285265378504,2.145917395696935,3651.7382101443054,38.09353731936243
1.38,1072.8355486334453,False,0.5518552038112643,0.4087953171189171,2.139580071116742,3630.201427310132,37.92446839240878
1.38,1079.6266614750841,False,0.5512562903675402,0.404816883422507,2.1333139459330015,3608.9692357943,37.759268251840965
1.38,1086.4177743167227,False,0.5506963674667854,0.4009337996374515,2.1271177536222123,3588.03524007944,37.59780138698414
1.38,1093.2088871583614,False,0.550173822412671,0.39714250410694757,2.120990255513903,3567.3932116812184,37.4399386518297
1.38,1100.0,False,0.5496871259989436,0.39343961344101624,2.114930240110284,3547.037084135718,37.285556891199455
1.399,420.8887158361356,False,,,,,
1.399,427.67982867777425,False,,,,,
1.399,434.47094151941286,False,,,,,
1.399,441.2620543610515,False,,,,,
1.399,448.0531672026902,False,,,,,
1.399,454.8442800443288,False,,,,,
1.399,461.63539288596746,False,,,,,
1.399,468.4265057276061,False,,,,,
1.399,475.21761856924473,False,,,,,
1.399,482.0087314108834,False,,,,,
1.399,488.799844252522,False,,,,,
1.399,495.5909570941607,False,,,,,
1.399,502.38206993579934,False,,,,,
1.399,509.17318277743794,False,,,,,
1.399,515.9642956190767,False,,,,,
1.399,522.7554084607152,False,,,,,
1.399,529.5465213023539,False,,,,,
1.399,536.3376341439925,False,,,,,
1.399,543.1287469856312,False,,,,,
1.399,549.9198598272699,False,,,,,
1.399,556.7109726689084,False,,,,,
1.399,563.5020855105471,False,,,,,
1.399,570.2931983521858,False,48.68658376964316,99.8437465339253,inf,inf,649.9266191915605
1.399,577.0843111938244,False,7.772283293800405,15.573012315307096,inf,inf,254.5307347228257
1.399,583.8754240354631,False,4.366058070774403,8.551676362564507,inf,inf,187.17116589216909
1.399,590.6665368771016,False,3.1017145609118315,5.941781835533026,inf,inf,154.91953611648103
1.399,597.4576497187403,False,2.442646204154973,4.57862063459407,inf,inf,135.11254328972072
1.399,604.248762560379,False,2.0384269605312437,3.7404673560526853,inf,inf,121.39275611631516
1.399,611.0398754020176,False,1.7653806161103809,3.172597164838027,inf,inf,111.18295824130661
1.399,617.8309882436563,False,1.5687143087920687,2.7621539543901092,inf,inf,103.21344973366388
1.399,624.6221010852948,False,1.420422613901076,2.4514521575732653,inf,inf,96.77650595043256
1.399,631.4132139269336,False,1.304700217537855,2.2079335060141663,inf,inf,91.44226368344286
1.399,638.2043267685722,False,1.211950785999158,2.011827983797533,inf,inf,86.93252410641047
1.399,644.9954396102108,False,1.136010613333312,1.8504357482379503,inf,inf,83.05822058383849
1.399,651.7865524518495,False,1.0727397317388254,1.7152254024839648,inf,inf,79.68576849293338
1.399,658.5776652934882,False,1.0192543093853608,1.6002530331732636,inf,inf,76.7177473493812
1.399,665.3687781351268,False,0.973483801068127,1.5012500968684221,inf,inf,74.08121683088136
1.399,672.1598909767654,False,0.9339031149601753,1.4150717655656644,inf,inf,71.72033921118349
1.399,678.951003818404,False,0.8993640862955736,1.339349804310479,inf,inf,69.59154953963333
1.399,685.7421166600427,False,0.8689857997856837,1.2722666548281902,inf,inf,67.66029484489985
1.399,692.5332295016814,False,0.8420811042111751,1.2124040623818522,inf,inf,65.89877337374048
1.399,699.32434234332,False,0.8181061118085574,1.158639044133738,inf,inf,64.28433044226813
1.399,706.1154551849586,False,0.7966247104107718,1.1100707797754112,inf,inf,62.79829676436281
1.399,712.9065680265974,False,0.777283127180729,1.0659682062984834,inf,inf,61.425131871471656
1.399,719.6976808682359,False,0.7597913720293721,1.025731783882909,inf,inf,60.15178222658666
1.399,726.4887937098746,False,0.7439094834130578,0.988865154314728,inf,inf,58.967193200298134
1.399,733.2799065515132,False,0.7294371864203428,0.954953828738914,inf,inf,57.86193313867985
1.399,740.0710193931518,False,0.7162060146644463,0.9236489510967948,inf,inf,56.827900315182255
1.399,746.8621322347906,False,0.7040732373030092,0.8946547804952585,inf,inf,55.85809200339442
1.399,753.6532450764291,False,0.6929171263583528,0.8677189350262912,inf,inf,54.94642068729315
1.399,760.4443579180678,False,0.6826332314561765,0.8426247113232327,inf,inf,54.08756644682978
1.399,767.2354707597065,False,0.6731314203535304,0.8191849820974492,inf,inf,53.27685739688528
1.399,774.026583601345,False,0.664333507669368,0.7972373058127368,inf,inf,52.51017209153067
1.399,780.8176964429838,False,0.6561713397894454,0.7766399764974117,2.4973950722930414,4945.931942137009,51.78385928075946
1.399,787.6088092846223,False,0.6485852367354394,0.7572688092953275,2.484275840584208,4894.1048225634095,51.094671489587064
1.399,794.399922126261,False,0.6415227157053185,0.7390145066247666,2.472331477472395,4847.156384693118,50.43970969282832
1.399,801.1910349678997,False,0.6349374386120417,0.7217804861114329,2.4609188462403515,4802.509354851169,49.81637696113391
1.399,807.9821478095383,False,0.6287883390605861,0.7054810784751556,2.4498552300609653,4759.424891246735,49.22233940967746
1.399,814.773260651177,False,0.6230388940546168,0.6900400238450126,2.4390597741448983,4717.571841434971,48.65549312893649
1.399,821.5643734928155,False,0.617656513191096,0.6753892103611333,2.428488837711286,4676.7683436227335,48.113936045011044
1.399,828.3554863344542,False,0.6126120238081365,0.6614676106796278,2.4181158322227176,4636.901134042045,47.59594386490738
1.399,835.1465991760929,False,0.6078792349476139,0.648220381055045,2.4079231132261723,4597.89305996497,47.09994942481911
1.399,841.9377120177315,False,0.6034345664057751,0.635598094704531,2.397898174268574,4559.68781499039,46.624524887457426
1.399,848.7288248593702,False,0.5992567318111602,0.6235560866516463,2.3880316615927066,4522.241969530727,46.16836633593076
1.399,855.5199377010088,False,0.5953264667664536,0.6120538915697872,2.378316255913207,4485.520477792066,45.7302803925695
1.399,862.3110505426475,False,0.5916262947513009,0.6010547595668563,2.3687460046806184,4449.493991935811,45.30917255599244
1.399,869.1021633842861,False,0.5881403248050376,0.5905252375774382,2.359315904632278,4414.137180687589,44.90403700204592
1.399,875.8932762259248,False,0.5848540760672004,0.5804348062111487,2.350021631011941,4379.4276367004495,44.513947636701474
1.399,882.6843890675634,False,0.5817543251061112,0.5707555636629348,2.3408593565374836,4345.345144225875,44.138050223593204
1.399,889.475501909202,False,0.578828972655707,0.5614619497132253,2.3318256272854794,4311.87117529088,43.77555543720904
1.399,896.2666147508407,False,0.5760669269418547,0.5525305040024943,2.322917275768728,4278.988535189011,43.42573271606447
1.399,903.0577275924793,False,0.57345800123777,0.5439396537098566,2.3141313589417756,4246.681108042324,43.0879048094504
1.399,909.848840434118,False,0.570992823664335,0.5356695265409854,2.3054651132794493,4214.933670903259,42.76144292733217
1.399,916.6399532757566,False,0.5686627575612336,0.5277017855700649,2.296915921768092,4183.731755689346,42.44576241629971
1.399,923.4310661173952,False,0.5664598310113185,0.5200194830095665,2.288481289343571,4153.061545050045,42.14031889560295
1.399,930.222178959034,False,0.5643766743138552,0.5126069304213597,2.280158824402586,4122.909792652766,41.844604796661564
1.399,937.0132918006725,False,0.5624064643801058,0.505449583249406,2.2719462247342266,4093.2637612678036,41.558146257317496
1.399,943.8044046423112,False,0.5605428751733496,0.4985339378610663,2.263841266702816,4064.1111739749963,41.28050032874964
1.399,950.5955174839498,False,0.5587800334406137,0.4918474395420706,2.255841796844887,4035.4401751455666,41.01125245862884
1.399,957.3866303255885,False,0.5571124790884429,0.4853784001072289,2.2479457252714306,4007.2392987685753,40.75001421888199
1.399,964.1777431672272,False,0.555535129644259,0.47911592397284536,2.240151020436721,3979.4974423693716,40.49642125054428
1.399,970.9688560088657,False,0.5540432483201863,0.47304984169243175,2.232455704933296,3952.2038451680082,40.250131401678026
1.399,977.7599688505044,False,0.5526324152604812,0.46717065008988307,2.224857852081685,3925.3480695503936,40.01082303734992
1.399,984.551081692143,False,0.5512985016084746,0.461469458237325,2.217355583121467,3898.9199850859795,39.7781935032495
1.399,991.3421945337817,False,0.550037646075698,0.4559379386214704,2.2099470648684427,3872.909754552192,39.55195772676185
1.399,998.1333073754204,False,0.5488462337360642,0.450568282925289,2.2026305077317727,3847.307821543035,39.33184694124237
1.399,1004.924420217059,False,0.5477208768025619,0.445353161923156,2.195404164010615,3822.104899340885,39.11760752091895
1.399,1011.7155330586976,False,0.5466583971735353,0.4402856890490029,2.1882663264084496,3797.291960804463,38.908999915295645
1.399,1018.5066459003363,False,0.5456558105615199,0.4353593872502677,2.181215326717982,3772.8602290837875,38.705797673207805
1.399,1025.297758741975,False,0.5447103120397468,0.43056815878636,2.174249534639789,3748.8011690137473,38.50778654778017
1.399,1032.0888715836136,False,0.5438192628608104,0.42590625767035245,2.1673673567076106,3725.1064790755017,38.31476367450865
1.399,1038.8799844252521,False,0.5429801784188317,0.4213682644873791,2.1605672352933674,3701.768083818659,38.12653681553634
1.399,1045.6710972668907,False,0.5421907172410695,0.4169490633535135,2.1538476476865585,3678.778126713795,37.94292366393807
1.399,1052.4622101085295,False,0.5414486709077864,0.41264382080540873,2.1472071052206076,3656.1289633305973,37.76375120248466
1.399,1059.2533229501682,False,0.5407519548103665,0.40844796643415787,2.140644152446352,3633.8131548334745,37.58885511193648
1.399,1066.0444357918068,False,0.5400985996675012,0.4043571750971609,2.1341573663408093,3611.8234617459775,37.41807922442446
1.399,1072.8355486334453,False,0.5394867437279518,0.4003673505597024,2.1277453555459225,3590.15283795882,37.25127501793246
1.399,1079.6266614750841,False,0.5389146255959434,0.3964746104336373,2.121406759632565,3568.7944249589705,37.08830114829157
1.399,1086.4177743167227,False,0.5383805776220292,0.3926752722945227,2.115140248386367,3547.741546262172,36.92902301545656
1.399,1093.2088871583614,False,0.53788301980808,0.3889658408707208,2.1089445211124693,3526.98770203362,36.773312361145116
1.399,1100.0,False,0.5374204541804369,0.38534299620895957,2.102818305957343,3506.526563885308,36.621046895209815
1.418,420.8887158361356,False,,,,,
1.418,427.67982867777425,False,,,,,
1.418,434.47094151941286,False,,,,,
1.418,441.2620543610515,False,,,,,
1.418,448.0531672026902,False,,,,,
1.418,454.8442800443288,False,,,,,
1.418,461.63539288596746,False,,,,,
1.418,468.4265057276061,False,,,,,
1.418,475.21761856924473,False,,,,,
1.418,482.0087314108834,False,,,,,
1.418,488.799844252522,False,,,,,
1.418,495.5909570941607,False,,,,,
1.418,502.38206993579934,False,,,,,
1.418,509.17318277743794,False,,,,,
1.418,515.9642956190767,False,,,,,
1.418,522.7554084607152,False,,,,,
1.418,529.5465213023539,False,,,,,
1.418,536.3376341439925,False,,,,,
1.418,543.1287469856312,False,,,,,
1.418,549.9198598272699,False,,,,,
1.418,556.7109726689084,False,,,,,
1.418,563.5020855105471,False,,,,,
1.418,570.2931983521858,False,,,,,
1.418,577.0843111938244,False,9.180728821763985,18.484599908055305,inf,inf,277.6817913904639
1.418,583.8754240354631,False,4.67307045814905,9.196570338833995,inf,inf,194.2532934112186
1.418,590.6665368771016,False,3.2092384516717316,6.176375090030943,inf,inf,157.99217583874398
1.418,597.4576497187403,False,2.484812643612111,4.678875099104298,inf,inf,136.55896500791573
1.418,604.248762560379,False,2.0528106537435935,3.7836593409822905,inf,inf,122.01850864266873
1.418,611.0398754020176,False,1.7661073351141863,3.187766453833327,inf,inf,111.33932671578114
1.418,617.8309882436563,False,1.5620999303660335,2.76227970747378,inf,inf,103.07882530625972
1.418,624.6221010852948,False,1.4096334423629149,2.4430386874012497,inf,inf,96.45120254881392
1.418,631.4132139269336,False,1.2914568193248688,2.1945139697914673,inf,inf,90.98696787106239
1.418,638.2043267685722,False,1.1972449526061528,1.9954383194431269,inf,inf,86.38602082219704
1.418,644.9954396102108,False,1.1204398369597066,1.8323021010662153,inf,inf,82.44637654607193
1.418,651.7865524518495,False,1.0566760812067892,1.6961111067110406,inf,inf,79.02642989693847
1.418,658.5776652934882,False,1.00293519643641,1.5806450511403305,inf,inf,76.02356987280307
1.418,665.3687781351268,False,0.9570632977153368,1.4814643967972623,inf,inf,73.36138026208837
1.418,672.1598909767654,False,0.917482203209813,1.395315419441415,inf,inf,70.98162805675679
1.418,678.951003818404,False,0.8830091217648598,1.319758879429145,inf,inf,68.83905709752798
1.418,685.7421166600427,False,0.8527401179835683,1.2529300254185802,inf,inf,66.89789519005693
1.418,692.5332295016814,False,0.8259725012116717,1.1933787525265678,inf,inf,65.12944564368087
1.418,699.32434234332,False,0.8021517700741712,1.1399603277292651,inf,inf,63.51038647945727
1.418,706.1154551849586,False,0.7808345022646511,1.0917589520797406,inf,inf,62.02154396386323
1.418,712.9065680265974,False,0.7616618652115579,1.0480331956044358,inf,inf,60.64699164156582
1.418,719.6976808682359,False,0.7443403626466325,1.008176334326764,inf,inf,59.373377454389335
1.418,726.4887937098746,False,0.7286276113749929,0.9716870472281653,inf,inf,58.189413699463245
1.418,733.2799065515132,False,0.7143216789081516,0.9381474472856681,inf,inf,57.085485212959334
1.418,740.0710193931518,False,0.7012529834982564,0.9072063903734178,inf,inf,56.05334470173573
1.418,746.8621322347906,False,0.6892780657616762,0.87856663934734,inf,inf,55.08587320669733
1.418,753.6532450764291,False,0.678274746039379,0.8519748827032958,inf,inf,54.17688986020112
1.418,760.4443579180678,False,0.6681383206347703,0.8272138934312939,inf,inf,53.320999383758
1.418,767.2354707597065,False,0.6587785458726662,0.8040963109814455,inf,inf,52.51346878842633
1.418,774.026583601345,False,0.6501172259502652,0.7824596672935169,2.502332115270101,4965.506269641879,51.75012689394695
1.418,780.8176964429838,False,0.6420862680958337,0.7621623757584626,2.4893820730049754,4914.2443893857235,51.0272818405553
1.418,787.6088092846223,False,0.6346261027090029,0.7430804723291452,2.477225248478577,4866.364448276223,50.34165290797115
1.418,794.399922126261,False,0.6276843909882595,0.725104949140251,2.4655131330972933,4820.457692620274,49.69031380040922
1.418,801.1910349678997,False,0.6212149608035973,0.7081395585903214,2.454118953480636,4776.005895676119,49.07064518808073
1.418,807.9821478095383,False,0.6151769251259027,0.6920989937554958,2.4429809003711496,4732.752333583825,48.48029477268485
1.418,814.773260651177,False,0.6095339474870369,0.6769073719367119,2.4320637315418403,4690.547493628226,47.91714350798338
1.418,821.5643734928155,False,0.6042536266324819,0.6624969639782403,2.4213451654935847,4649.294335123486,47.37927688600909
1.418,828.3554863344542,False,0.599306978393945,0.6488071240781881,2.410809991286258,4608.924569576269,46.864960415976284
1.418,835.1465991760929,False,0.5946679973200728,0.6357833841040516,2.4004471674934873,4569.386968155837,46.3726185919751
1.418,841.9377120177315,False,0.5903132840985643,0.6233766836268343,2.3902482576366983,4530.641050668831,45.900816778400966
1.418,848.7288248593702,False,0.5862217275299192,0.6115427125057694,2.380206527612145,4492.653441597003,45.44824554720053
1.418,855.5199377010088,False,0.5823742319557326,0.6002413472701407,2.370316397295847,4455.395653579831,45.01370708476649
1.418,862.3110505426475,False,0.5787534827377567,0.5894361660341203,2.3605730933939846,4418.842682123192,44.59610335337668
1.418,869.1021633842861,False,0.5753437437311787,0.579094029456464,2.350972422287505,4382.972084011891,44.194425746134286
1.418,875.8932762259248,False,0.5721306817727061,0.5691847174769266,2.3415106172966786,4347.763355671584,43.807746018129
1.418,882.6843890675634,False,0.5691012140707109,0.5596806133472148,2.332184233631126,4313.197503679483,43.43520831219383
1.418,889.475501909202,False,0.566243375084973,0.5505564279178209,2.3229900747417758,4279.256741771748,43.076022126783315
1.418,896.2666147508407,False,0.5635462000526513,0.5417889583150731,2.313925139835282,4245.924273076941,42.72945609747081
1.418,903.0577275924793,False,0.5609996227815504,0.533356876100184,2.304986585933562,4213.184130917938,42.39483248334919
1.418,909.848840434118,False,0.5585943857125334,0.5252405407871362,2.2961717000997495,4181.021060555596,42.071522266023365
1.418,916.6399532757566,False,0.5563219605665417,0.5174218352428219,2.2874778788731978,4149.420429980173,41.75894078254238
1.418,923.4310661173952,False,0.5541744781508918,0.509884020027427,2.2789026128800747,4118.368161581227,41.45654382502785
1.418,930.222178959034,False,0.552144666114808,0.5026116041769442,2.2704434751992593,4087.8506789973667,41.16382414933144
1.418,937.0132918006725,False,0.5502257936234064,0.4955902302995243,2.262098112476631,4057.854865111938,40.88030834310839
1.418,943.8044046423112,False,0.5484116220694161,0.488806572166802,2.253864238072698,4028.368028331498,40.605554010504534
1.418,950.5955174839498,False,0.5466963610676892,0.48224824324090443,2.2457396267098115,3999.377875019537,40.33914723641727
1.418,957.3866303255885,False,0.5450746290836164,0.4759037147965875,2.2377221102515517,3970.8724866142225,40.08070029819816
1.418,964.1777431672272,False,0.5435414181360271,0.4697622424826256,2.2298095743233843,3942.8403002750024,39.829849596842216
1.418,970.9688560088657,False,0.5420920620910932,0.4638138003232172,2.221999955569993,3915.270092242284,39.58625378328834
1.418,977.7599688505044,False,0.540722208128159,0.4580490212931912,2.2142912393930523,3888.150963288971,39.34959205851674
1.418,984.551081692143,False,0.5394277910134775,0.45245914371435236,2.2066814580527714,3861.4723257997493,39.119562628771654
1.418,991.3421945337817,False,0.5382050098647212,0.4470359628172171,2.1991686890456905,3835.2238921295198,38.89588129950496
1.418,998.1333073754204,False,0.5370503071295083,0.4417717868956419,2.191751053692443,3809.39566397648,38.67828019360763
1.418,1004.924420217059,False,0.5359603495357053,0.43665939755323613,2.1844267158858583,3783.977922570814,38.4665065811933
1.418,1011.7155330586976,False,0.5349320108011457,0.431692013602094,2.1771938809571867,3758.961219511301,38.260321809681166
1.418,1018.5066459003363,False,0.5339623559161074,0.426863258227524,2.1700507946427035,3734.336368171229,38.05950032421006
1.418,1025.297758741975,False,0.5330486268342105,0.4221671290785408,2.1629957421147292,3710.0944355347947,37.86382876954052
1.418,1032.0888715836136,False,0.5321882294267183,0.41759797098382845,2.1560270470709657,3686.2267344311463,37.67310516558321
1.418,1038.8799844252521,False,0.531378721572049,0.41315045102764086,2.1491430708657915,3662.7248160992976,37.487138149552244
1.418,1045.6710972668907,False,0.5306178022669388,0.4088195357503915,2.1423422116748756,3639.580463045167,37.30574627849688
1.418,1052.4622101085295,False,0.5299033016585402,0.4046004702651681,2.135622903686292,3616.7856821593327,37.12875738663221
1.418,1059.2533229501682,False,0.5292331719078587,0.4004887591045047,2.1289836163130134,3594.3326980706615,36.95600799247016
1.418,1066.0444357918068,False,0.5286054788048266,0.39648014863210435,2.1224228534231027,3572.213946716564,36.78734275127434
1.418,1072.8355486334453,False,0.5280183940638784,0.3925706108720019,2.115939152584995,3550.422069114755,36.62261394881607
1.418,1079.6266614750841,False,0.5274701882364938,0.38875632862336207,2.1095310843259463,3528.9499053241684,36.46168103281488
1.418,1086.4177743167227,False,0.5269592241838937,0.38503368174297564,2.1031972514024746,3507.7904885854987,36.30441017880848
1.418,1093.2088871583614,False,0.5264839510589022,0.3813992344896799,2.0969362880818845,3486.9370396330573,36.15067388751198
1.418,1100.0,False,0.5260428987513166,0.3778497238358297,2.090746859434486,3466.3829611715914,36.00035061101681
1.437,420.8887158361356,False,,,,,
1.437,427.67982867777425,False,,,,,
1.437,434.47094151941286,False,,,,,
1.437,441.2620543610515,False,,,,,
1.437,448.0531672026902,False,,,,,
1.437,454.8442800443288,False,,,,,
1.437,461.63539288596746,False,,,,,
1.437,468.4265057276061,False,,,,,
1.437,475.21761856924473,False,,,,,
1.437,482.0087314108834,False,,,,,
1.437,488.799844252522,False,,,,,
1.437,495.5909570941607,False,,,,,
1.437,502.38206993579934,False,,,,,
1.437,509.17318277743794,False,,,,,
1.437,515.9642956190767,False,,,,,
1.437,522.7554084607152,False,,,,,
1.437,529.5465213023539,False,,,,,
1.437,536.3376341439925,False,,,,,
1.437,543.1287469856312,False,,,,,
1.437,549.9198598272699,False,,,,,
1.437,556.7109726689084,False,,,,,
1.437,563.5020855105471,False,,,,,
1.437,570.2931983521858,False,,,,,
1.437,577.0843111938244,False,11.489526231968954,23.245236118656507,inf,inf,311.90629414417685
1.437,583.8754240354631,False,5.078034029547254,10.040863156090149,inf,inf,203.18957684113522
1.437,590.6665368771016,False,3.3457114431870503,6.468849155780716,inf,inf,161.77645708280343
1.437,597.4576497187403,False,2.540127478555731,4.804709207409189,inf,inf,138.39218163526928
1.437,604.248762560379,False,2.0748591095959292,3.8412650449761343,inf,inf,122.89956941304823
1.437,611.0398754020176,False,1.7720749051176357,3.2124356606988806,inf,inf,111.68580500055799
1.437,617.8309882436563,False,1.5594660803364837,2.769362221910684,inf,inf,103.09734593208894
1.437,624.6221010852948,False,1.4020875037234508,2.4401009267840097,inf,inf,96.25597745256313
1.437,631.4132139269336,False,1.2809849457506162,2.1856265198780567,inf,inf,90.64627722976235
1.437,638.2043267685722,False,1.1849870572183012,1.9829357535803969,inf,inf,85.94314067747288
1.437,644.9954396102108,False,1.1070824336941745,1.817589383421391,inf,inf,81.93000095549868
1.437,651.7865524518495,False,1.042648110844288,1.6800653965758785,inf,inf,78.45627738485432
1.437,658.5776652934882,False,0.9885122950145392,1.5638295479775761,inf,inf,75.41358907768212
1.437,665.3687781351268,False,0.9424263479262315,1.4642483673055253,inf,inf,72.72167591365209
1.437,672.1598909767654,False,0.9027516845676297,1.3779445792208627,inf,inf,70.31966656809345
1.437,678.951003818404,False,0.8682660130310347,1.3023981994518,inf,inf,68.16044773763217
1.437,685.7421166600427,False,0.8380390156434379,1.2356905837064995,inf,inf,66.20691138739886
1.437,692.5332295016814,False,0.8113500725728734,1.1763350272298663,inf,inf,64.4293818300385
1.437,699.32434234332,False,0.7876323248311357,1.123161588985938,inf,inf,62.80380782995193
1.437,706.1154551849586,False,0.7664337371918212,1.0752369142287646,inf,inf,61.310464614975295
1.437,712.9065680265974,False,0.7473894238300803,1.0318072447467452,inf,inf,59.93300407931062
1.437,719.6976808682359,False,0.7302016105642354,0.9922571518615755,inf,inf,58.657747902958846
1.437,726.4887937098746,False,0.7146248831764063,0.9560791531905573,inf,inf,57.473153416321544
1.437,733.2799065515132,False,0.7004551633236323,0.9228510046672184,inf,inf,56.369404437909516
1.437,740.0710193931518,False,0.6875213574713456,0.892218496699673,inf,inf,55.33809393795121
1.437,746.8621322347906,False,0.6756789520150462,0.8638822580372109,inf,inf,54.37197512923187
1.437,753.6532450764291,False,0.6648050451895973,0.8375875185427589,inf,inf,53.46476420765712
1.437,760.4443579180678,False,0.6547944532591811,0.8131160844816097,2.5236003781707677,5050.272389937583,52.610982539572994
1.437,767.2354707597065,False,0.6455566293771285,0.7902799876580393,2.5085542897736604,4990.230932570455,51.805829303127474
1.437,774.026583601345,False,0.6370132038700929,0.7689164145996792,2.495397776069745,4938.024069547949,51.04507787637954
1.437,780.8176964429838,False,0.6290960044661214,0.7488836244488065,2.482909801723163,4888.724019701952,50.32499091348245
1.437,787.6088092846223,False,0.621745450641433,0.7300576376308469,2.4708327986211556,4841.281663539304,49.642250254158455
1.437,794.399922126261,False,0.6149092421155525,0.7123295306047945,2.4590630444677077,4795.268852072366,48.99389870082251
1.437,801.1910349678997,False,0.6085412804829567,0.6956032110369407,2.447547537697868,4750.462634726076,48.37729136132301
1.437,807.9821478095383,False,0.6026007770173185,0.6797935766654379,2.4362551954439704,4706.728979067947,47.790054755475374
1.437,814.773260651177,False,0.5970515101947197,0.6648249827663518,2.425165969319935,4663.978781916463,47.230052264032636
1.437,821.5643734928155,False,0.5918612044185572,0.6506299594749658,2.4142659477066584,4622.148058181308,46.69535479067022
1.437,828.3554863344542,False,0.5870010074725791,0.6371481326625973,2.4035448815026883,4581.18792534507,46.1842157333421
1.437,835.1465991760929,False,0.5824450488684425,0.6243253116251395,2.392994826511081,4541.059104123115,45.69504953733005
1.437,841.9377120177315,False,0.5781700648434678,0.6121127142320487,2.382609350993708,4501.728705800672,45.22641324042695
1.437,848.7288248593702,False,0.5741550785606947,0.6004663059444336,2.3723830504565164,4463.168262833152,44.776990529836844
1.437,855.5199377010088,False,0.5703811262569541,0.589346233629407,2.362311239083723,4425.352474244262,44.345577917176804
1.437,862.3110505426475,False,0.5668310218163896,0.578716338665237,2.352389747423591,4388.258380850106,43.93107270741283
1.437,869.1021633842861,False,0.5634891536224157,0.5685437366656013,2.3426147863822586,4351.864808606097,43.53246249345052
1.437,875.8932762259248,False,0.5603413086398684,0.5587984534151101,2.3329828538802695,4316.151984368752,43.14881595331105
1.437,882.6843890675634,False,0.55737451956185,0.5494531084270597,2.3234906696673105,4281.1012653865555,42.77927476359917
1.437,889.475501909202,False,0.5545769315684667,0.5404826390030222,2.314135129124556,4246.694945439211,42.42304647301815
1.437,896.2666147508407,False,0.5519376858230641,0.5318640588658793,2.3049132701045374,4212.916113588275,42.07939820436316
1.437,903.0577275924793,False,0.5494468173032826,0.523576246410004,2.295822248860884,4179.74854960994,41.74765107378119
1.437,909.848840434118,False,0.5470951649504405,0.5155997584084447,2.2868593223980653,4147.17664535177,41.4271752329372
1.437,916.6399532757566,False,0.5448742924386532,0.5079166656721805,2.2780218354026327,4115.185344618182,41.11738545375212
1.437,923.4310661173952,False,0.5427764181276105,0.5005104076977466,2.269307210481266,4083.760096463424,40.81773718708423
1.437,930.222178959034,False,0.5407943529806896,0.493365663788498,2.2607129407870756,4052.886818215906,40.52772303653698
1.437,937.0132918006725,False,0.5389214454113613,0.4864682385086137,2.252236584401781,4022.551865699413,40.2468695968288
1.437,943.8044046423112,False,0.537151532172366,0.4798049596413817,2.2438757599973145,3992.7420087534038,39.97473461312646
1.437,950.5955174839498,False,0.5354788945291544,0.47336358708533127,2.2356281434415943,3963.444410715832,39.71090442364153
1.437,957.3866303255885,False,0.5338982190660225,0.46713273134230726,2.2274914650996998,3934.6466108797285,39.454991652801596
1.437,964.1777431672272,False,0.5324045625635576,0.4611017804377171,2.2194635076483964,3906.336509200651,39.206633126575085
1.437,970.9688560088657,False,0.5309933204624834,0.4552608342709007,2.2115421042685894,3878.5023527180615,38.96548798518065
1.437,977.7599688505044,False,0.529660198493883,0.44960064552751094,2.203725137118189,3851.132723302732,38.73123597153838
1.437,984.551081692143,False,0.5284011871110393,0.44411256639988705,2.1960105360044704,3824.2165264118503,38.50357587650581
1.437,991.3421945337817,False,0.5272125384054579,0.4387885004589914,2.1883962772143195,3797.742980679547,38.28222412426326
1.437,998.1333073754204,False,0.5260907452299866,0.43362085910491943,2.180880382446236,3771.7016081255188,38.06691348320677
1.437,1004.924420217059,False,0.5250325222868046,0.4286025220948433,2.173460917824695,3746.082224897406,37.857391889445864
1.437,1011.7155330586976,False,0.5240347889679157,0.42372680170900173,2.1661359929706148,3720.8749324415867,37.65342137150444
1.437,1018.5066459003363,False,0.5230946537616268,0.41898741016870167,2.1589037601124557,3696.070109036942,37.45477706613182
1.437,1025.297758741975,False,0.5222094000608346,0.4143784299664727,2.1517624132262254,3671.6584016409265,37.26124631627334
1.437,1032.0888715836136,False,0.5213764732283362,0.4098942868085625,2.1447101871960865,3647.630718010307,37.072627843247005
1.437,1038.8799844252521,False,0.5205934687912077,0.40552972490475137,2.137745356989725,3623.978219068413,36.88873098604522
1.437,1045.6710972668907,False,0.5198581216509643,0.4012797843708037,2.130866236844502,3600.6923114978345,36.70937500144826
1.437,1052.4622101085295,False,0.5191682962090486,0.3971397805353488,2.1240711794618985,3577.7646405431565,36.534388419309884
1.437,1059.2533229501682,False,0.5185219773183347,0.39310528496611263,2.1173585752086233,3555.1870830116327,36.36360844796733
1.437,1066.0444357918068,False,0.5179172619812247,0.38917210805076147,2.1107268513236783,3532.951740463203,36.19688042525507
1.437,1072.8355486334453,False,0.5173523517234573,0.3853362829854022,2.1041744711310586,3511.0509325827893,36.034057311061396
1.437,1079.6266614750841,False,0.5168255455803834,0.3815940510394935,2.097699933258219,3489.4771907295717,35.87499921777975
1.437,1086.4177743167227,False,0.5163352336391304,0.3779418479797485,2.0913017708607233,3468.223251659047,35.71957297537052
1.437,1093.2088871583614,False,0.5158798910859064,0.3743762915477516,2.084978550853496,3447.2820514138975,35.5676517280679
1.437,1100.0,False,0.5154580727130637,0.3708941698969338,2.0787288731494464,3426.646719380948,35.41911456006395
1.456,420.8887158361356,False,,,,,
1.456,427.67982867777425,False,,,,,
1.456,434.47094151941286,False,,,,,
1.456,441.2620543610515,False,,,,,
1.456,448.0531672026902,False,,,,,
1.456,454.8442800443288,False,,,,,
1.456,461.63539288596746,False,,,,,
1.456,468.4265057276061,False,,,,,
1.456,475.21761856924473,False,,,,,
1.456,482.0087314108834,False,,,,,
1.456,488.799844252522,False,,,,,
1.456,495.5909570941607,False,,,,,
1.456,502.38206993579934,False,,,,,
1.456,509.17318277743794,False,,,,,
1.456,515.9642956190767,False,,,,,
1.456,522.7554084607152,False,,,,,
1.456,529.5465213023539,False,,,,,
1.456,536.3376341439925,False,,,,,
1.456,543.1287469856312,False,,,,,
1.456,549.9198598272699,False,,,,,
1.456,556.7109726689084,False,,,,,
1.456,563.5020855105471,False,,,,,
1.456,570.2931983521858,False,,,,,
1.456,577.0843111938244,False,15.871604646357053,32.26576324967918,inf,inf,368.18746571411185
1.456,583.8754240354631,False,5.622446551874704,11.169737471840708,inf,inf,214.59278224447618
1.456,590.6665368771016,False,3.517496832756998,6.832339600918311,inf,inf,166.39107202177263
1.456,597.4576497187403,False,2.6100973167299566,4.9593233138418675,inf,inf,140.64453006204448
1.456,604.248762560379,False,2.104927763551717,3.9141344716385467,inf,inf,124.04396090893576
1.456,611.0398754020176,False,1.783280649591436,3.2467242497995032,inf,inf,112.22166287173383
1.456,617.8309882436563,False,1.560681624624996,2.7832585736684314,inf,inf,103.26466163252867
1.456,624.6221010852948,False,1.3976053474629684,2.442396685676866,inf,inf,96.18487242008035
1.456,631.4132139269336,False,1.2730883634542136,2.1809938377095137,inf,inf,90.41351031417354
1.456,638.2043267685722,False,1.1749774397012192,1.9740350194154412,inf,inf,85.59690067849584
1.456,644.9954396102108,False,1.0957411616972028,1.8060163091594885,inf,inf,81.50202106995856
1.456,651.7865524518495,False,1.030463510417235,1.6668161352601876,inf,inf,77.96825812104233
1.456,658.5776652934882,False,0.9757991898330116,1.5495455598214958,inf,inf,74.88082918077575
1.456,665.3687781351268,False,0.9293926550537734,1.4493527383178864,inf,inf,72.15523408466576
1.456,672.1598909767654,False,0.8895372519596029,1.362721470164515,inf,inf,69.72770466143973
1.456,678.951003818404,False,0.8549661520234585,1.2870409544704715,inf,inf,67.549095838418
1.456,685.7421166600427,False,0.8247192281885485,1.2203318176787599,inf,inf,65.58084222537327
1.456,692.5332295016814,False,0.7980555257883527,1.1610659685021654,inf,inf,63.7922023499016
1.456,699.32434234332,False,0.7743940928058555,1.1080448130573268,inf,inf,62.15833229227053
1.456,706.1154551849586,False,0.7532729985138007,1.0603149005039634,inf,inf,60.65890892933443
1.456,712.9065680265974,False,0.7343203353037333,1.017108230049385,inf,inf,59.27712656107236
1.456,719.6976808682359,False,0.7172333055266104,0.977799197468681,inf,inf,57.998952844731335
1.456,726.4887937098746,False,0.7017628800919576,0.941873009158508,inf,inf,56.81256838061549
1.456,733.2799065515132,False,0.6877023704937545,0.9089021509987179,inf,inf,55.7079386749854
1.456,740.0710193931518,False,0.6748787970264049,0.8785286127734261,inf,inf,54.67648304682821
1.456,746.8621322347906,False,0.6631462862063159,0.8504502896700071,inf,inf,53.7108155579755
1.456,753.6532450764291,False,0.6523809617941055,0.8244104585261336,2.530852935898825,5079.341987463773,52.804540157653115
1.456,760.4443579180678,False,0.6424769495169864,0.800189546922621,2.515786147203715,5019.044866059084,51.952087127935556
1.456,767.2354707597065,False,0.63334322215731,0.7775986325294872,2.5022637003689905,4965.23475494217,51.14858134053054
1.456,774.026583601345,False,0.624901085747947,0.7564742625593293,2.489370967379067,4914.200542650691,50.389735265329286
1.456,780.8176964429838,False,0.6170821598455687,0.7366742906754634,2.476881260679533,4865.013054192785,49.671761419144865
1.456,787.6088092846223,False,0.6098267421688157,0.7180745055034047,2.464699627160398,4817.2771587619545,48.99130021611999
1.456,794.399922126261,False,0.603082474877297,0.7005658804424638,2.452776653106933,4770.782773740337,48.34536011924101
1.456,801.1910349678997,False,0.5968032495093227,0.6840523151086959,2.4410830473483376,4725.401822232379,47.731267690838166
1.456,807.9821478095383,False,0.590948302191605,0.6684487687824432,2.4295997671331935,4681.048163932745,47.14662566529835
1.456,814.773260651177,False,0.5854814616308889,0.6536797086642046,2.418313501865089,4637.6592549223615,46.589277566012825
1.456,821.5643734928155,False,0.5803705206094248,0.6396778126468357,2.4072143685931477,4595.1867838166,46.057277694016165
1.456,828.3554863344542,False,0.57558670794799,0.6263828791617897,2.39629464002293,4553.591500384975,45.5488655515723
1.456,835.1465991760929,False,0.5711042426837845,0.613740906505389,2.3855479998623745,4512.8401858394445,45.062443947435824
1.456,841.9377120177315,False,0.5668999559049388,0.6017033116572912,2.3749690866050273,4472.903794490186,44.596560174308685
1.456,848.7288248593702,False,0.5629529685571606,0.5902262645204566,2.3645532038201567,4433.7562713811,44.14988976247073
1.456,855.5199377010088,False,0.559244415788907,0.5792701181467917,2.3542961308167434,4395.3737771878805,43.72122240366322
1.456,862.3110505426475,False,0.5557572101761052,0.5687989191670038,2.3441939959903264,4357.734167251683,43.3094497113096
1.456,869.1021633842861,False,0.5524758375750501,0.558779985542045,2.334243190471356,4320.816633857929,42.91355454102123
1.456,875.8932762259248,False,0.5493861804750686,0.5491835410664824,2.3244403083187684,4284.601455935868,42.53260164208934
1.456,882.6843890675634,False,0.5464753646237699,0.5399823979102689,2.3147821045534056,4249.06982088772,42.165729448659114
1.456,889.475501909202,False,0.5437316254243616,0.5311516799823603,2.305265465383271,4214.203695681341,41.812142850286456
1.456,896.2666147508407,False,0.5411441911936519,0.5226685811133368,2.2958873868755485,4179.985732070208,41.47110680701415
1.456,903.0577275924793,False,0.5387031808493417,0.5145121530429871,2.286644959553516,4146.399195765947,41.14194069506973
1.456,909.848840434118,False,0.5363995139877518,0.5066631190078072,2.2775353571744987,4113.427912548963,40.824013286623085
1.456,916.6399532757566,False,0.5342248316360141,0.49910370938858967,2.268555828496855,4081.0562265271897,40.51673828146311
1.456,923.4310661173952,False,0.5321714262290074,0.49181751642714944,2.2597036911797304,4049.2689671180374,40.21957032046864
1.456,930.222178959034,False,0.5302321795821576,0.48478936547630475,2.2509763272178294,4018.0514223660293,39.93200142082331
1.456,937.0132918006725,False,0.5284005078148035,0.478005200625737,2.2423711794799703,3987.3893168798227,39.65355778138393
1.456,943.8044046423112,False,0.5266703123321028,0.47145198286239604,2.2338857490417197,3957.26879315919,39.383796913744305
1.456,950.5955174839498,False,0.5250359361020855,0.46511759918918466,2.22551759308747,3927.6763954226494,39.12230506058612
1.456,957.3866303255885,False,0.5234921245722746,0.4589907813482199,2.2172643232200473,3898.599055295525,38.868694868021095
1.456,964.1777431672272,False,0.5220339906616276,0.4530610329831155,2.209123604054041,3870.0240788721117,38.62260328300763
1.456,970.9688560088657,False,0.5206569833404822,0.4473185642336216,2.201093152018777,3841.9391348543495,38.38368965064097
1.456,977.7599688505044,False,0.519356859376815,0.44175423289116716,2.1931707342932683,3814.3322434663555,38.151633989320864
1.456,984.551081692143,False,0.5181296578827173,0.43635949135871444,2.185354167838662,3787.1917660028794,37.92613542453395
1.456,991.3421945337817,False,0.5169716773426587,0.431126338756598,2.177641318491459,3760.5063948664215,37.70691076435667
1.456,998.1333073754204,False,0.5158794548457867,0.426047277600049,2.1700301000952216,3734.265144001744,37.49369320181965
1.456,1004.924420217059,False,0.5148497472795167,0.4211152745463138,2.162518473654548,3708.457339660038,37.286231131042946
1.456,1011.7155330586976,False,0.5138795142716979,0.4163237247713552,2.1551044465003693,3683.072611445028,37.08428706557922
1.456,1018.5066459003363,False,0.5129659026946694,0.41166641958977845,2.147786071459255,3658.1008836070378,36.8876366487381
1.456,1025.297758741975,False,0.5121062325668896,0.4071375169779271,2.140561446022225,3633.5323665616097,36.69606774682116
1.456,1032.0888715836136,False,0.5112979842073475,0.40273151470034,2.1334287115105615,3609.3575486166756,36.50937961721541
1.456,1038.8799844252521,False,0.5105387865148038,0.39844322577462443,2.126386052237426,3585.5671878971893,36.327382144176106
1.456,1045.6710972668907,False,0.5098264062586665,0.3942677560402528,2.1194316946652596,3562.152304460421,36.149895135912026
1.456,1052.4622101085295,False,0.5091587382811277,0.3902004836233002,2.112563906559514,3539.1041725972195,35.976747677268
1.456,1059.2533229501682,False,0.5085337965214066,0.3862370401123471,2.105780996139705,3516.4143133162365,35.807777532903245
1.456,1066.0444357918068,False,0.5079497057827643,0.3823732932810795,2.0990813112291886,3494.074487009558,35.642830596393445
1.456,1072.8355486334453,False,0.507404694171623,0.37860533121100604,2.0924632384050152,3472.0766862981764,35.48176038115764
1.456,1079.6266614750841,False,0.5068970861456502,0.3749294476833449,2.0859252021497547,3450.4131290575483,35.32442754952254
1.456,1086.4177743167227,False,0.506425296114405,0.3713421287230135,2.0794656640059896,3429.076251619665,35.170699476609244
1.456,1093.2088871583614,False,0.5059878225420016,0.36784004018981703,2.0730831217361545,3408.0587021546626,35.02044984605239
1.456,1100.0,False,0.5055832425064664,0.3644200163227385,2.0667761084881846,3387.35333422777,34.87355827485389
1.475,420.8887158361356,False,,,,,
1.475,427.67982867777425,False,,,,,
1.475,434.47094151941286,False,,,,,
1.475,441.2620543610515,False,,,,,
1.475,448.0531672026902,False,,,,,
1.475,454.8442800443288,False,,,,,
1.475,461.63539288596746,False,,,,,
1.475,468.4265057276061,False,,,,,
1.475,475.21761856924473,False,,,,,
1.475,482.0087314108834,False,,,,,
1.475,488.799844252522,False,,,,,
1.475,495.5909570941607,False,,,,,
1.475,502.38206993579934,False,,,,,
1.475,509.17318277743794,False,,,,,
1.475,515.9642956190767,False,,,,,
1.475,522.7554084607152,False,,,,,
1.475,529.5465213023539,False,,,,,
1.475,536.3376341439925,False,,,,,
1.475,543.1287469856312,False,,,,,
1.475,549.9198598272699,False,,,,,
1.475,556.7109726689084,False,,,,,
1.475,563.5020855105471,False,,,,,
1.475,570.2931983521858,False,,,,,
1.475,577.0843111938244,False,27.147514389323245,55.453762439160144,inf,inf,483.7608774705414
1.475,583.8754240354631,False,6.377599258145754,12.729390574667898,inf,inf,229.4519673223845
1.475,590.6665368771016,False,3.733752931967627,7.285662719695305,inf,inf,172.00157473412168
1.475,597.4576497187403,False,2.696819442621252,5.147096351231492,inf,inf,143.36055564607264
1.475,604.248762560379,False,2.143576509939982,4.003510898881219,inf,inf,125.46468404285027
1.475,611.0398754020176,False,1.799824057520387,3.2909382015492326,inf,inf,112.9489665663828
1.475,617.8309882436563,False,1.56568170049365,2.8039403762334616,inf,inf,103.57837642886254
1.475,624.6221010852948,False,1.3960581036986035,2.4497671522233895,inf,inf,96.23349103769472
1.475,631.4132139269336,False,1.2676131946503153,2.180405822119093,inf,inf,90.28333498816747
1.475,638.2043267685722,False,1.1670537968755441,1.9685083454136942,inf,inf,85.34153660520097
1.475,644.9954396102108,False,1.0862527305843517,1.7973525205954939,inf,inf,81.15649420666337
1.475,651.7865524518495,False,1.0199613985366276,1.6561372824870724,inf,inf,77.55638408701812
1.475,658.5776652934882,False,0.9646389119356007,1.5375744405967497,inf,inf,74.41932828586026
1.475,665.3687781351268,False,0.9178097449359348,1.436567473327858,inf,inf,71.6561574055088
1.475,672.1598909767654,False,0.8776910514010285,1.3494449566676745,inf,inf,69.19992955446924
1.475,678.951003818404,False,0.8429662044670531,1.2734947433980552,inf,inf,66.99928282996946
1.475,685.7421166600427,False,0.8126417333580567,1.206669675819672,inf,inf,65.01406694495495
1.475,692.5332295016814,False,0.785953897704007,1.1473953958954957,inf,inf,63.21238435826337
1.475,699.32434234332,False,0.7623059044194266,1.0944411842313275,inf,inf,61.56853303044646
1.475,706.1154551849586,False,0.7412246489777138,1.046830959938571,inf,inf,60.0615430560562
1.475,712.9065680265974,False,0.7223302461434769,1.003780588710871,inf,inf,58.6741146157675
1.475,719.6976808682359,False,0.7053141456902253,0.9646528510635535,inf,inf,57.39183332864219
1.475,726.4887937098746,False,0.6899231374694165,0.928924526064386,inf,inf,56.20258124513725
1.475,733.2799065515132,False,0.6759474760273178,0.8961619501513413,inf,inf,55.09608832683482
1.475,740.0710193931518,False,0.6632119377872466,0.8660026094063065,inf,inf,54.06358645788048
1.475,746.8621322347906,False,0.6515689992463143,0.838141095869568,2.5395021096208716,5114.11854794553,53.097539394996325
1.475,753.6532450764291,False,0.6408935715568447,0.8123182663738763,2.5239704248318517,5051.753585985497,52.19142971725624
1.475,760.4443579180678,False,0.631078892359036,0.7883127827947791,2.5099768835218725,4995.8924279480725,51.339589085974985
1.475,767.2354707597065,False,0.6220332885839266,0.7659344447506368,2.496621713656085,4942.869241329715,50.53706178383735
1.475,774.026583601345,False,0.6136776021255039,0.7450188866050018,2.4836784579339213,4891.751378760561,49.77949409086547
1.475,780.8176964429838,False,0.605943125233647,0.7254233236678482,2.4710522026512063,4842.141490127687,49.06304391133302
1.475,787.6088092846223,False,0.59876993162869,0.7070231130280367,2.4586936634231806,4793.828345382313,48.3843064142487
1.475,794.399922126261,False,0.5921055175765464,0.6897089525421989,2.4465737035350625,4746.683143297185,47.74025244103063
1.475,801.1910349678997,False,0.5859036877687673,0.673384583896883,2.434673416978668,4700.619121890184,47.12817717027432
1.475,807.9821478095383,False,0.5801236360495786,0.6579648969285532,2.422979593718004,4655.573078581114,46.54565708207732
1.475,814.773260651177,False,0.5747291823544884,0.6433743556820488,2.411482409586541,4611.495952171592,45.99051368302593
1.475,821.5643734928155,False,0.5696881357400424,0.6295456842084258,2.4001741548318396,4568.347637173258,45.46078277293937
1.475,828.3554863344542,False,0.5649717598444284,0.6164187633961692,2.3890484927167734,4526.093958142268,44.95468828108128
1.475,835.1465991760929,False,0.560554322060748,0.6039397002996558,2.3781000076044263,4484.704823341625,44.470619891114474
1.475,841.9377120177315,False,0.5564127115149183,0.592060039269822,2.367323919777243,4444.153057251136,44.00711382395896
1.475,848.7288248593702,False,0.552526113899428,0.5807360902823673,2.3567159004660576,4404.413640705548,43.56283626581
1.475,855.5199377010088,False,0.5488757335285118,0.569928354622235,2.346271949222666,4365.463204336188,43.13656902222637
1.475,862.3110505426475,False,0.5454445548022899,0.5596010318333743,2.3359883111894986,4327.279683899014,42.72719705393668
1.475,869.1021633842861,False,0.5422171367105706,0.5497215948136387,2.3258614205008765,4289.842081485969,42.333697609990644
1.475,875.8932762259248,False,0.5391794351571975,0.5402604223024082,2.3158878611289766,4253.130297328987,41.95513072230753
1.475,882.6843890675634,False,0.5363186488072224,0.5311904799057309,2.3060643395550673,4217.125009410433,41.59063086494776
1.475,889.475501909202,False,0.5336230849017646,0.5224870423326464,2.29638766556452,4181.807585901328,41.23939961347935
1.475,896.2666147508407,False,0.5310820420865263,0.5141274507542708,2.286854738661479,4147.16002032715,40.90069916605623
1.475,903.0577275924793,False,0.5286857077891213,0.5060909002046529,2.2774625384184835,4113.164882678403,40.57384660943461
1.475,909.848840434118,False,0.5264250680802558,0.49835825276604284,2.2682081175778874,4079.8052817252724,40.2582088310181
1.475,916.6399532757566,False,0.5242918282821427,0.4909118729575582,2.259088597090233,4047.0648352799317,39.95319799285295
1.475,923.4310661173952,False,0.5222783428582592,0.4837354823039886,2.2501011625127236,4014.9276461111876,39.65826749585572
1.475,930.222178959034,False,0.5203775533427579,0.47681403052336097,2.241243061360268,3983.3782818960563,39.37290837290035
1.475,937.0132918006725,False,0.5185829332541013,0.4701335811557807,2.2325116011198993,3952.401758066119,39.096646058074214
1.475,943.8044046423112,False,0.5168884390929762,0.4636812097764306,2.2239041477155,3921.9835227129392,38.82903748673426
1.475,950.5955174839498,False,0.5152884666546916,0.45744491320388525,2.215418124288415,3892.1094430205535,38.569668487183584
1.475,957.3866303255885,False,0.5137778119955692,0.4514135283402554,2.207051010173062,3862.7657927576497,38.31815143003591
1.475,964.1777431672272,False,0.5123516364850775,0.4455766594697961,2.1988003400038933,3833.9392405765675,38.074123105807104
1.475,970.9688560088657,False,0.5110054354533389,0.43992461300326874,2.190663702897083,3805.616838898602,37.83724280508124
1.475,977.7599688505044,False,0.5097350100098459,0.4344483387918005,2.18263874167131,3777.7860132446135,37.60719057886761
1.475,984.551081692143,False,0.508536441665391,0.42913937724994117,2.174723152082844,3750.4345519116123,37.383665659561174
1.475,991.3421945337817,False,0.5074060694372858,0.4239898116267017,2.166914682058588,3723.550595927991,37.16638502533439
1.475,998.1333073754204,False,0.5063404691589706,0.41899222484805954,2.1592111309168307,3697.1226292429565,36.9550820928661
1.475,1004.924420217059,False,0.5053364347503738,0.41413966042714423,2.1516103485697817,3671.139469121731,36.7495055251148
1.475,1011.7155330586976,False,0.5043909612356614,0.40942558700083986,2.144110234705057,3645.590256729413,36.549418142402736
1.475,1018.5066459003363,False,0.5035012293211363,0.4048438661054723,2.1367087379454435,3620.4644478942155,36.354595926433625
1.475,1025.297758741975,False,0.5026645913686763,0.4003887228509117,2.1294038549877627,3595.7518040460773,36.16482710805075
1.475,1032.0888715836136,False,0.501878558619594,0.3960547191927673,2.1221936297226107,3571.442383329981,35.97991133057067
1.475,1038.8799844252521,False,0.5011407895408373,0.39183672953746923,2.1150761523374357,3547.5265318956567,35.799658881432094
1.475,1045.6710972668907,False,0.500449079180217,0.3877299184455702,2.108049558405593,3523.994875365907,35.62388998569114
1.475,1052.4622101085295,False,0.49980134943021925,0.3837297202252048,2.1011120279646804,3500.8383104879795,35.45243415558748
1.475,1059.2533229501682,False,0.49919564011126005,0.3798318202309634,2.094261784586255,3478.047996968351,35.28512959102006
1.475,1066.0444357918068,False,0.49863010079504577,0.3760321377037703,2.0874970944409825,3455.615349497756,35.12182262630718
1.475,1072.8355486334453,False,0.4981029832974251,0.37232681000530654,2.0808162653610744,3433.5320299659616,34.96236721908684
1.475,1079.6266614750841,False,0.49761263477764756,0.3687121781161795,2.074217645902968,3411.789939869443,34.806624477629825
1.475,1086.4177743167227,False,0.49715749138770754,0.3651847732809476,2.0676996244125925,3390.381212913128,34.65446222321669
1.475,1093.2088871583614,False,0.49673607242129303,0.3617413046952743,2.0612606280954195,3369.298207806907,34.50575458455739
1.475,1100.0,False,0.49634697491713387,0.3583786481413333,2.054899122093231,3348.5335012568344,34.360381621531076
1.494,420.8887158361356,False,,,,,
1.494,427.67982867777425,False,,,,,
1.494,434.47094151941286,False,,,,,
1.494,441.2620543610515,False,,,,,
1.494,448.0531672026902,False,,,,,
1.494,454.8442800443288,False,,,,,
1.494,461.63539288596746,False,,,,,
1.494,468.4265057276061,False,,,,,
1.494,475.21761856924473,False,,,,,
1.494,482.0087314108834,False,,,,,
1.494,488.799844252522,False,,,,,
1.494,495.5909570941607,False,,,,,
1.494,502.38206993579934,False,,,,,
1.494,509.17318277743794,False,,,,,
1.494,515.9642956190767,False,,,,,
1.494,522.7554084607152,False,,,,,
1.494,529.5465213023539,False,,,,,
1.494,536.3376341439925,False,,,,,
1.494,543.1287469856312,False,,,,,
1.494,549.9198598272699,False,,,,,
1.494,556.7109726689084,False,,,,,
1.494,563.5020855105471,False,,,,,
1.494,570.2931983521858,False,,,,,
1.494,577.0843111938244,False,117.31437889569864,240.78135401622364,inf,inf,1010.5805569405279
1.494,583.8754240354631,False,7.476395450822207,14.992229282434739,inf,inf,249.47776480080415
1.494,590.6665368771016,False,4.00792269427432,7.856360183247219,inf,inf,178.84192506176532
1.494,597.4576497187403,False,2.803165749676588,5.373963676679361,inf,inf,146.60018716449335
1.494,604.248762560379,False,2.191601078455409,4.111098118460807,inf,inf,127.1803122275858
1.494,611.0398754020176,False,1.821909608006464,3.3455792305630037,inf,inf,113.87261468121987
1.494,617.8309882436563,False,1.574463734940844,2.831489141413451,inf,inf,104.03793239206028
1.494,624.6221010852948,False,1.3973617819017332,2.4621287037042454,inf,inf,96.39883767351425
1.494,631.4132139269336,False,1.2644419130322913,2.183710720312491,inf,inf,90.25159551897681
1.494,638.2043267685722,False,1.161085305012375,1.9661767793277636,inf,inf,85.17232968393101
1.494,644.9954396102108,False,1.0784821760571992,1.791410364911026,inf,inf,80.88843805738578
1.494,651.7865524518495,False,1.0110069736166707,1.6478411777875341,inf,inf,77.21556737274865
1.494,658.5776652934882,False,0.9548988556578037,1.5277326364949648,inf,inf,74.02397891897193
1.494,665.3687781351268,False,0.9075481277400322,1.4257149971086178,inf,inf,71.2193664645294
1.494,672.1598909767654,False,0.8670870655390683,1.3379441805111765,inf,inf,68.7313161761077
1.494,678.951003818404,False,0.8321436930426197,1.2615955817935185,inf,inf,66.50605203468511
1.494,685.7421166600427,False,0.8016875140290894,1.1945469073873776,inf,inf,64.50170416227733
1.494,692.5332295016814,False,0.7749294793504176,1.1351725063718605,inf,inf,62.68512442591725
1.494,699.32434234332,False,0.7512551751489567,1.0822059965778625,inf,inf,61.02968470920701
1.494,706.1154551849586,False,0.7301790350971119,1.034646112545392,inf,inf,59.513718405595775
1.494,712.9065680265974,False,0.7113122425544427,0.9916906985579486,inf,inf,58.11939419656713
1.494,719.6976808682359,False,0.694339773758441,0.9526894954251887,inf,inf,56.83188718402978
1.494,726.4887937098746,False,0.6790036823605208,0.9171097598873379,inf,inf,55.63875882864373
1.494,733.2799065515132,False,0.6650907313136686,0.8845108229135917,inf,inf,54.52948624585667
1.494,740.0710193931518,False,0.6524231077071071,0.8545249874243737,2.549467119354545,5154.332910333903,53.49510012538867
1.494,746.8621322347906,False,0.6408513596764154,0.8268429955300294,2.5331201303889728,5088.446439235344,52.52790284474074
1.494,753.6532450764291,False,0.6302489587201452,0.8012028385222089,2.51856112965296,5030.123266173396,51.62124660171333
1.494,760.4443579180678,False,0.6205080671045801,0.7773810454004488,2.504689942428299,4974.868193517784,50.76935702980189
1.494,767.2354707597065,False,0.6115362098390925,0.7551858320118192,2.491254234307874,4921.63876877444,49.967191676855265
1.494,774.026583601345,False,0.6032536334112484,0.7344516629203975,2.478151526909976,4870.004368519956,49.21032548923755
1.494,780.8176964429838,False,0.5955911914208718,0.7150348972678934,2.465329644706741,4819.740223223077,48.49485741870643
1.494,787.6088092846223,False,0.588488638414514,0.6968102745185748,2.452758184845648,4770.710930483852,47.81733369978615
1.494,794.399922126261,False,0.5818932428317758,0.6796680568635105,2.4404176333379657,4722.825981953531,47.17468439406807
1.494,801.1910349678997,False,0.575758651525988,0.6635116893726719,2.4282944586249626,4676.019705570862,46.56417057509847
1.494,807.9821478095383,False,0.570043954179662,0.6482558715920083,2.416378640781283,4630.24116233454,45.98334010953022
1.494,814.773260651177,False,0.5647129077234027,0.6338249585239063,2.4046623254743653,4585.44864114936,45.429990430257156
1.494,821.5643734928155,False,0.5597332897136434,0.6201516271227516,2.3931390467129967,4541.606478641999,44.9021370329295
1.494,828.3554863344542,False,0.5550763563237725,0.607175758214791,2.38180325773109,4498.683137863506,44.397986685511825
1.494,835.1465991760929,False,0.550716385718382,0.5948434942721783,2.3706500380096154,4456.650005957486,43.91591454078481
1.494,841.9377120177315,False,0.5466302915174823,0.5831064415691092,2.359674905376378,4415.480620194004,43.454444498129874
1.494,848.7288248593702,False,0.5427972941102734,0.5719209915275182,2.3488736929835743,4375.150158067632,43.01223228399662
1.494,855.5199377010088,False,0.5391986399620075,0.561247740963852,2.3382424674731186,4335.635094731699,42.58805081791349
1.494,862.3110505426475,False,0.535817360931275,0.5510509948035438,2.3277774738862838,4296.912968878905,42.180777508553454
1.494,869.1021633842861,False,0.532638067097589,0.5412983378799479,2.317475098254243,4258.962220185205,41.78938318662829
1.494,875.8932762259248,False,0.5296467677786855,0.5319602648617261,2.307331842053559,4221.762074702524,41.412922431560666
1.494,882.6843890675634,False,0.5268307163611969,0.5230098592956831,2.2973443046949105,4185.292462693909,41.050525089559514
1.494,889.475501909202,False,0.5241782753280904,0.5144225143155872,2.28750917151276,4149.533958689896,40.70138881385383
1.494,896.2666147508407,False,0.5216787984806975,0.5061756888322417,2.2778232055228043,4114.46773680457,40.36477248495468
1.494,903.0577275924793,False,0.5193225278526771,0.4982486940482326,2.2682832417716003,4080.0755366066533,40.03999039111657
1.494,909.848840434118,False,0.5171005032211494,0.4906225059804846,2.2588861834634755,4046.3396363011007,39.726407067588156
1.494,916.6399532757566,False,0.5150044824547182,0.4832796003625211,2.2496289992996052,4013.2428309823345,39.4234327085123
1.494,923.4310661173952,False,0.5130268712138756,0.4762038068660347,2.240508721627525,3980.7684143787815,39.130519078065305
1.494,930.222178959034,False,0.511160660747135,0.46938018005075943,2.2315224451366347,3948.9001630486414,38.84715585805073
1.494,937.0132918006725,False,0.5093993727156987,0.46279488484175174,2.2226673258913077,3917.6223222197273,38.57286737809342
1.494,943.8044046423112,False,0.5077370101372372,0.45643509465823756,2.2139405805767627,3886.919592786474,38.30720968208863
1.494,950.5955174839498,False,0.5061680136714228,0.450288900590264,2.2053394858603674,3856.7771190894873,38.049767890910736
1.494,957.3866303255885,False,0.5046872225807427,0.4443452302478331,2.1968613778052317,3827.1804772341957,37.80015382676866
1.494,964.1777431672272,False,0.5032898397934676,0.43859377509961545,2.1885036512933724,3798.1156637837516,37.55800386916859
1.494,970.9688560088657,False,0.5019714005745942,0.433024925281017,2.1802637594309067,3769.569084718909,37.32297701635023
1.494,977.7599688505044,False,0.5007277443774595,0.4276297109892588,2.1721392129181405,3741.5275445966495,37.09475312939877
1.494,984.551081692143,False,0.49955498950560956,0.42239974970040917,2.164127579375206,3713.9782358680764,36.87303133910084
1.494,991.3421945337817,False,0.4984495102629969,0.4173271985433019,2.156226482619005,3686.908728334573,36.65752859807386
1.494,998.1333073754204,False,0.49740791631206915,0.4124047112508278,2.1484336018908543,3660.3069587342084,36.4479783628252
1.494,1004.924420217059,False,0.4964270339948396,0.40762539918239543,2.140746671036723,3634.161220458923,36.24412939223079
1.494,1011.7155330586976,False,0.4955038894025967,0.40298279597442893,2.1331634776434334,3608.460153408011,36.04574465051677
1.494,1018.5066459003363,False,0.49463569300628163,0.39847082543013396,2.125681862135238,3583.19273398669,35.85260030421062
1.494,1025.297758741975,False,0.4938198256822468,0.3940837723066726,2.118299716835922,3558.348265260714,35.66448480372932
1.494,1032.0888715836136,False,0.49305382598788855,0.3898162556986187,2.1110149850007627,3533.9163672749833,35.48119804132717
1.494,1038.8799844252521,False,0.49233537855865755,0.38566320475178983,2.10382565982461,3509.8869675502806,35.3025505780388
1.494,1045.6710972668907,False,0.49166230351289386,0.3816198364723282,2.096729783430136,3486.2502917645343,35.12836293306341
1.494,1052.4622101085295,False,0.49103254676385166,0.37768163542263156,2.089725445841361,3462.9968546284003,34.958464929739286
1.494,1059.2533229501682,False,0.49044417114961036,0.37384433511913734,2.082810783946798,3440.117450962179,34.79269509288123
1.494,1066.0444357918068,False,0.48989534830147946,0.370103900967436,2.0759839804562623,3417.6031469799896,34.63090009280094
1.494,1072.8355486334453,False,0.48938435118016316,0.3664565145881258,2.0692432628550583,3395.4452717859303,34.47293423181328
1.494,1079.6266614750841,False,0.48890954721667185,0.36289855940266763,2.062586902358979,3373.6354090860177,34.31865896946409
1.494,1086.4177743167227,False,0.48846939200152584,0.35942660736226933,2.0560132128729633,3352.165389117711,34.16794248308568
1.494,1093.2088871583614,False,0.48806242347190076,0.35603740671521544,2.0495205499562568,3331.027280798921,34.02065926063305
1.494,1100.0,False,0.4876872565514871,0.35272787071880496,2.0431073097963317,3310.2133840964807,33.87668972304682
1.513,420.8887158361356,False,,,,,
1.513,427.67982867777425,False,,,,,
1.513,434.47094151941286,False,,,,,
1.513,441.2620543610515,False,,,,,
1.513,448.0531672026902,False,,,,,
1.513,454.8442800443288,False,,,,,
1.513,461.63539288596746,False,,,,,
1.513,468.4265057276061,False,,,,,
1.513,475.21761856924473,False,,,,,
1.513,482.0087314108834,False,,,,,
1.513,488.799844252522,False,,,,,
1.513,495.5909570941607,False,,,,,
1.513,502.38206993579934,False,,,,,
1.513,509.17318277743794,False,,,,,
1.513,515.9642956190767,False,,,,,
1.513,522.7554084607152,False,,,,,
1.513,529.5465213023539,False,,,,,
1.513,536.3376341439925,False,,,,,
1.513,543.1287469856312,False,,,,,
1.513,549.9198598272699,False,,,,,
1.513,556.7109726689084,False,,,,,
1.513,563.5020855105471,False,,,,,
1.513,570.2931983521858,False,,,,,
1.513,577.0843111938244,False,,,,,
1.513,583.8754240354631,False,9.19729604128479,18.5288611531639,inf,inf,277.9396178483655
1.513,590.6665368771016,False,4.360348103595272,8.58603819387222,inf,inf,187.2506679042871
1.513,597.4576497187403,False,2.933063496306191,5.6479907717938405,inf,inf,150.44347244429693
1.513,604.248762560379,False,2.250081344589375,4.239161108336974,inf,inf,129.21591143720275
1.513,611.0398754020176,False,1.849854824649733,3.411363772527168,inf,inf,115.00049097688895
1.513,617.8309882436563,False,1.5870861165112866,2.8660962445605898,inf,inf,104.64455924558605
1.513,624.6221010852948,False,1.4014734323687228,2.47946775880806,inf,inf,96.67920505372813
1.513,631.4132139269336,False,1.2634888718266768,2.1908086586109072,inf,inf,90.31518100501016
1.513,638.2043267685722,False,1.1569680934497364,1.9669035672084187,inf,inf,85.08547061517683
1.513,644.9954396102108,False,1.07231846509259,1.7880384992474658,inf,inf,80.69369574560673
1.513,651.7865524518495,False,1.003487304805069,1.6417724840823458,inf,inf,76.94148826636767
1.513,658.5776652934882,False,0.946466762642631,1.5198659861051231,inf,inf,73.69039980172086
1.513,665.3687781351268,False,0.8984974657959792,1.4166448367906388,inf,inf,70.84047536149959
1.513,672.1598909767654,False,0.8576174507949503,1.3280735164540876,inf,inf,68.31750636973369
1.513,678.951003818404,False,0.8223934884786315,1.2512031435315079,inf,inf,66.0650913037122
1.513,685.7421166600427,False,0.7917541887032061,1.1838285630633372,inf,inf,64.03949769768549
1.513,692.5332295016814,False,0.7648825726219565,1.1242676093068884,inf,inf,62.20622732362683
1.513,699.32434234332,False,0.7411447766473047,1.07121460137702,inf,inf,60.537655010201426
1.513,706.1154551849586,False,0.7200414623312889,1.0236404898044136,inf,inf,59.01136569344172
1.513,712.9065680265974,False,0.7011739205237442,0.980723194534479,inf,inf,57.608958066485684
1.513,719.6976808682359,False,0.6842199339058291,0.9417979936532467,inf,inf,56.3151675806905
1.513,726.4887937098746,False,0.6689162701455582,0.9063215368019717,inf,inf,55.117212699548894
1.513,733.2799065515132,False,0.6550457735199694,0.8738453080718345,2.5611025380569292,5201.48760784544,54.00430020563022
1.513,740.0710193931518,False,0.6424277048093457,0.8439957642298841,2.5432917217416393,5129.393184663142,52.96724576495212
1.513,746.8621322347906,False,0.6309104141270853,0.8164592675390052,2.5280580565235935,5068.129712430292,51.99817930484904
1.513,753.6532450764291,False,0.6203657147388538,0.7909705146672764,2.51361388280235,5010.381184116636,51.09031367906445
1.513,760.4443579180678,False,0.6106845142839544,0.7673035501796894,2.4996455195718403,4954.8496934184,50.237761161652834
1.513,767.2354707597065,False,0.6017733872773794,0.7452647149983092,2.4860337226707,4901.033443696561,49.43538651052516
1.513,774.026583601345,False,0.5935518604576696,0.7246870603847366,2.4727199993177926,4848.679945860579,48.67868829286517
1.513,780.8176964429838,False,0.5859502437852591,0.7054258838299352,2.4596711441988064,4797.640781701348,47.963702268723175
1.513,787.6088092846223,False,0.5789078832639569,0.6873551323494133,2.4468662626618896,4747.818419542992,47.286922148879334
1.513,794.399922126261,False,0.5723717428679814,0.6703644826086769,2.4342910807688725,4699.142886292783,46.64523415421102
1.513,801.1910349678997,False,0.5662952454409482,0.6543569537134049,2.4219351389423016,4651.5602610397145,46.035862625338545
1.513,807.9821478095383,False,0.5606373190112626,0.6392469425676408,2.409790288976467,4605.026512805592,45.45632454513922
1.513,814.773260651177,False,0.5553616072640711,0.6249585969729899,2.3978498391097336,4559.50399482997,44.904391299813035
1.513,821.5643734928155,False,0.5504358121181081,0.6114244605672191,2.3861080452567767,4514.959356809854,44.37805635675837
1.513,828.3554863344542,False,0.545831143314742,0.5985843380039874,2.374559797677286,4471.362256740424,43.875507808258845
1.513,835.1465991760929,False,0.5415218552304357,0.5863843396777237,2.3632004229130614,4428.684543584045,43.395104939550464
1.513,841.9377120177315,False,0.5374848551988383,0.5747760736744973,2.352025556119394,4386.899726883381,42.93535814327716
1.513,848.7288248593702,False,0.5336993707833412,0.5637159591149635,2.3410310576001043,4345.982626131578,42.49491163072323
1.513,855.5199377010088,False,0.53014666590046,0.553164640112115,2.3302129577194286,4305.90913524451,42.07252849172534
1.513,862.3110505426475,False,0.5268097976249044,0.5430864835359519,2.3195674203559684,4266.656062050723,41.66707773594594
1.513,869.1021633842861,False,0.5236734070322706,0.5334491469131367,2.309090718617145,4228.201017278873,41.27752301286102
1.513,875.8932762259248,False,0.520723538647325,0.5242232052821936,2.2987792187535026,4190.522336597388,40.90291275988311
1.513,882.6843890675634,False,0.5179474840345767,0.5153818278172505,2.288629369570788,4153.5990248162025,40.54237157018232
1.513,889.475501909202,False,0.5153336458465989,0.5069004966349921,2.2786376955404,4117.410715031061,40.19509260606898
1.513,896.2666147508407,False,0.5128714192745017,0.4987567614934039,2.2688007923872697,4081.9376378402935,39.860330911832925
1.513,903.0577275924793,False,0.5105510883557706,0.49093002514172074,2.2591153243248585,4047.1605973420274,39.53739750297092
1.513,909.848840434118,False,0.5083637350113648,0.4834013549382912,2.2495780223590374,4013.0609516383147,39.22565412773995
1.513,916.6399532757566,False,0.506301159025349,0.4761533170556273,2.2401856832838005,3979.620596368586,38.92450861271804
1.513,923.4310661173952,False,0.5043558074613919,0.4691698301702806,2.2309351690833976,3946.8219501710455,38.63341071715958
1.513,930.222178959034,False,0.5025207122427068,0.462436036013213,2.2218234065685594,3914.6479414071523,38.351848431875375
1.513,937.0132918006725,False,0.5007894348147031,0.4559381845530103,2.2128473871186687,3883.081995661944,38.07934466754235
1.513,943.8044046423112,False,0.49915601697009887,0.4496635319147053,2.2040041664482373,3852.1080237117135,37.81545428506567
1.513,950.5955174839498,False,0.49761493705047866,0.44360024941332155,2.1952908643446176,3821.7104097599436,37.55976142713756
1.513,957.3866303255885,False,0.49616107085073424,0.4377373423129413,2.1867046643441284,3791.8739998188944,37.31187711565096
1.513,964.1777431672272,False,0.4947896566476771,0.43206457711735186,2.178242813328158,3762.584090167556,37.07143708432401
1.513,970.9688560088657,False,0.4934962638540247,0.42657241636304627,2.169902621030438,3733.8264158517377,36.83809981988385
1.513,977.7599688505044,False,0.49227676486678923,0.4212519600250492,2.16168145945351,3705.587139216288,36.611544788579344
1.513,984.551081692143,False,0.4911273097366546,0.4160948927646738,2.153576762196717,3677.8528384741994,36.39147082772035
1.513,991.3421945337817,False,0.49004430333401,0.4110934363494668,2.1455860237010365,3650.610496327163,36.17759468446086
1.513,998.1333073754204,False,0.4890243847292463,0.4062403066620423,2.137706798417686,3623.8474886569857,35.96964968621371
1.513,1004.924420217059,False,0.4880644085408113,0.401528674788551,2.129936699908701,3597.55157331083,35.76738452895814
1.513,1011.7155330586976,False,0.48716142803545004,0.39695213174124067,2.122273399887148,3571.710879000639,35.570562171329854
1.513,1018.5066459003363,False,0.48631267979158593,0.39250465642434457,2.114714627206358,3546.313894342231,35.37895882378975
1.513,1025.297758741975,False,0.4855155697597765,0.3881805864999128,2.107258166805414,3521.3494570515218,35.192363023397256
1.513,1032.0888715836136,False,0.4847676605740237,0.3839745918511717,2.099901858619073,3496.8067433180254,35.01057478578333
1.513,1038.8799844252521,False,0.484066659984992,0.3798816503765859,2.092643596459205,3472.6752573715025,34.833404826855826
1.513,1045.6710972668907,False,0.4834104103010952,0.37589702587867,2.085481326874434,3448.944821255972,34.66067384758649
1.513,1052.4622101085295,False,0.4827968787365281,0.37201624783858217,2.0784130479940717,3425.6055648228953,34.49221187595046
1.513,1059.2533229501682,False,0.4822241485766738,0.36823509289103845,2.071436808361857,3402.6479159532664,34.32785766072075
1.513,1066.0444357918068,False,0.48169041108130073,0.3645495678346757,2.0645507057644283,3380.0625910161734,34.1674581123772
1.513,1072.8355486334453,False,0.4811939580546829,0.36095589403103795,2.0577528860589576,3357.8405855696715,34.01086778688088
1.513,1079.6266614750841,False,0.48073317501947643,0.35745049306122745,2.0510415420038215,3335.973165307954,33.857948408501564
1.513,1086.4177743167227,False,0.48030653493788716,0.3540299735231813,2.044414912095768,3314.451857257415,33.70856842826754
1.513,1093.2088871583614,False,0.4799125924296823,0.3506911188648831,2.0378712794165583,3293.2684412227377,33.56260261495351
1.513,1100.0,False,0.4795499784417603,0.34743087615961893,2.0314089704916563,3272.4149414828626,33.41993167582053
1.532,420.8887158361356,False,,,,,
1.532,427.67982867777425,False,,,,,
1.532,434.47094151941286,False,,,,,
1.532,441.2620543610515,False,,,,,
1.532,448.0531672026902,False,,,,,
1.532,454.8442800443288,False,,,,,
1.532,461.63539288596746,False,,,,,
1.532,468.4265057276061,False,,,,,
1.532,475.21761856924473,False,,,,,
1.532,482.0087314108834,False,,,,,
1.532,488.799844252522,False,,,,,
1.532,495.5909570941607,False,,,,,
1.532,502.38206993579934,False,,,,,
1.532,509.17318277743794,False,,,,,
1.532,515.9642956190767,False,,,,,
1.532,522.7554084607152,False,,,,,
1.532,529.5465213023539,False,,,,,
1.532,536.3376341439925,False,,,,,
1.532,543.1287469856312,False,,,,,
1.532,549.9198598272699,False,,,,,
1.532,556.7109726689084,False,,,,,
1.532,563.5020855105471,False,,,,,
1.532,570.2931983521858,False,,,,,
1.532,577.0843111938244,False,,,,,
1.532,583.8754240354631,False,12.23731131806216,24.76740197769916,inf,inf,322.11495170243387
1.532,590.6665368771016,False,4.823123003568498,9.540274273428599,inf,inf,197.7347821524154
1.532,597.4576497187403,False,3.0919297494639704,5.980258565070737,inf,inf,154.9976962789483
1.532,604.248762560379,False,2.3204524878773127,4.390672297554688,inf,inf,131.60438407535815
1.532,611.0398754020176,False,1.884104216114952,3.489253243543646,inf,inf,116.34374497495095
1.532,617.8309882436563,False,1.6036693683291152,2.908067359346414,inf,inf,105.40128523767603
1.532,624.6221010852948,False,1.408388874670083,2.5018382414795544,inf,inf,97.07410308773274
1.532,631.4132139269336,False,1.2646970531430495,2.2016471077488364,inf,inf,90.47192727592724
1.532,638.2043267685722,False,1.1546217712137423,1.9705891432172153,inf,inf,85.07795324594298
1.532,644.9954396102108,False,1.0676710514924064,1.7871169122637023,inf,inf,80.56882821946503
1.532,651.7865524518495,False,0.9973080002094691,1.637803410991061,inf,inf,76.73048905959541
1.532,658.5776652934882,False,0.9392475260660742,1.5138451942521116,inf,inf,73.4148320848792
1.532,665.3687781351268,False,0.8905635145729947,1.4092293496791637,inf,inf,70.51569068732198
1.532,672.1598909767654,False,0.8491896075941583,1.3197085408118392,inf,inf,67.95471063878455
1.532,678.951003818404,False,0.8136249989557064,1.2421969515921605,inf,inf,65.67263742247233
1.532,685.7421166600427,False,0.7827533097028455,1.1743983886356435,inf,inf,63.62372348670725
1.532,692.5332295016814,False,0.7557268874672133,1.1145687047646724,inf,inf,61.77201527087832
1.532,699.32434234332,False,0.7318905240133092,1.061359153312922,inf,inf,60.08881605364383
1.532,706.1154551849586,False,0.7107297644567361,1.0137102338511714,inf,inf,58.55090837941477
1.532,712.9065680265974,False,0.6918350302010189,0.9707780076237078,inf,inf,57.13928111228559
1.532,719.6976808682359,False,0.674876184876291,0.9318818560693195,inf,inf,55.838200086947516
1.532,726.4887937098746,False,0.6595841607651401,0.8964667376350033,inf,inf,54.634517859811915
1.532,733.2799065515132,False,0.6457374599912057,0.864075455162249,2.5545952835753867,5175.089286599801,53.51715310343932
1.532,740.0710193931518,False,0.6331520853285929,0.8343279666007242,2.5385265640970993,5110.190142318379,52.476692477567376
1.532,746.8621322347906,False,0.6216739252414734,0.806905736256668,2.523440912584761,5049.634159567695,51.50508232377292
1.532,753.6532450764291,False,0.6111729224351778,0.7815397493211416,2.508895313648372,4991.587812562669,50.5953871813538
1.532,760.4443579180678,False,0.6015385568288991,0.7580012264071636,2.4947394905139597,4935.419113181928,49.74159866192426
1.532,767.2354707597065,False,0.5926763097669286,0.736094353875088,2.480903860122712,4880.8280151461195,48.938482729402395
1.532,774.026583601345,False,0.5845048694410111,0.7156505370027662,2.467350422911908,4827.644738305331,48.18145659055679
1.532,780.8176964429838,False,0.5769539023387896,0.6965238162026728,2.45405595763571,4775.760704085237,47.46648864595928
1.532,787.6088092846223,False,0.5699622613121136,0.6785871804923066,2.44100495886523,4725.09950268716,46.790016567883946
1.532,794.399922126261,False,0.5634765336044567,0.661729579667928,2.4281862582097067,4675.603004869641,46.14887975051445
1.532,801.1910349678997,False,0.5574498558857865,0.6458534853209335,2.4155912574747833,4627.224101562547,45.540263247265116
1.532,807.9821478095383,False,0.5518409407040821,0.6308728864903622,2.403212943681412,4579.922657077646,44.96165095811038
1.532,814.773260651177,False,0.5466132716095766,0.6167116321301843,2.391045313411697,4533.663143203388,44.410786317720984
1.532,821.5643734928155,False,0.5417344338083141,0.6033020522886993,2.3790830243447623,4488.41320487703,43.885639105931766
1.532,828.3554863344542,False,0.5371755544421648,0.5905838047699463,2.3673211787727664,4444.1427659375795,43.38437728619151
1.532,835.1465991760929,False,0.5329108321007829,0.578502905362084,2.3557551865914412,4400.823459272759,42.90534299719256
1.532,841.9377120177315,False,0.5289171393954424,0.5670109083961355,2.3443806775201383,4358.428257309423,42.44703199381016
1.532,848.7288248593702,False,0.5251736856895463,0.5560642111060433,2.333193444501264,4316.931228972914,42.00807596753627
1.532,855.5199377010088,False,0.5216617296219416,0.545623460482549,2.322189407168093,4276.307377774837,41.5872272824284
1.532,862.3110505426475,False,0.5183643330511597,0.5356530454064401,2.3113645883979888,4236.532532630249,41.183345746709115
1.532,869.1021633842861,False,0.5152661496197937,0.5261206600754003,2.300715099446197,4197.583273169209,40.795387107384386
1.532,875.8932762259248,False,0.5123532423853486,0.5169969273016835,2.290237130726112,4159.4368777251,40.422393009320906
1.532,882.6843890675634,False,0.5096129259594275,0.5082550723040242,2.2799269462926306,4122.071286220922,40.063482203936445
1.532,889.475501909202,False,0.5070336293962474,0.4998706392598769,2.2697808807269313,4085.4650727815388,39.71784282818321
1.532,896.2666147508407,False,0.5046047767163757,0.49182124420985,2.259795337557644,4049.5974246594546,39.384725603520906
1.532,903.0577275924793,False,0.5023166824745906,0.4840863589815306,2.2499667886202763,4014.448125140812,39.06343782838604
1.532,909.848840434118,False,0.5001604602069626,0.47664712167629003,2.240291773967069,3979.997538930674,38.75333805728951
1.532,916.6399532757566,False,0.49812794194124155,0.4694861699802849,2.23076690205875,3946.226598992639,38.4538313759261
1.532,923.4310661173952,False,0.4962116072414262,0.4625874941508535,2.221388850063584,3913.1167941847107,38.16436519517867
1.532,930.222178959034,False,0.49440452049439165,0.4559363070168917,2.2121543641500923,3880.6501572698617,37.88442549817728
1.532,937.0132918006725,False,0.492700275342748,0.4495189287357461,2.2030602597024207,3848.8092530425483,37.613533484010155
1.532,943.8044046423112,False,0.49109294533154024,0.44332268438541533,2.194103421416303,3817.5771664214462,37.35124255961981
1.532,950.5955174839498,False,0.48957703997295304,0.43733581275183475,2.1852808032537685,3786.937490433153,37.097135638117344
1.532,957.3866303255885,False,0.48814746554753,0.4315473849064356,2.1765894282480307,3756.874314059361,36.85082270740962
1.532,964.1777431672272,False,0.4867994900567368,0.42594723136737006,2.168026388159099,3727.372209951706,36.61193863785166
1.532,970.9688560088657,False,0.48552871182280183,0.42052587680489284,2.159588842986246,3698.4162220370063,36.38014120172786
1.532,977.7599688505044,False,0.48433103130066196,0.41527448139309314,2.151274020347674,3669.9918530488494,36.15510928087666
1.532,984.551081692143,False,0.48320262572507544,0.4101847880302704,2.143079214738178,3642.085052021525,35.93654124176347
1.532,991.3421945337817,False,0.4821399262657318,0.4052490747526969,2.135001786679144,3614.682201792869,35.724153459887816
1.532,998.1333073754204,False,0.4811395974056912,0.40046011175401924,2.127039161772801,3587.770106552759,35.51767897763235
1.532,1004.924420217059,False,0.48019851829472243,0.3958111224973641,2.119188829674094,3561.3359794775497,35.31686628157123
1.532,1011.7155330586976,False,0.47931376586043956,0.3912957484716493,2.1114483429923814,3535.367430485504,35.121478186922
1.532,1018.5066459003363,False,0.47848259948692434,0.3869080171989126,2.103815316134503,3509.8524541449665,34.93129081825908
1.532,1025.297758741975,False,0.47770244709374515,0.38264231314731967,2.0962874240998595,3484.7794177629744,34.74609267686264
1.532,1032.0888715836136,False,0.47697089246832935,0.37849335124585154,2.088862401237399,3460.1370496787868,34.56568378616683
1.532,1038.8799844252521,False,0.47628566372201536,0.3744561527325288,2.081538039973233,3435.9144277821874,34.38987490772465
1.532,1045.6710972668907,False,0.4756446227552546,0.37052602309922616,2.074312189516986,3412.1009682739045,34.218486820943205
1.532,1052.4622101085295,False,0.4750457556305291,0.36669853192323054,2.0671827545539645,3388.686414681683,34.05134966057232
1.532,1059.2533229501682,False,0.47448716376311073,0.36296949439945486,2.0601476939294128,3365.660827142625,33.8883023065777
1.532,1066.0444357918068,False,0.47396705584973614,0.3593349544078711,2.0532050193305857,3343.014571960423,33.7291918215913
1.532,1072.8355486334453,False,0.473483740464148,0.35579116896895513,2.04635279397137,3320.7383114427735,33.573872931636814
1.532,1079.6266614750841,False,0.4730356192560994,0.35233459395581984,2.039589131283813,3298.8229940230103,33.422207546265454
1.532,1086.4177743167227,False,0.4726211806972679,0.3489618709457915,2.0329121936202332,3277.2598446678285,33.27406431463247
1.532,1093.2088871583614,False,0.4722389943234795,0.34566981510651723,2.026320190969095,3256.0403555714365,33.1293182143899
1.532,1100.0,False,0.47188770542790903,0.3424554040226051,2.019811379687327,3235.1562771350405,32.98785017057914
1.551,420.8887158361356,False,,,,,
1.551,427.67982867777425,False,,,,,
1.551,434.47094151941286,False,,,,,
1.551,441.2620543610515,False,,,,,
1.551,448.0531672026902,False,,,,,
1.551,454.8442800443288,False,,,,,
1.551,461.63539288596746,False,,,,,
1.551,468.4265057276061,False,,,,,
1.551,475.21761856924473,False,,,,,
1.551,482.0087314108834,False,,,,,
1.551,488.799844252522,False,,,,,
1.551,495.5909570941607,False,,,,,
1.551,502.38206993579934,False,,,,,
1.551,509.17318277743794,False,,,,,
1.551,515.9642956190767,False,,,,,
1.551,522.7554084607152,False,,,,,
1.551,529.5465213023539,False,,,,,
1.551,536.3376341439925,False,,,,,
1.551,543.1287469856312,False,,,,,
1.551,549.9198598272699,False,,,,,
1.551,556.7109726689084,False,,,,,
1.551,563.5020855105471,False,,,,,
1.551,570.2931983521858,False,,,,,
1.551,577.0843111938244,False,,,,,
1.551,583.8754240354631,False,18.9689262961635,38.568661687180644,inf,inf,403.0424110059254
1.551,590.6665368771016,False,5.449773178052714,10.828375308993897,inf,inf,211.08989208344875
1.551,597.4576497187403,False,3.2873604891269297,6.386265715792779,inf,inf,160.40829189224522
1.551,604.248762560379,False,2.4046085060662024,4.569522799312963,inf,inf,134.38839175519666
1.551,611.0398754020176,False,1.9252503432650092,3.5804982022799354,inf,inf,117.91722218640558
1.551,617.8309882436563,False,1.6243998649391362,2.957831572227399,inf,inf,106.31300917923558
1.551,624.6221010852948,False,1.4181418146773752,2.529361418414054,inf,inf,97.58422427784492
1.551,631.4132139269336,False,1.2680358211424714,2.2162179630424004,inf,inf,90.7205466392906
1.551,638.2043267685722,False,1.1539867903892984,1.9771674100007182,inf,inf,85.14749218618338
1.551,644.9954396102108,False,1.0644671759509319,1.7885530600914477,inf,inf,80.51102843910343
1.551,651.7865524518495,False,0.9923905583851063,1.6358299370586997,inf,inf,76.57948824096636
1.551,658.5776652934882,False,0.9331606322008252,1.509562218960903,inf,inf,73.19405492900304
1.551,665.3687781351268,False,0.8836656639854777,1.4033602954679965,inf,inf,70.24172901710953
1.551,672.1598909767654,False,0.8417238198091228,1.3127427868734567,inf,inf,67.63962770443467
1.551,678.951003818404,False,0.8057599018799745,1.2344733061760715,inf,inf,65.32539772011573
1.551,685.7421166600427,False,0.7746081801916898,1.1661559126695873,inf,inf,63.25111315721905
1.551,692.5332295016814,False,0.7473874370104676,1.1059787173683564,inf,inf,61.37925336896714
1.551,699.32434234332,False,0.7234191422931081,1.0525459779493083,inf,inf,59.679971568382115
1.551,706.1154551849586,False,0.7021723353175063,1.0047649870601523,inf,inf,58.129191458171825
1.551,712.9065680265974,False,0.6832255673845146,0.9617679662013133,inf,inf,56.7072506455054
1.551,719.6976808682359,False,0.6662400462769588,0.92285694410412,inf,inf,55.397914379519975
1.551,726.4887937098746,False,0.650940315425688,0.8874640960537323,2.567265455717735,5226.55096146307,54.18764577049801
1.551,733.2799065515132,False,0.6371001114438178,0.8551227096195356,2.5500500528204095,5156.690247385416,53.06505721659561
1.551,740.0710193931518,False,0.6245318498852758,0.8254455962430723,2.5342289040257193,5092.901948442091,52.02049215942316
1.551,746.8621322347906,False,0.6130786976881717,0.7981088116032541,2.51905285251994,5032.087616420841,51.04570209370576
1.551,753.6532450764291,False,0.602608519026292,0.7728392211662292,2.504313993129104,4973.374868683344,50.13359421664013
1.551,760.4443579180678,False,0.5930091975711203,0.7494048910715623,2.4899239291979485,4916.383959352358,49.2780321618343
1.551,767.2354707597065,False,0.5841849833602419,0.7276075824102574,2.47583691282125,4860.911367994343,48.4736771115732
1.551,774.026583601345,False,0.5760536116212964,0.7072768303963516,2.4620260806400274,4806.831886506697,47.71585996579113
1.551,780.8176964429838,False,0.5685440096837148,0.6882652310698508,2.448474051899753,4754.059871628637,47.000477643886214
1.551,787.6088092846223,False,0.561594456519149,0.670444657502193,2.435168613503023,4702.531466238085,46.32390831736723
1.551,794.399922126261,False,0.555151093977951,0.6537031983258424,2.4221005332803145,4652.195594320913,45.682941623421435
1.551,801.1910349678997,False,0.5491667137203359,0.6379426625723539,2.409262371569059,4603.009069728651,45.07472083063973
1.551,807.9821478095383,False,0.5435997620511509,0.6230765321753184,2.3966478018112403,4554.933800279299,44.49669461316466
1.551,814.773260651177,False,0.5384135183110713,0.6090282710863985,2.3842512075601197,4507.93512773799,43.94657660409996
1.551,821.5643734928155,False,0.5335754125018417,0.5957299205282678,2.3720674370497568,4461.980813748858,43.42231128921445
1.551,828.3554863344542,False,0.5290564553682642,0.5831209253954401,2.3600916510371603,4417.040406992421,42.92204510044107
1.551,835.1465991760929,False,0.5248307598886479,0.5711471485740741,2.3483192274978717,4373.0848418744035,42.444101798887466
1.551,841.9377120177315,False,0.5208751375111661,0.5597600389553123,2.336745701765875,4330.086180965547,41.986961416006
1.551,848.7288248593702,False,0.51716875585728,0.5489159258636362,2.3253667291161046,4288.017448066771,41.549242161671636
1.551,855.5199377010088,False,0.5136928472431629,0.5385754180211271,2.314178061728603,4246.852519093016,41.12968481836877
1.551,862.3110505426475,False,0.5104304594279017,0.5287028893941725,2.3031755348988363,4206.566049990148,40.7271392283243
1.551,869.1021633842861,False,0.5073662416183834,0.519266037598152,2.2923550591934965,4167.133428406168,40.34055255040349
1.551,875.8932762259248,False,0.5044862600455057,0.5102355031742526,2.2817126163961508,4128.530740509278,39.96895901977094
1.551,882.6843890675634,False,0.5017778384507202,0.5015845401565856,2.2712442578153675,4090.7347473063915,39.61147098869625
1.551,889.475501909202,False,0.4992294196432193,0.49328873003483004,2.2609461040321537,4053.722866841859,39.26727106371878
1.551,896.2666147508407,False,0.4968304449499904,0.48532573257752953,2.250814345449652,4017.473159815409,38.935605184434394
1.551,903.0577275924793,False,0.4945712489172343,0.47767506808300436,2.240845243248508,3981.964317104675,38.615776513798984
1.551,909.848840434118,False,0.4924429670582106,0.47031792652191606,2.2310351304784932,3947.1756481831076,38.30714003012917
1.551,916.6399532757566,False,0.4904374547995357,0.4632369997691945,2.221380413118573,3913.087069817887,38.009097727752966
1.551,923.4310661173952,False,0.488547216071293,0.45641633372587664,2.211877571002081,3879.67909467975,37.721094347198374
1.551,930.222178959034,False,0.48676534022813983,0.4498411976286296,2.202523158547909,3846.9328196632514,37.44261356741768
1.551,937.0132918006725,False,0.48508544618907545,0.4434979682567949,2.1933138052681715,3814.829913824718,37.17317460227401
1.551,943.8044046423112,False,0.4835016328499931,0.4373740270892329,2.184246216042576,3783.3526059158908,36.91232915167291
1.551,950.5955174839498,False,0.48200843496235496,0.43145766874937047,2.175317171162514,3752.4836715351744,36.65965866461616
1.551,957.3866303255885,False,0.4806007837876155,0.4257380193162367,2.1665235261559155,3722.2064199444158,36.414771877265935
1.551,964.1777431672272,False,0.47927397193504157,0.4202049632807688,2.1578622114091393,3692.5046806147006,36.1773025940558
1.551,970.9688560088657,False,0.4780236218730086,0.4148490780963952,2.149330231603621,3663.362789566898,35.946907684083214
1.551,977.7599688505044,False,0.4768456576737191,0.4096615754166315,2.1409246649879754,3634.7655755800965,35.72326526860999
1.551,984.551081692143,False,0.47573627961054527,0.40463424823437383,2.1326426625044332,3606.6983463321717,35.506073078571106
1.551,991.3421945337817,False,0.47469194127755,0.39975942324131275,2.1244814467889945,3579.1468745359907,35.29504696362598
1.551,998.1333073754204,False,0.47370932894386425,0.39502991781456825,2.116438311063384,3552.0973841281952,35.08991953656298
1.551,1004.924420217059,False,0.4727853428923267,0.3904390011134071,2.1085106179356914,3525.5365365614816,34.890438938822015
1.551,1011.7155330586976,False,0.47191708052346104,0.38598035883405196,2.100695798125148,3499.451417244852,34.696367714599546
1.551,1018.5066459003363,False,0.47110182103301396,0.3816480612265672,2.092991349125203,3473.8295221706,34.50748178246903
1.551,1025.297758741975,False,0.4703370114947482,0.3774365340261433,2.0853948338176655,3448.658744760982,34.32356949472938
1.551,1032.0888715836136,False,0.4696202542004169,0.3733405319928486,2.0779038790492192,3423.9273629617524,34.14443077580587
1.551,1038.8799844252521,False,0.46894929512645867,0.36935511479015953,2.0705161741806197,3399.6240266057066,33.969876332003146
1.551,1045.6710972668907,False,0.46832201341214413,0.3654756249639943,2.063229469617391,3375.737745063897,33.799726925757284
1.551,1052.4622101085295,False,0.4677364117472528,0.3616976678114017,2.056041575330082,3352.2578751993046,33.63381270828447
1.551,1059.2533229501682,False,0.46719060757886227,0.35801709295189627,2.0489503593708984,3329.174109633416,33.47197260517442
1.551,1066.0444357918068,False,0.4666828250570207,0.3544299774353569,2.041953746392718,3306.4764653333455,33.314053750057894
1.551,1072.8355486334453,False,0.46621138764789277,0.35093261023867584,2.0350497161758274,3284.155272524949,33.15991096198393
1.551,1079.6266614750841,False,0.4657747113507523,0.3475214780193947,2.0282363021666385,3262.201163933878,33.00940626259195
1.551,1086.4177743167227,False,0.4653712984620587,0.34419325200871215,2.0215115900324307,3240.6050643559533,32.86240842956399
1.551,1093.2088871583614,False,0.46499973183583493,0.34094477593864486,2.0148737162351593,3219.35818055516,32.71879258319185
1.551,1100.0,False,0.4646586695949149,0.3377730549091328,2.008320866627178,3198.4519914871503,32.578439803209996
1.5699999999999998,420.8887158361356,False,,,,,
1.5699999999999998,427.67982867777425,False,,,,,
1.5699999999999998,434.47094151941286,False,,,,,
1.5699999999999998,441.2620543610515,False,,,,,
1.5699999999999998,448.0531672026902,False,,,,,
1.5699999999999998,454.8442800443288,False,,,,,
1.5699999999999998,461.63539288596746,False,,,,,
1.5699999999999998,468.4265057276061,False,,,,,
1.5699999999999998,475.21761856924473,False,,,,,
1.5699999999999998,482.0087314108834,False,,,,,
1.5699999999999998,488.799844252522,False,,,,,
1.5699999999999998,495.5909570941607,False,,,,,
1.5699999999999998,502.38206993579934,False,,,,,
1.5699999999999998,509.17318277743794,False,,,,,
1.5699999999999998,515.9642956190767,False,,,,,
1.5699999999999998,522.7554084607152,False,,,,,
1.5699999999999998,529.5465213023539,False,,,,,
1.5699999999999998,536.3376341439925,False,,,,,
1.5699999999999998,543.1287469856312,False,,,,,
1.5699999999999998,549.9198598272699,False,,,,,
1.5699999999999998,556.7109726689084,False,,,,,
1.5699999999999998,563.5020855105471,False,,,,,
1.5699999999999998,570.2931983521858,False,,,,,
1.5699999999999998,577.0843111938244,False,,,,,
1.5699999999999998,583.8754240354631,False,46.04177594994007,94.04440648869097,inf,inf,631.2224825350152
1.5699999999999998,590.6665368771016,False,6.336458783771334,12.646650863993356,inf,inf,228.64655378786887
1.5699999999999998,597.4576497187403,False,3.5302611595919595,6.888227529424922,inf,inf,166.87606032330606
1.5699999999999998,604.248762560379,False,2.5050533677293796,4.780829628995168,inf,inf,137.62310101769856
1.5699999999999998,611.0398754020176,False,1.9740640239744531,3.6867005618565276,inf,inf,119.74007972769303
1.5699999999999998,617.8309882436563,False,1.6495363320110423,3.015955748127339,inf,inf,107.38663766030908
1.5699999999999998,624.6221010852948,False,1.4308042677262454,2.5622280334708822,inf,inf,98.21144327019644
1.5699999999999998,631.4132139269336,False,1.273499531421279,2.2345560299733536,inf,inf,91.06058154586827
1.5699999999999998,638.2043267685722,False,1.1550224895152978,1.9866030799452834,inf,inf,85.29246015650558
1.5699999999999998,644.9954396102108,False,1.0626497584097445,1.792278894195317,inf,inf,80.51805318640533
1.5699999999999998,651.7865524518495,False,0.9886702584358167,1.635768821937214,inf,inf,76.48591103492514
1.5699999999999998,658.5776652934882,False,0.9281381024734312,1.5069273767173466,inf,inf,73.02531653856816
1.5699999999999998,665.3687781351268,False,0.8777349504287829,1.398946071189108,inf,inf,70.01574916768038
1.5699999999999998,672.1598909767654,False,0.8351513403418651,1.3070851173611322,inf,inf,67.36937826060007
1.5699999999999998,678.951003818404,False,0.7987303007836648,1.2279427909360796,inf,inf,65.0204853907672
1.5699999999999998,685.7421166600427,False,0.7672520779839096,1.1590140783992813,inf,inf,62.918790892119965
1.5699999999999998,692.5332295016814,False,0.7397988232333838,1.09841324444583,inf,inf,61.02508793917422
1.5699999999999998,699.32434234332,False,0.7156666090353064,1.0446934267484331,inf,inf,59.30829662362938
1.5699999999999998,706.1154551849586,False,0.6943065235642998,0.9967258451222425,inf,inf,57.74342249876086
1.5699999999999998,712.9065680265974,False,0.6752842161567894,0.953616839110382,inf,inf,56.31010866611998
1.5699999999999998,719.6976808682359,False,0.6582514852389667,0.9146495960928462,2.5821492552478085,5287.328809138126,54.99158765223472
1.5699999999999998,726.4887937098746,False,0.6429259238077941,0.879242400549457,2.562760257470789,5208.223298766507,53.7739088321582
1.5699999999999998,733.2799065515132,False,0.6290760766037723,0.8469181850960359,2.546051090253954,5140.529590382182,52.64535968699254
1.5699999999999998,740.0710193931518,False,0.6165104427570253,0.817281967201823,2.5301750263777394,5076.621265858196,51.596025928825576
1.5699999999999998,746.8621322347906,False,0.6050692095542056,0.7900038868543836,2.514807325361179,5015.1400865989945,50.6174527633858
1.5699999999999998,753.6532450764291,False,0.5946179573780231,0.764806287003041,2.4998266442153176,4955.567777556078,49.702380916047815
1.5699999999999998,760.4443579180678,False,0.585042808316811,0.7414537551603303,2.4851746272312303,4897.64674146403,48.84453867751376
1.5699999999999998,767.2354707597065,False,0.5762466463441492,0.7197453631481862,2.4708187542116713,4841.226627238255,48.03847644655465
1.5699999999999998,774.026583601345,False,0.5681461426938416,0.6995085587406391,2.456738836494595,4786.208543411486,47.27943387877079
1.5699999999999998,780.8176964429838,False,0.5606693931432796,0.6805943128094145,2.4429211536282223,4732.520843375096,46.56323231463663
1.5699999999999998,787.6088092846223,False,0.5537540251922747,0.6628732307120452,2.4293555990466755,4680.107346308171,45.88618699603893
1.5699999999999998,794.399922126261,False,0.5473456695871214,0.6462324114286625,2.416034176864185,4628.921139637913,45.24503491190556
1.5699999999999998,801.1910349678997,False,0.5413967168964016,0.6305728917959429,2.402950164805337,4578.921130240102,44.63687509045032
1.5699999999999998,807.9821478095383,False,0.5358652989751566,0.6158075524166131,2.3900976291711427,4530.070045540654,44.05911888035954
1.5699999999999998,814.773260651177,False,0.5307144492433191,0.6018593907175074,2.3774711359316316,4482.333240220175,43.509448306470766
1.5699999999999998,821.5643734928155,False,0.525911406187082,0.5886600881285899,2.365065575601142,4435.6779686579885,42.98578099655521
1.5699999999999998,828.3554863344542,False,0.5214270323652991,0.5761488145043541,2.352876056202262,4390.072934889556,42.48624048963386
1.5699999999999998,835.1465991760929,False,0.5172353271696397,0.5642712251477369,2.340897837915223,4345.488011623575,42.00913097786478
1.5699999999999998,841.9377120177315,False,0.5133130161465457,0.5529786151495354,2.32912629367445,4301.894063909581,41.55291572150481
1.5699999999999998,848.7288248593702,False,0.5096392032005654,0.542227202960287,2.3175568860594886,4259.2628381460945,41.11619852298995
1.5699999999999998,855.5199377010088,False,0.5061950747233113,0.5319775207017123,2.3061851544519167,4217.566892024396,40.69770776153131
1.5699999999999998,862.3110505426475,False,0.5029636468211391,0.5221938930930177,2.295006708627293,4176.7795500125185,40.296282581016804
1.5699999999999998,869.1021633842861,False,0.49992954848917825,0.5128439903035501,2.284017226310825,4136.874874539191,39.910860896881054
1.5699999999999998,875.8932762259248,False,0.4970788349046987,0.5038984427632941,2.2732124531150597,4097.8276466416055,39.5404689460475
1.5699999999999998,882.6843890675634,False,0.4943988260680551,0.49533050812861196,2.262588203809039,4059.6133519945793,39.184212151178535
1.5699999999999998,889.475501909202,False,0.49187796686453006,0.48711578233525993,2.2521403642594895,4022.2081697948365,38.84126710868927
1.5699999999999998,896.2666147508407,False,0.48950570530058907,0.47923194806720004,2.2418648936108583,3985.5889628750256,38.51087454111647
1.5699999999999998,903.0577275924793,False,0.48727238621863617,0.4716585551000715,2.2317578264356097,3949.733268065064,38.19233307994037
1.5699999999999998,909.848840434118,False,0.4851691582419623,0.4643768278973439,2.2218152746917026,3914.619286225423,37.884993765930666
1.5699999999999998,916.6399532757566,False,0.4831878920672878,0.4573694965882387,2.212033429394768,3880.225871644226,37.58825517142025
1.5699999999999998,923.4310661173952,False,0.4813211085224162,0.45062064807292634,2.2024085619593348,3846.532520663104,37.30155906328883
1.5699999999999998,930.222178959034,False,0.47956191505386164,0.4441155945086038,2.1929370251938933,3813.519359505911,37.02438653741871
1.5699999999999998,937.0132918006725,False,0.4779039495139624,0.4378407568505521,2.183615253954191,3781.1671313516244,36.75625456539981
1.5699999999999998,943.8044046423112,False,0.47634133028704123,0.4317835614716697,2.1744397654717704,3749.4571827335126,36.496712902668584
1.5699999999999998,950.5955174839498,False,0.47486861193593377,0.42593234817536324,2.1654071593803774,3718.371449361816,36.24534131434495
1.5699999999999998,957.3866303255885,False,0.4734807456689257,0.42027628816063617,2.1565141174691633,3687.8924414843736,36.00174708101827
1.5699999999999998,964.1777431672272,False,0.4721730440267028,0.4148053107030085,2.1477574031902664,3658.0032288902958,35.765562751802456
1.5699999999999998,970.9688560088657,False,0.4709411492729954,0.40951003748765735,2.1391338609501602,3628.687425663617,35.536444116300835
1.5699999999999998,977.7599688505044,False,0.46978100504348586,0.4043817236770601,2.130640415212374,3599.9291747837246,35.314068370798026
1.5699999999999998,984.551081692143,False,0.46868883086778645,0.39941220491927815,2.122274069437869,3571.7131326612375,35.09813245714837
1.5699999999999998,991.3421945337817,False,0.4676610992304768,0.3945938496083137,2.1140319048873146,3544.0244536879586,34.88835155553208
1.5699999999999998,998.1333073754204,False,0.4666945148808559,0.3899195157978267,2.105911079307585,3516.8487748703,34.68445771457567
1.5699999999999998,1004.924420217059,False,0.4657859961383585,0.3853825122463059,2.0979088255226124,3490.172200605963,34.486198604335094
1.5699999999999998,1011.7155330586976,False,0.46493265797269345,0.3809765631377886,2.0900224499467748,3463.9812876551164,34.2933363793795
1.5699999999999998,1018.5066459003363,False,0.46413179666521626,0.37669577607884003,2.082249331037014,3438.2630303492488,34.105646640710646
1.5699999999999998,1025.297758741975,False,0.4633808758818285,0.3725346130214247,2.0745869176980594,3413.004846073452,33.922917486562234
1.5699999999999998,1032.0888715836136,False,0.46267751400817536,0.368487863803521,2.0670327276534506,3388.194561051422,33.74494864325864
1.5699999999999998,1038.8799844252521,False,0.46201947261570636,0.3645506220359406,2.0595843457934766,3363.8203964565073,33.57155066830622
1.5699999999999998,1045.6710972668907,False,0.46140464594254504,0.36071826309556676,2.0522394225097855,3339.870954867111,33.40254421875697
1.5699999999999998,1052.4622101085295,False,0.4608310512865426,0.3569864240128761,2.044995672025105,3316.3352070801106,33.237759378644796
1.5699999999999998,1059.2533229501682,False,0.46029682021959073,0.35335098506572454,2.037850870725343,3293.2024792919387,33.077035039964116
1.5699999999999998,1066.0444357918068,False,0.45980019054246835,0.34980805291243044,2.0308028555004185,3270.4624406538906,32.92021833224597
1.5699999999999998,1072.8355486334453,False,0.45933949890843495,0.34635394511563117,2.023849522099065,3248.105091204693,32.767164096305805
1.5699999999999998,1079.6266614750841,False,0.45891317405165793,0.34298517592459166,2.0169888235022744,3226.1207501816116,32.617734398195296
1.5699999999999998,1086.4177743167227,False,0.4585197305634131,0.33969844319783826,2.010218768319129,3204.5000447086254,32.47179807979374
1.5699999999999998,1093.2088871583614,False,0.45815776316507556,0.3364906163605216,2.003537419208187,3183.2338988585693,32.3292303428333
1.5699999999999998,1100.0,False,0.4578259414322919,0.33335872530197896,1.9969428913271252,3162.313523084978,32.18991236347233
1.589,420.8887158361356,False,,,,,
1.589,427.67982867777425,False,,,,,
1.589,434.47094151941286,False,,,,,
1.589,441.2620543610515,False,,,,,
1.589,448.0531672026902,False,,,,,
1.589,454.8442800443288,False,,,,,
1.589,461.63539288596746,False,,,,,
1.589,468.4265057276061,False,,,,,
1.589,475.21761856924473,False,,,,,
1.589,482.0087314108834,False,,,,,
1.589,488.799844252522,False,,,,,
1.589,495.5909570941607,False,,,,,
1.589,502.38206993579934,False,,,,,
1.589,509.17318277743794,False,,,,,
1.589,515.9642956190767,False,,,,,
1.589,522.7554084607152,False,,,,,
1.589,529.5465213023539,False,,,,,
1.589,536.3376341439925,False,,,,,
1.589,543.1287469856312,False,,,,,
1.589,549.9198598272699,False,,,,,
1.589,556.7109726689084,False,,,,,
1.589,563.5020855105471,False,,,,,
1.589,570.2931983521858,False,,,,,
1.589,577.0843111938244,False,,,,,
1.589,583.8754240354631,False,,,,,
1.589,590.6665368771016,False,7.674636758200403,15.385892085764139,inf,inf,252.83555361501863
1.589,597.4576497187403,False,3.8367822807290834,7.519010460278898,inf,inf,174.68539192127656
1.589,604.248762560379,False,2.625124767966897,5.031389479149818,inf,inf,141.38014023790657
1.589,611.0398754020176,False,2.031536782539423,3.8099001789658677,inf,inf,121.83664217848448
1.589,617.8309882436563,False,1.6794195908415674,3.0831651420818313,inf,inf,108.63129597658198
1.589,624.6221010852948,False,1.4464882910387395,2.6007028111002954,inf,inf,98.95885006599562
1.589,631.4132139269336,False,1.2811069035553353,2.2567387934057304,inf,inf,91.49237958395746
1.589,638.2043267685722,False,1.1577057045619132,1.9988899155143143,inf,inf,85.51184197878867
1.589,644.9954396102108,False,1.0621757697462524,1.7982486171191923,inf,inf,80.58816934598376
1.589,651.7865524518495,False,0.9860944800946001,1.6375552520174501,inf,inf,76.44763319931677
1.589,658.5776652934882,False,0.9241228326971435,1.5058670191195604,inf,inf,72.90627766035684
1.589,665.3687781351268,False,0.8727124414307306,1.3959094714603553,inf,inf,69.83529633352111
1.589,672.1598909767654,False,0.8294128295194725,1.3026575852191264,inf,inf,67.14145013913557
1.589,678.951003818404,False,0.792477218344,1.2225282364808503,inf,inf,64.75536583091846
1.589,685.7421166600427,False,0.7606268010110555,1.1528973060531786,inf,inf,62.624220965731546
1.589,692.5332295016814,False,0.7329038315680109,1.0917987109940237,inf,inf,60.70699523080573
1.589,699.32434234332,False,0.7085767943891071,1.0377301178737997,inf,inf,58.97128745717503
1.589,706.1154551849586,False,0.6870773147085742,0.9895236770011354,inf,inf,57.391122532218965
1.589,712.9065680265974,False,0.6679570695721457,0.9462577285079145,inf,inf,55.9454037468323
1.589,719.6976808682359,False,0.6508576726943053,0.907195087274062,2.576922778980753,5265.9465194273225,54.616797435984296
1.589,726.4887937098746,False,0.635489193173773,0.871739016390906,2.5590088262872714,5192.986609402123,53.39091408277906
1.589,733.2799065515132,False,0.6216145516559877,0.8394012426837535,2.5423299009511293,5125.51425557256,52.255697043352825
1.589,740.0710193931518,False,0.609037999428263,0.809778338133864,2.5262757648814245,5060.986125602125,51.20095942317414
1.589,746.8621322347906,False,0.5975964859752394,0.7825340201693827,2.510662699827223,4998.622917299541,50.218028464238046
1.589,753.6532450764291,False,0.5871531038939078,0.7573857091119632,2.4954109600376047,4938.07624794069,49.29946914726961
1.589,760.4443579180678,False,0.5775920503478131,0.7340941937648593,2.480479025380632,4879.156553542682,48.43886697250795
1.589,767.2354707597065,False,0.56881471086143,0.7124555974613669,2.4658424418862994,4821.745477362954,47.6306555115856
1.589,774.026583601345,False,0.5607365841770031,0.6922950682253303,2.451485292918706,4765.7605658388375,46.86997822415055
1.589,780.8176964429838,False,0.5532848446827834,0.6734617760565083,2.4373962556865316,4711.138959631073,46.15257677839169
1.589,787.6088092846223,False,0.546396393315196,0.6558249117935113,2.4235666033413343,4657.829141528484,45.47470007434151
1.589,794.399922126261,False,0.5400162864014832,0.6392704610195735,2.409989126557865,4605.786487741672,44.833029585907866
1.589,801.1910349678997,False,0.534096459602977,0.6236985832194009,2.396657525114563,4554.970759479365,44.224617674734134
1.589,807.9821478095383,False,0.528594684243157,0.6090214676308605,2.3835660542420563,4505.344643214328,43.646836296545985
1.589,814.773260651177,False,0.5234737080907361,0.595161567534599,2.370709315342586,4456.8728829110205,43.097334094644836
1.589,821.5643734928155,False,0.5187005436440832,0.5820501372181225,2.3580821313069755,4409.521757438652,42.574000308612604
1.589,828.3554863344542,False,0.5142458751901893,0.5696260127113575,2.345679472615122,4363.258763994603,42.07493425653538
1.589,835.1465991760929,False,0.5100835621332428,0.5578345901430707,2.3334964144411368,4318.052426458472,41.59841940281284
1.589,841.9377120177315,False,0.5061902208336329,0.546626965295039,2.321528112840732,4273.872180069337,41.1429012201832
1.589,848.7288248593702,False,0.5025448708467865,0.5359592054102159,2.309769792696683,4230.688302764412,40.70696820798621
1.589,855.5199377010088,False,0.4991286342776792,0.525791730105468,2.29821674283439,4188.4718747570505,40.28933554924654
1.589,862.3110505426475,False,0.4959244791716412,0.516088782760033,2.2868643154176436,4147.194754866934,39.88883098453405
1.589,869.1021633842861,False,0.4929169995939562,0.5068179773018643,2.275707927769586,4106.829566327139,39.50438255650454
1.589,875.8932762259248,False,0.4900922264194324,0.49794990812081924,2.2647430654533816,4067.3496875662545,39.13500793984551
1.589,882.6843890675634,False,0.48743746394150966,0.4894578130698206,2.253965285866858,4028.729245144195,38.77980512034356
1.589,889.475501909202,False,0.4849411482808734,0.4813172813004359,2.2433702218901095,3990.9431071433405,38.43794422646489
1.589,896.2666147508407,False,0.48259272427347444,0.4735059991151095,2.23295358530762,3953.966876027376,38.10866034913746
1.589,903.0577275924793,False,0.4803825380835644,0.46600352817889873,2.222711169846204,3917.7768804376756,37.79124721183829
1.589,909.848840434118,False,0.47830174324681085,0.4587911113763749,2.2126388537482002,3882.3501656889116,37.485051574792834
1.589,916.6399532757566,False,0.4763422182236452,0.45185150236902466,2.202732601849733,3847.664482907915,37.189468275013866
1.589,923.4310661173952,False,0.47449649385044534,0.4451688155394963,2.1929884671659896,3813.69827687122,36.90393581875906
1.589,930.222178959034,False,0.47275768932919177,0.4387283935285599,2.183402592005167,3780.4306726607533,36.627932455340144
1.589,937.0132918006725,False,0.47111945560566215,0.43251669000045617,2.173971208643379,3747.841461287555,36.360972671551494
1.589,943.8044046423112,False,0.469575925159798,0.4265211656288539,2.164690639600456,3715.911084452552,36.102604054637844
1.589,950.5955174839498,False,0.4681216673767317,0.4207301955929961,2.155557297557081,3684.62061860775,35.852404479015284
1.589,957.3866303255885,False,0.46675164878788244,0.4151329871221023,2.146567684954836,3653.9517584781274,35.609979578107634
1.589,964.1777431672272,False,0.4654611975731864,0.4097195058348344,2.1377183933189996,3623.8868001921232,35.37496046788018
1.589,970.9688560088657,False,0.46424597180097327,0.40448040979628197,2.129006102341585,3594.4086241547725,35.147001693079865
1.589,977.7599688505044,False,0.4631019309542933,0.3994069903634217,2.120427578759447,3565.5006777834556,34.92577937097249
1.589,984.551081692143,False,0.46202531035364847,0.3944911190157755,2.1119796750590596,3537.146958210953,34.71098951059403
1.589,991.3421945337817,False,0.46101259813816253,0.38972519947498907,2.1036593280368256,3509.3319950474943,34.502346488305676
1.589,998.1333073754204,False,0.4600605145115287,0.3851021245082047,2.0954635572405493,3482.0408332795782,34.29958166282181
1.589,1004.924420217059,False,0.4591659929970059,0.38061523688807836,2.0873894633151027,3455.2590163720397,34.10244211493329
1.589,1011.7155330586976,False,0.45832616347818,0.37625829404908956,2.0794342262725043,3428.972569628394,33.91068949892096
1.589,1018.5066459003363,False,0.45753833683016193,0.37202543603725313,2.0715951037043396,3403.1679838552413,33.72409899419206
1.589,1025.297758741975,False,0.45679999096992974,0.3679111563998339,2.063869428952191,3377.832199367738,33.54245834700681
1.589,1032.0888715836136,False,0.4561087581752772,0.3639102757043957,2.0562546092497014,3352.952590365433,33.365566993322425
1.589,1038.8799844252521,False,0.45546241353980504,0.3600179174135284,2.0487481238481404,3328.5169497013326,33.19323525479445
1.589,1045.6710972668907,False,0.454858864447028,0.35622948587375475,2.0413475221357165,3304.5134740612552,33.02528360086391
1.589,1052.4622101085295,False,0.4542961409601879,0.35254064620500963,2.0340504217594146,3280.9307495655253,32.86154197063074
1.589,1059.2533229501682,False,0.45377238703618816,0.34894730590144796,2.026854506756847,3257.757737800723,32.70184914889599
1.589,1066.0444357918068,False,0.45328585248241077,0.34544559797561775,2.019757525704536,3234.983762285839,32.54605219135516
1.589,1072.8355486334453,False,0.452834885584174,0.34203186549663006,2.012757289887939,3212.5984953736793,32.394005894450785
1.589,1079.6266614750841,False,0.45241792633853983,0.3387026473892988,2.0058516714977532,3190.5919455862054,32.24557230586001
1.589,1086.4177743167227,False,0.4520335002370736,0.335454665375526,1.9990386018561785,3168.954445379974,32.10062027200145
1.589,1093.2088871583614,False,0.4516802125463603,0.3322848119518852,1.9923160696761855,3147.676639336243,31.959025019314748
1.589,1100.0,False,0.45135674304040396,0.3291901393084411,1.9856821193562075,3126.749472768714,31.820667766386375
1.608,420.8887158361356,False,,,,,
1.608,427.67982867777425,False,,,,,
1.608,434.47094151941286,False,,,,,
1.608,441.2620543610515,False,,,,,
1.608,448.0531672026902,False,,,,,
1.608,454.8442800443288,False,,,,,
1.608,461.63539288596746,False,,,,,
1.608,468.4265057276061,False,,,,,
1.608,475.21761856924473,False,,,,,
1.608,482.0087314108834,False,,,,,
1.608,488.799844252522,False,,,,,
1.608,495.5909570941607,False,,,,,
1.608,502.38206993579934,False,,,,,
1.608,509.17318277743794,False,,,,,
1.608,515.9642956190767,False,,,,,
1.608,522.7554084607152,False,,,,,
1.608,529.5465213023539,False,,,,,
1.608,536.3376341439925,False,,,,,
1.608,543.1287469856312,False,,,,,
1.608,549.9198598272699,False,,,,,
1.608,556.7109726689084,False,,,,,
1.608,563.5020855105471,False,,,,,
1.608,570.2931983521858,False,,,,,
1.608,577.0843111938244,False,,,,,
1.608,583.8754240354631,False,,,,,
1.608,590.6665368771016,False,9.907504839557685,19.95065583574914,inf,inf,288.7123135000913
1.608,597.4576497187403,False,4.231813467541965,8.329233083816685,inf,inf,184.25277367898497
1.608,604.248762560379,False,2.7693323402072827,5.330363760909828,inf,inf,145.7533992442723
1.608,611.0398754020176,False,2.098940290410748,3.9526954299253756,inf,inf,124.237580202864
1.608,617.8309882436563,False,1.714486288049528,3.1603717923570858,inf,inf,110.05862674400332
1.608,624.6221010852948,False,1.4653491128718952,2.6451315530997452,inf,inf,99.83081830630772
1.608,631.4132139269336,False,1.2909011088041527,2.2828874229907887,inf,inf,92.01708832088403
1.608,638.2043267685722,False,1.1620298689253112,2.014049759429577,inf,inf,85.8052029929292
1.608,644.9954396102108,False,1.063014999107389,1.806437045883531,inf,inf,80.72011227926407
1.608,651.7865524518495,False,0.9846213717611848,1.6411410018475865,inf,inf,76.46293571100679
1.608,658.5776652934882,False,0.9210672508765465,1.506321669370016,inf,inf,72.83496523475911
1.608,665.3687781351268,False,0.8685479180027327,1.3941858691891547,inf,inf,69.69825586192695
1.608,672.1598909767654,False,0.824457074897704,1.299393684302884,inf,inf,66.95365271833761
1.608,678.951003818404,False,0.786949357332278,1.2181630485992754,inf,inf,64.52781189462104
1.608,685.7421166600427,False,0.7546814691667185,1.1477398983745433,inf,inf,62.36516391897913
1.608,692.5332295016814,False,0.7266522717454437,1.086070849011096,inf,inf,60.42273852246802
1.608,699.32434234332,False,0.7021003384589345,1.03159348464431,inf,inf,58.666719476909726
1.608,706.1154551849586,False,0.6804362423514501,0.9830977375435981,inf,inf,57.0700849131887
1.608,712.9065680265974,False,0.6611965722057267,0.9396317418043878,2.593503117482911,5333.928426889703,55.61095070919785
1.608,719.6976808682359,False,0.6440119548577953,0.9004363565456937,2.573268604551687,5251.022483796787,54.27138204291199
1.608,726.4887937098746,False,0.628584346591333,0.8648986630561026,2.5556049719037173,5179.180940494315,53.036524364942885
1.608,733.2799065515132,False,0.6146706032171831,0.832518315259154,2.538784458929595,5111.228507323697,51.89395704872032
1.608,740.0710193931518,False,0.6020703925077597,0.8028827801605686,2.5224881156836267,5045.8216134223985,50.83320528699782
1.608,746.8621322347906,False,0.5906171663658442,0.7756488428742067,2.506597185491405,4982.44749122366,49.84536640210574
1.608,753.6532450764291,False,0.5801713255817367,0.7505286011850543,2.4910551492918094,4920.852188770507,48.92282017599428
1.608,760.4443579180678,False,0.570614979987409,0.7272787271441966,2.4758308517285994,4860.887568043748,48.05900175760035
1.608,767.2354707597065,False,0.5618478857628176,0.7056921394643686,2.4609050858313792,4802.455647831809,47.24822178103189
1.608,774.026583601345,False,0.5537842624473757,0.685591477745929,2.4462647920549694,4745.484559054038,46.48552252347033
1.608,780.8176964429838,False,0.546350275123169,0.6668239392849841,2.431900257597509,4689.916953795047,45.76656187436965
1.608,787.6088092846223,False,0.5394820250224407,0.6492571575066681,2.4178036598659367,4635.70398798239,45.08751898139586
1.608,794.399922126261,False,0.5331239326566061,0.6327758846817665,2.403968269483858,4582.802033536229,44.445016948343316
1.608,801.1910349678997,False,0.5272274268118603,0.6172793014625112,2.390387999290537,4531.170818050481,43.83605906228833
1.608,807.9821478095383,False,0.5217498739543829,0.602678819173164,2.3770571441192274,4480.772348337457,43.25797584082584
1.608,814.773260651177,False,0.516653698124881,0.5888962726021933,2.3639702297428307,4431.57028010471,42.708380797236295
1.608,821.5643734928155,False,0.5119056529093808,0.5758624246050519,2.3511219259545757,4383.529548002605,42.18513327878011
1.608,828.3554863344542,False,0.5074762156795477,0.5635157214502277,2.3385069980045774,4336.616150159342,41.6863070810943
1.608,835.1465991760929,False,0.5033390807917583,0.5518012511443052,2.326120281155667,4290.797024988845,41.210163808401944
1.608,841.9377120177315,False,0.4994707333794941,0.5406698671001291,2.313956669164904,4246.039983006974,40.75513015548618
1.608,848.7288248593702,False,0.49585008916904516,0.5300774472860539,2.3020111110286297,4202.313670924736,40.319778448061584
1.608,855.5199377010088,False,0.4924581886836025,0.519984265006553,2.2902786124903796,4159.587554124761,39.90280990425744
1.608,862.3110505426475,False,0.48927793648701634,0.5103544521479593,2.2787542401011316,4117.831908883618,39.503040179533485
1.608,869.1021633842861,False,0.48629387791135437,0.5011555393963218,2.2674331264728838,4077.01781912691,39.119386836539626
1.608,875.8932762259248,False,0.4834920071274267,0.4923580608338174,2.256310475876293,4037.117174541918,38.75085844477236
1.608,882.6843890675634,False,0.48085960154114515,0.4839352126228838,2.2453815696734263,3998.102668211063,38.396545065837145
1.608,889.475501909202,False,0.4783850783961047,0.47586255732667626,2.234641771291371,3959.9477927605994,38.055609921342
1.608,896.2666147508407,False,0.4760578701835648,0.46811776689189416,2.224086530581096,3922.6268345440626,37.72728207395733
1.608,903.0577275924793,False,0.4738683160429365,0.4606803985129728,2.2137113874943113,3886.1148657051153,37.410849979554406
1.608,909.848840434118,False,0.4718075668080913,0.45353169856474856,2.203511975066595,3850.38773416079,37.10565579081284
1.608,916.6399532757566,False,0.4698675017397039,0.4466544305800053,2.193484021729589,3815.422051661269,36.811090311216184
1.608,923.4310661173952,False,0.46804065529916106,0.44003272389491593,2.1836233529937634,3781.1951801381156,36.526588513704716
1.608,930.222178959034,False,0.4663201525788403,0.43365194011724223,2.1739258925558764,3747.6852165858663,36.251625551011514
1.608,937.0132918006725,False,0.4646996522177926,0.4274985550116164,2.164387662887685,3714.8709767188157,35.98571319536174
1.608,943.8044046423112,False,0.4631732958094916,0.4215600537606746,2.1550047853644685,3682.73197764097,35.72839665413897
1.608,950.5955174839498,False,0.46173566295618984,0.4158248378642859,2.145773479989878,3651.248419749922,35.479251715627775
1.608,957.3866303255885,False,0.460381731247999,0.41028214219272824,2.136690064770278,3620.401168074925,35.237882185274785
1.608,964.1777431672272,False,0.4591068405483657,0.4049219609223024,2.1277509547881426,3590.1717332291064,35.00391757826879
1.608,970.9688560088657,False,0.45790666105485733,0.3997349812609194,2.118952661019418,3560.542252133053,34.77701103879823
1.608,977.7599688505044,False,0.4567771646776948,0.3947125240222353,2.1102917889357564,3531.4954686475894,34.55683746021944
1.608,984.551081692143,False,0.45571459934080466,0.38984649023492324,2.101765036928023,3503.0147142333444,34.343091783685516
1.608,991.3421945337817,False,0.4547154658630622,0.38512931308235376,2.0933691945835076,3475.083888737292,34.13548745562401
1.608,998.1333073754204,False,0.453776497122504,0.38055391456061255,2.085101140845559,3447.6874413906644,33.93375502689343
1.608,1004.924420217059,False,0.4528946392447586,0.37611366632188653,2.0769578420808257,3420.8103520880813,33.737640878548305
1.608,1011.7155330586976,False,0.45206703458994874,0.3718023542380759,2.06893635007613,3394.438113005171,33.54690606095984
1.608,1018.5066459003363,False,0.4512910063406465,0.3676141462777189,2.061033799984193,3368.5567106009703,33.36132523460999
1.608,1025.297758741975,False,0.4505640445178477,0.3635435633394827,2.053247408234901,3343.1526080418325,33.18068570224205
1.608,1032.0888715836136,False,0.44988379327296546,0.3595854527287507,2.045574470426336,3318.212728074567,33.00478652323551
1.608,1038.8799844252521,False,0.4492480393220787,0.3557349640013285,2.0380123592080275,3293.7244363702243,32.833437702109364
1.608,1045.6710972668907,False,0.44865470140445923,0.35198752693079216,2.0305585221669116,3269.6755253531082,32.666459443961585
1.608,1052.4622101085295,False,0.4481018206611141,0.34833883138423877,2.023210479724895,3246.054198524376,32.50368147044292
1.608,1059.2533229501682,False,0.4475875518410368,0.34478480891582064,2.0159658230556543,3222.8490552854787,32.34494239055798
1.608,1066.0444357918068,False,0.4471101552533224,0.3413216159089505,2.008822212026882,3200.0490762623485,32.190089121198014
1.608,1072.8355486334453,False,0.4466679893923744,0.3379456181168264,2.0017773731733675,3177.6436091288338,32.03897635284462
1.608,1079.6266614750841,False,0.4462595041714871,0.3346533764674447,1.9948290977050864,3155.622354924444,31.891466056360937
1.608,1086.4177743167227,False,0.44588323470704844,0.33144163401369814,1.9879752395538302,3133.9753548598014,31.747427027203262
1.608,1093.2088871583614,False,0.445537795601858,0.32830730392193913,1.981213713461271,3112.692977601741,31.60673446376045
1.608,1100.0,False,0.44522187568139593,0.32524745840354297,1.9745424931104147,3091.765907027512,31.469269576853044
1.627,420.8887158361356,False,,,,,
1.627,427.67982867777425,False,,,,,
1.627,434.47094151941286,False,,,,,
1.627,441.2620543610515,False,,,,,
1.627,448.0531672026902,False,,,,,
1.627,454.8442800443288,False,,,,,
1.627,461.63539288596746,False,,,,,
1.627,468.4265057276061,False,,,,,
1.627,475.21761856924473,False,,,,,
1.627,482.0087314108834,False,,,,,
1.627,488.799844252522,False,,,,,
1.627,495.5909570941607,False,,,,,
1.627,502.38206993579934,False,,,,,
1.627,509.17318277743794,False,,,,,
1.627,515.9642956190767,False,,,,,
1.627,522.7554084607152,False,,,,,
1.627,529.5465213023539,False,,,,,
1.627,536.3376341439925,False,,,,,
1.627,543.1287469856312,False,,,,,
1.627,549.9198598272699,False,,,,,
1.627,556.7109726689084,False,,,,,
1.627,563.5020855105471,False,,,,,
1.627,570.2931983521858,False,,,,,
1.627,577.0843111938244,False,,,,,
1.627,583.8754240354631,False,,,,,
1.627,590.6665368771016,False,14.345485475801505,29.015392482101404,inf,inf,349.2387708360701
1.627,597.4576497187403,False,4.755720950505067,9.400957724262213,inf,inf,196.21529510801287
1.627,604.248762560379,False,2.9438828671914727,5.690341678306163,inf,inf,150.8677301256632
1.627,611.0398754020176,False,2.177910094838911,4.118412501924341,inf,inf,126.98153618462591
1.627,617.8309882436563,False,1.7552877243114307,3.248712965956027,inf,inf,111.68319723906501
1.627,624.6221010852948,False,1.4875898378272892,2.695951224554643,inf,inf,100.83311204754091
1.627,631.4132139269336,False,1.302950564954913,2.313169035492982,inf,inf,92.63666948528116
1.627,638.2043267685722,False,1.1680045507467858,2.03213228789816,inf,inf,86.17267038025996
1.627,644.9954396102108,False,1.0651491554482426,1.8168384963389632,inf,inf,80.9130545097316
1.627,651.7865524518495,False,0.9842188044130441,1.6464930228681802,inf,inf,76.53046851538957
1.627,658.5776652934882,False,0.9189322334109334,1.5082445334617196,inf,inf,72.80973440251435
1.627,665.3687781351268,False,0.8651987970541506,1.393721736184625,inf,inf,69.60281491763565
1.627,672.1598909767654,False,0.8202399373967689,1.2972369141025373,inf,inf,66.80407887744073
1.627,678.951003818404,False,0.7821020768171003,1.2147898297372668,inf,inf,64.33586642037439
1.627,685.7421166600427,False,0.7493715320481484,1.1434847218908595,inf,inf,62.13963977544167
1.627,692.5332295016814,False,0.7210000164099973,1.0811734373959148,inf,inf,60.170332063271246
1.627,699.32434234332,False,0.6961937192295993,1.0262285711399386,inf,inf,58.39261192351082
1.627,706.1154551849586,False,0.6743404835383433,0.9773945152355615,inf,inf,56.77834068128828
1.627,712.9065680265974,False,0.6549606410052846,0.9336868879090601,2.589208616443406,5316.278480075282,55.304796652297405
1.627,719.6976808682359,False,0.6376729977150901,0.8943229476718182,2.570128627532773,5238.215402349559,53.953407227856644
1.627,726.4887937098746,False,0.622170789320322,0.8586723971075269,2.5524133304395877,5166.25267749516,52.70882558521303
1.627,733.2799065515132,False,0.6082043550240385,0.8262219290009881,2.5353663629256062,5097.474752967244,51.55824652407509
1.627,740.0710193931518,False,0.5955684372612229,0.7965492342704256,2.5187893659361618,5031.034984093777,50.4908915278884
1.627,746.8621322347906,False,0.5840927274723405,0.7693036502444176,2.502599046085674,4966.565695227126,49.497615715662874
1.627,753.6532450764291,False,0.5736347294246735,0.7441915502178504,2.486753185369085,4903.870590228855,48.57060399909129
1.627,760.4443579180678,False,0.5640743031982581,0.7209651716647412,2.4712274416637188,4842.828292437924,47.703133473124645
1.627,767.2354707597065,False,0.5553094454395013,0.6994139741293859,2.4560061781943006,4783.35424528267,46.889385634123975
1.627,774.026583601345,False,0.5472529909037811,0.6793578824924784,2.441078299147394,4725.383439297318,46.124296536447524
1.627,780.8176964429838,False,0.5398300088124879,0.6606419523170647,2.4264351796913584,4668.861845030711,45.40343615544868
1.627,787.6088092846223,False,0.5329757290252569,0.643132119712986,2.412069572883158,4613.741899145224,44.72291046425742
1.627,794.399922126261,False,0.526633876344627,0.626711786757063,2.3979750092213514,4559.980028408512,44.07928134167273
1.627,801.1910349678997,False,0.5207553221996624,0.6112790567712062,2.3841454592917364,4507.535257321151,43.469500600502144
1.627,807.9821478095383,False,0.5152969853113606,0.5967444794925295,2.3705751429502633,4456.368415854481,42.89085528873012
1.627,814.773260651177,False,0.5102209292879741,0.5830291996072858,2.357258422580982,4406.4416890048715,42.34092205831572
1.627,821.5643734928155,False,0.5054936171762104,0.5700634268298531,2.3441897455443987,4357.718364552175,41.81752887938938
1.627,828.3554863344542,False,0.5010852920079262,0.5577851641498042,2.3313636156510653,4310.1626965161795,41.31872274413238
1.627,835.1465991760929,False,0.49696945917141744,0.5461391447623878,2.318774581723455,4263.739835857028,40.842742285186624
1.627,841.9377120177315,False,0.49312245159541035,0.5350759387546392,2.3064172360496142,4218.415799504597,40.38799444998896
1.627,848.7288248593702,False,0.48952306268612555,0.5245511987075729,2.294286218324191,4174.157460254821,39.95303454084635
1.627,855.5199377010088,False,0.48615223500899984,0.514525019619754,2.282376222389758,4130.932547055706,39.53654906251323
1.627,862.3110505426475,False,0.4829927950794962,0.5049613934144308,2.270682004127852,4088.709649390589,39.137340923112355
1.627,869.1021633842861,False,0.4800292264854145,0.4958277420958497,2.2591983895084207,4047.45822209341,38.75431661686974
1.627,875.8932762259248,False,0.47724747502750275,0.48709451661838693,2.2479202822178923,4007.148588547341,38.38647508313856
1.627,882.6843890675634,False,0.47463478072642096,0.4787348509098441,2.2368426705466153,3967.751941221881,38.03289798921396
1.627,889.475501909202,False,0.4721795324704634,0.47072426238718784,2.225960633380875,3929.2403391212392,37.692741227281665
1.627,896.2666147508407,False,0.4698711418214436,0.46304039182472845,2.21526934524711,3891.586702088392,37.36522745062989
1.627,903.0577275924793,False,0.46769993309540064,0.4556627766621089,2.204764080419307,3854.764802127672,37.04963950265086
1.627,909.848840434118,False,0.4656570473203339,0.4485726528342336,2.194440216136289,3818.749252022085,36.74531461543595
1.627,916.6399532757566,False,0.4637343580687413,0.44175278101564663,2.184293234998166,3783.5154915846488,36.45163927395116
1.627,923.4310661173952,False,0.46192439748625863,0.4351872938348771,2.1743187266186075,3749.0397718918753,36.168044657642874
1.627,930.222178959034,False,0.4602202911036425,0.42886156115925145,2.164512388613809,3715.299137845647,35.894002584506666
1.627,937.0132918006725,False,0.4586157002387174,0.4227620710004214,2.15487002700729,3682.271409388161,35.62902189364136
1.627,943.8044046423112,False,0.45710477097678615,0.4168763239636351,2.1453875561255904,3649.935161666569,35.372645211517224
1.627,950.5955174839498,False,0.4556820888691596,0.4111927394738096,2.136060998054889,3618.2697044142164,35.12444605491494
1.627,957.3866303255885,False,0.4543426386157451,0.4057005722703997,2.126886481722311,3587.2550607831754,34.884026230012765
1.627,964.1777431672272,False,0.4530817681034428,0.40038983788006904,2.117860241659898,3556.8719458338264,34.65101349261655
1.627,970.9688560088657,False,0.451895156260963,0.3952512459585462,2.1089786165027165,3527.1017448573825,34.425059439202805
1.627,977.7599688505044,False,0.4507787842657611,0.39027614054704296,2.100238047267234,3497.9264916826737,34.20583760243449
1.627,984.551081692143,False,0.44972890970220053,0.3854564464188237,2.0916350754503776,3469.328847093909,33.9930417282067
1.627,991.3421945337817,False,0.4487420433239913,0.3807846208021654,2.083166340984971,3441.2920774659683,33.78638421419726
1.627,998.1333073754204,False,0.44781492811974033,0.37625360986004397,2.074828580082609,3413.800033704765,33.585594692393556
1.627,1004.924420217059,False,0.44694452041968885,0.37185680938736154,2.0666186229910384,3386.8371305642595,33.39041874022601
1.627,1011.7155330586976,False,0.4461279728151394,0.36758802925530126,2.058533391689442,3360.3883263973653,33.20061670679237
1.627,1018.5066459003363,False,0.4453626186909117,0.36344146119154797,2.0505698975418682,3334.439103386075,33.01596264226937
1.627,1025.297758741975,False,0.44464595819589103,0.3594116495359656,2.0427252389261215,3308.975448285357,32.83624332000208
1.627,1032.0888715836136,False,0.44397564549806495,0.3554934646551957,2.034996598852858,3283.983833706247,32.66125734197318
1.627,1038.8799844252521,False,0.443349477188973,0.35168207873764645,2.027381242587577,3259.4511999564347,32.4908143194145
1.627,1045.6710972668907,False,0.44276538171842306,0.347972943723209,2.0198765152860307,3235.364937449443,32.32473412124254
1.627,1052.4622101085295,False,0.4422214097542907,0.34436177115066646,2.012479839652046,3211.7128696886043,32.162846183810984
1.627,1059.2533229501682,False,0.44171572537427767,0.3408445137306372,2.005188713625149,3188.4832368271173,32.00498887617804
1.627,1066.0444357918068,False,0.4412465980070968,0.33741734847364513,1.9980007081041218,3165.664679801738,31.851008915712324
1.627,1072.8355486334453,False,0.44081239504975256,0.3340766612218895,1.990913464711507,3143.2462250346225,31.700760829405787
1.627,1079.6266614750841,False,0.44041157509569934,0.330819032449954,1.9839246936030637,3121.2172696951066,31.55410645674786
1.627,1086.4177743167227,False,0.44004268171572114,0.32764122421428593,1.9770321713253547,3099.5675675112775,31.410914490439797
1.627,1093.2088871583614,False,0.4397043377396579,0.3245401681441564,1.9702337387238997,3078.2872151194406,31.27106005160825
1.627,1100.0,False,0.43939523999254665,0.32151295437810523,1.9635272989037187,3057.3666389383984,31.134424296509767
1.646,420.8887158361356,False,,,,,
1.646,427.67982867777425,False,,,,,
1.646,434.47094151941286,False,,,,,
1.646,441.2620543610515,False,,,,,
1.646,448.0531672026902,False,,,,,
1.646,454.8442800443288,False,,,,,
1.646,461.63539288596746,False,,,,,
1.646,468.4265057276061,False,,,,,
1.646,475.21761856924473,False,,,,,
1.646,482.0087314108834,False,,,,,
1.646,488.799844252522,False,,,,,
1.646,495.5909570941607,False,,,,,
1.646,502.38206993579934,False,,,,,
1.646,509.17318277743794,False,,,,,
1.646,515.9642956190767,False,,,,,
1.646,522.7554084607152,False,,,,,
1.646,529.5465213023539,False,,,,,
1.646,536.3376341439925,False,,,,,
1.646,543.1287469856312,False,,,,,
1.646,549.9198598272699,False,,,,,
1.646,556.7109726689084,False,,,,,
1.646,563.5020855105471,False,,,,,
1.646,570.2931983521858,False,,,,,
1.646,577.0843111938244,False,,,,,
1.646,583.8754240354631,False,,,,,
1.646,590.6665368771016,False,27.315969130190922,55.49356161935597,inf,inf,484.57901777312344
1.646,597.4576497187403,False,5.478478306066916,10.876405052990744,inf,inf,211.60491400664063
1.646,604.248762560379,False,3.157523391949143,6.129046121126596,inf,inf,156.89239005432412
1.646,611.0398754020176,False,2.270565029193751,4.311346363813699,inf,inf,130.11738620698125
1.646,617.8309882436563,False,1.8025154224097206,3.349602972300437,inf,inf,113.52304614673429
1.646,624.6221010852948,False,1.5134680171915327,2.7537036341185437,inf,inf,101.97303675015947
1.646,631.4132139269336,False,1.3173504688577764,2.3478003029510175,inf,inf,93.35393290756295
1.646,638.2043267685722,False,1.175655398204713,2.0532154562522136,inf,inf,86.61492645520252
1.646,644.9954396102108,False,1.068571259159162,1.8294661282015747,inf,inf,81.16658340715625
1.646,651.7865524518495,False,0.9848635644727328,1.6535923933092311,inf,inf,76.64922193706059
1.646,658.5776652934882,False,0.917686233430171,1.5116003208757545,inf,inf,72.82923746320604
1.646,665.3687781351268,False,0.8626292492363615,1.394473441428804,inf,inf,69.54743066146898
1.646,672.1598909767654,False,0.8167234809732581,1.2961395996104987,inf,inf,66.691073158461
1.646,678.951003818404,False,0.7778965426145076,1.2123592381208592,inf,inf,64.1778107291386
1.646,685.7421166600427,False,0.7446579432496447,1.1400821113806439,inf,inf,61.94589703431547
1.646,692.5332295016814,False,0.7159081996739803,1.0770572526564952,inf,inf,59.94801062434085
1.646,699.32434234332,False,0.6908184746203608,1.0215870277404595,inf,inf,58.14719799650662
1.646,706.1154551849586,False,0.668752103056468,0.9723667701948769,2.609148271674634,5398.475746009859,56.51412925391016
1.646,712.9065680265974,False,0.6492119304097475,0.9283771549744988,2.5861398094335137,5303.6839256860585,55.0251921928486
1.646,719.6976808682359,False,0.631804071529555,0.8888101240545457,2.567271474176461,5226.575466773218,53.66113795117647
1.646,726.4887937098746,False,0.6162124113366277,0.8530167613842561,2.5493728575904058,5153.951773799462,52.40609897327151
1.646,733.2799065515132,False,0.6021803071945793,0.8204698845714857,2.5320500777730093,5084.148375889035,51.246864077375
1.646,740.0710193931518,False,0.5894972264319862,0.7907367222523363,2.515167073347146,5016.575039943899,50.17233468994868
1.646,746.8621322347906,False,0.5779888326752357,0.7634586401463426,2.4986621073543405,4950.9517797472745,49.173111070123916
1.646,753.6532450764291,False,0.5675095251829508,0.738335880996046,2.4825023926373255,4887.1198154919175,48.241173335962124
1.646,760.4443579180678,False,0.5579367509883811,0.7151159284374355,2.466668281654697,4824.97573725974,47.369632656893714
1.646,767.2354707597065,False,0.5491666170182119,0.6935845285311464,2.4511466420562007,4764.443962018433,46.55253507992913
1.646,774.026583601345,False,0.5411104682076485,0.6735586863957594,2.4359277447312935,4705.463825741107,45.78470532486947
1.646,780.8176964429838,False,0.5336921922324216,0.6548811486874746,2.4210036886571746,4647.983068647278,45.061621274206566
1.646,787.6088092846223,False,0.5268460769627594,0.6374160164838422,2.4063675642833062,4591.954384076109,44.379312280553386
1.646,794.399922126261,False,0.5205150927403418,0.6210452271238229,2.3920129966385595,4537.33353583042,43.734276132720424
1.646,801.1910349678997,False,0.5146495043255266,0.6056657104780476,2.377933893473551,4484.078317456423,43.12341076896458
1.646,807.9821478095383,False,0.5092057409676433,0.5911870733673001,2.3641243079879044,4432.1479784319135,42.543957742167905
1.646,814.773260651177,False,0.5041454702664963,0.5775297010332607,2.3505783670490352,4381.502914618159,41.99345512210735
1.646,821.5643734928155,False,0.49943483418369494,0.5646231905053813,2.337290237224092,4332.10450943983,41.46969803034971
1.646,828.3554863344542,False,0.49504381501283623,0.5524050500258062,2.324254112593246,4283.915060573031,40.97070538983528
1.646,835.1465991760929,False,0.4909457062210668,0.5408196132163395,2.311464214867662,4236.897754004873,40.49469176650797
1.646,841.9377120177315,False,0.4871166684620375,0.5298171276859694,2.2989148001275646,4191.016662913429,40.04004340786634
1.646,848.7288248593702,False,0.48353535517978075,0.5193529862006743,2.2866001687713826,4146.236758092102,39.605297759944776
1.646,855.5199377010088,False,0.4801825953981137,0.5093870750297973,2.2745146766274704,4102.523922140404,39.18912588239947
1.646,862.3110505426475,False,0.47704112375531815,0.49988321912464323,2.2626527460253754,4059.844963014104,38.79031729019345
1.646,869.1021633842861,False,0.4740953497710695,0.49080870772673346,2.2510088761442972,4018.167624570616,38.40776683663465
1.646,875.8932762259248,False,0.4713311598494907,0.48213388710589405,2.2395776522802544,3977.460592989246,38.040463321341946
1.646,882.6843890675634,False,0.46873574672327073,0.473831809585555,2.22835375387384,3937.693498693326,37.68747956191874
1.646,889.475501909202,False,0.46629746200085165,0.4658779299706419,2.217331961263427,3898.8369138415455,37.347963712672616
1.646,896.2666147508407,False,0.46400568824522587,0.4582498420620768,2.206507161200078,3860.8623456956966,37.02113164984852
1.646,903.0577275924793,False,0.46185072763042695,0.4509270492056511,2.195874351204347,3823.7422263061603,36.70626027230542
1.646,909.848840434118,False,0.45982370472164863,0.44389076384618376,2.185428642863558,3787.449898996829,36.40268159069384
1.646,916.6399532757566,False,0.45791648133165014,0.43712373189043296,2.1751652641785038,3751.9596021429015,36.109777498051216
1.646,923.4310661173952,False,0.4561215817384627,0.430610078362728,2.1650795610686084,3717.246450711858,35.82697513114166
1.646,930.222178959034,False,0.4544321268223089,0.4243351713960732,2.1551669981406474,3683.2864160027525,35.553742745488336
1.646,937.0132918006725,False,0.4528417759045723,0.4182855020621952,2.145423158819429,3650.056303976693,35.28958603839323
1.646,943.8044046423112,False,0.45134467525794153,0.41244857792552436,2.135843744930856,3617.5337325271657,35.03404486373517
1.646,950.5955174839498,False,0.44993541241160784,0.40681282852318357,2.126424575819327,3585.6971079954847,34.786690290305266
1.646,957.3866303255885,False,0.4486089755045024,0.4013675212376029,2.1171615870726637,3554.5256011944884,34.547121962153
1.646,964.1777431672272,False,0.4473607170476131,0.39610268624987693,2.1080508289198847,3523.999123166613,34.31496572508952
1.646,970.9688560088657,False,0.44618632154729426,0.3910090494481731,2.099088464359295,3494.09830086742,34.08987148831229
1.646,977.7599688505044,False,0.4450817765179557,0.38607797232235813,2.090270767067257,3464.804452934752,33.871511294205845
1.646,984.551081692143,False,0.4440433464772457,0.3813013980087392,2.081594119131825,3436.099565677305,33.65957757286801
1.646,991.3421945337817,False,0.44306754957176187,0.37667180276141843,2.073055008649357,3407.9662693916403,33.45378156090208
1.646,998.1333073754204,False,0.44215113652798066,0.3721821522225314,2.064650027217311,3380.3878150968167,33.25385186657856
1.646,1004.924420217059,False,0.4412910716629816,0.36782586194542366,2.0563758673516945,3353.348051757444,33.05953316568039
1.646,1011.7155330586976,False,0.44048451572356245,0.36359676169472466,2.048229319853622,3326.831404050706,32.87058501424545
1.646,1018.5066459003363,False,0.439728810351663,0.3594890631073624,2.0402072711459343,3300.822850719997,32.68678076607287
1.646,1025.297758741975,False,0.43902146399906566,0.355497330350119,2.0323067005975366,3275.307903546077,32.5079065842805
1.646,1032.0888715836136,False,0.4383601391361064,0.35161645345392445,2.0245246778505908,3250.272586957939,32.333760537448136
1.646,1038.8799844252521,False,0.43774264061779844,0.3478416240435123,2.016858360163077,3225.7034182968237,32.164151771955886
1.646,1045.6710972668907,False,0.43716690508704414,0.3441683132144593,2.0093049897773727,3201.587388740873,31.99889975307382
1.646,1052.4622101085295,False,0.4366309913086778,0.340592251338562,2.0018618913234665,3177.911944891649,31.837833568181942
1.646,1059.2533229501682,False,0.4361330713403584,0.3371094096037356,1.994526469264056,3154.664971019772,31.680791286223247
1.646,1066.0444357918068,False,0.435671422457017,0.33371598311658973,1.9872962053872538,3131.8347719626686,31.527619368127173
1.646,1072.8355486334453,False,0.43524441975490313,0.3304083754150667,1.9801686563516347,3109.4100566649213,31.378172123499624
1.646,1079.6266614750841,False,0.43485052936946644,0.3271831842553522,1.9731414512871013,3087.379922348487,31.232311209368348
1.646,1086.4177743167227,False,0.4344883022484637,0.32403718855203334,1.9662122894544347,3065.733839298937,31.08990516720663
1.646,1093.2088871583614,False,0.43415636842802374,0.3209673363634779,1.9593789379655424,3044.4616362520214,30.950828994844827
1.646,1100.0,False,0.43385343176490165,0.31797073382581403,1.9526392295656445,3023.553486363308,30.814963750217583
1.665,420.8887158361356,False,,,,,
1.665,427.67982867777425,False,,,,,
1.665,434.47094151941286,False,,,,,
1.665,441.2620543610515,False,,,,,
1.665,448.0531672026902,False,,,,,
1.665,454.8442800443288,False,,,,,
1.665,461.63539288596746,False,,,,,
1.665,468.4265057276061,False,,,,,
1.665,475.21761856924473,False,,,,,
1.665,482.0087314108834,False,,,,,
1.665,488.799844252522,False,,,,,
1.665,495.5909570941607,False,,,,,
1.665,502.38206993579934,False,,,,,
1.665,509.17318277743794,False,,,,,
1.665,515.9642956190767,False,,,,,
1.665,522.7554084607152,False,,,,,
1.665,529.5465213023539,False,,,,,
1.665,536.3376341439925,False,,,,,
1.665,543.1287469856312,False,,,,,
1.665,549.9198598272699,False,,,,,
1.665,556.7109726689084,False,,,,,
1.665,563.5020855105471,False,,,,,
1.665,570.2931983521858,False,,,,,
1.665,577.0843111938244,False,,,,,
1.665,583.8754240354631,False,,,,,
1.665,590.6665368771016,False,618.9347862912016,1262.9213798876567,inf,inf,2319.970744697127
1.665,597.4576497187403,False,6.532766671354528,13.025214864090918,inf,inf,232.2277046478402
1.665,604.248762560379,False,3.422950024824104,6.672183577340786,inf,inf,164.0625727744186
1.665,611.0398754020176,False,2.379680493871847,4.5371100492777385,inf,inf,133.70743243072044
1.665,617.8309882436563,False,1.8570358444988928,3.4648031950373217,inf,inf,115.60041409720819
1.665,624.6221010852948,False,1.5433045125424487,2.819053584853733,inf,inf,103.25964304326133
1.665,631.4132139269336,False,1.3342251377899448,2.3870525697913934,inf,inf,94.1725915821128
1.665,638.2043267685722,False,1.1850244831404642,2.077406639283052,inf,inf,87.13321349617215
1.665,644.9954396102108,False,1.0732852935787578,1.8443517120740949,inf,inf,81.48068693895571
1.665,651.7865524518495,False,0.9865407504513912,1.6624335804924488,inf,inf,76.81850467945212
1.665,658.5776652934882,False,0.9173045856183636,1.5163643249037564,inf,inf,72.89239868702458
1.665,665.3687781351268,False,0.8608094774708889,1.396406278691836,inf,inf,69.53080385638138
1.665,672.1598909767654,False,0.8138752523567613,1.2960619203412547,inf,inf,66.61320507323403
1.665,678.951003818404,False,0.7742990198350561,1.2108290409634426,inf,inf,64.05213805913672
1.665,685.7421166600427,False,0.7405064703176972,1.1374889562970043,inf,inf,61.78238643373717
1.665,692.5332295016814,False,0.7113425458887426,1.0736791913352919,inf,inf,59.7542036805495
1.665,699.32434234332,False,0.6859405500107776,1.0176262694714062,inf,inf,57.92889948839665
1.665,706.1154551849586,False,0.6636374189924192,0.9679727270689262,2.604355671841401,5378.6616387433405,56.275873518139846
1.665,712.9065680265974,False,0.6439172149420664,0.9236617359465068,2.5835391265565746,5293.022271171352,54.7705670058139
1.665,719.6976808682359,False,0.6263724493899984,0.8838581248748355,2.5646054826462588,5215.7259939696905,53.39301435181983
1.665,726.4887937098746,False,0.6106770007625295,0.8478930696882451,2.5464519697921566,5142.148485909416,52.126797468087325
1.665,733.2799065515132,False,0.5965667635198892,0.8152245684012751,2.528821450834016,5071.191007270841,50.95827688245961
1.665,740.0710193931518,False,0.5838255704416465,0.7854086827650896,2.511614485559462,5002.413565700212,49.87601700521265
1.665,746.8621322347906,False,0.5722747842203405,0.7580782722194819,2.494783457153824,4935.5930758002105,48.870350161692855
1.665,753.6532450764291,False,0.561765488850012,0.7329270368594675,2.478302118225412,4870.59626343756,47.93304146755596
1.665,760.4443579180678,False,0.5521725533558768,0.7096973842642728,2.462154167597625,4807.332050572849,47.05702810046381
1.665,767.2354707597065,False,0.5433900641214181,0.688171091698437,2.446328262332523,4745.7308129595585,46.23621421469049
1.665,774.026583601345,False,0.5353277712437622,0.6681620397174886,2.430815621345512,4685.734447087805,45.465307995974825
1.665,780.8176964429838,False,0.5279082955968423,0.6495104999058453,2.41560880173592,4627.291316181354,44.739690998365134
1.665,787.6088092846223,False,0.521064913122822,0.6320786020588903,2.4007010510471276,4570.353582681482,44.05531247300904
1.665,794.399922126261,False,0.5147397817713906,0.6157467059560296,2.386085959408858,4514.875776148516,43.40860323421881
1.665,801.1910349678997,False,0.5088825112157754,0.6004104737396175,2.3717572743607387,4460.814026104872,42.796404936809594
1.665,807.9821478095383,False,0.5034490004265214,0.5859784898639903,2.3577088063310283,4408.12566162629,42.21591161213243
1.665,814.773260651177,False,0.49840048633454237,0.5723703126422719,2.343934385302189,4356.769015286099,41.66462103132608
1.665,821.5643734928155,False,0.4937027601633542,0.5595148686780456,2.3304278463461596,4306.703340394114,41.14029400403326
1.665,828.3554863344542,False,0.4893255179281593,0.547349121724038,2.3171830311217687,4257.888789449743,40.64092012869512
1.665,835.1465991760929,False,0.4852418190391689,0.5358169627052668,2.3041937977444023,4210.286423640752,40.164688821550534
1.665,841.9377120177315,False,0.48142763257750626,0.5248682791461505,2.291454034560529,4163.858235978609,39.70996469062242
1.665,848.7288248593702,False,0.4778614551102518,0.5144581710214917,2.2789576751959792,4118.567178096445,39.27526650634969
1.665,855.5199377010088,False,0.47452398721797523,0.5045462868070917,2.2666987133655785,4074.377185202531,38.859249165270946
1.665,862.3110505426475,False,0.4713978584713738,0.4950962587430835,2.254671216609444,4031.253196342094,38.460688156997534
1.665,869.1021633842861,False,0.46846739259457926,0.48607522041186735,2.2428693385359555,3989.161168710262,38.07846613482142
1.665,875.8932762259248,False,0.46571840612515114,0.4774533929461003,2.2312873294028,3948.0680856922145,37.71156126208244
1.665,882.6843890675634,False,0.463138035124285,0.46920372872386373,2.219919545018613,3907.9419588421088,37.359037063935304
1.665,889.475501909202,False,0.4607145854801928,0.4613016034306013,2.208760454033832,3868.7518242951755,37.02003356051013
1.665,896.2666147508407,False,0.4584374031391383,0.45372454898575987,2.1978046437386363,3830.467734249726,36.693759495007036
1.665,903.0577275924793,False,0.45629676123558927,0.44645202113436167,2.1870468245067216,3793.0607441942902,36.379485500849995
1.665,909.848840434118,False,0.4542837616078591,0.4394651965568193,2.176481833032051,3756.502896549884,36.0765380770406
1.665,916.6399532757566,False,0.45239024860411947,0.43274679520627857,2.166104634503454,3720.76720135713,35.78429426142053
1.665,923.4310661173952,False,0.4506087334254329,0.4262809242818273,2.1559103238547546,3685.827614583594,35.50217690853806
1.665,930.222178959034,False,0.4489323275326257,0.4200529408191896,2.1458941262177165,3651.659014564969,35.22965049288954
1.665,937.0132918006725,False,0.4473546838747024,0.4140493303529275,2.136051396693943,3618.237177032848,34.96621737003353
1.665,943.8044046423112,False,0.44586994488737697,0.40825759949484264,2.126377619549752,3585.5387491212264,34.71141443786819
1.665,950.5955174839498,False,0.44447269636886244,0.40266618059782144,2.116868406926762,3553.541222689156,34.46481014858378
1.665,957.3866303255885,False,0.44315792647213836,0.3972643469448132,2.10751949715001,3522.2229072464465,34.22600182871584
1.665,964.1777431672272,False,0.4419209891634881,0.3920421371290089,2.0983267527052822,3491.5629027238692,33.994613270571065
1.665,970.9688560088657,False,0.44075757158982865,0.3869902874812626,2.0892861579483095,3461.5410722898673,33.77029256324591
1.665,977.7599688505044,False,0.43966366487554576,0.3821001715609161,2.080393816600193,3432.1380153806576,33.552710135670175
1.665,984.551081692143,False,0.438635537935542,0.37736374586145377,2.071645949075989,3403.3350410799967,33.341556987695
1.665,991.3421945337817,False,0.43766971394718424,0.37277350099711276,2.0630388896869762,3375.1141419590613,33.136543088314205
1.665,998.1333073754204,False,0.43676294917143216,0.36832241773412633,2.0545690837512325,3347.457968463902,32.93739592274127
1.665,1004.924420217059,False,0.4359122138539703,0.3640039273134224,2.046233084642241,3320.3498039192295,32.74385917232552
1.665,1011.7155330586976,False,0.43511467497186423,0.35981187558274713,2.038027550800554,3293.7735402000385,32.555691513243744
1.665,1018.5066459003363,False,0.43436768062101544,0.35574049051718404,2.0299492427300287,3267.713654109959,32.37266552159023
1.665,1025.297758741975,False,0.43366874586521037,0.35178435275945313,2.021995019996363,3242.1551844921314,32.19456667394819
1.665,1032.0888715836136,False,0.43301553988961844,0.3479383688565954,2.014161838243106,3217.0837100899166,32.02119243379607
1.665,1038.8799844252521,False,0.432405874320589,0.34419774690867416,2.00644674623749,3192.485328165654,31.85235141520547
1.665,1045.6710972668907,False,0.43183769259009197,0.34055797437896784,1.9988468829564319,3168.3466338795693,31.687862616252545
1.665,1052.4622101085295,False,0.43130906023742627,0.3370147978444643,1.991359474721011,3144.6547004249337,31.527554715406275
1.665,1059.2533229501682,False,0.4308181560532533,0.33356420449101387,1.9839818323862666,3121.397059911629,31.371265424895412
1.665,1066.0444357918068,False,0.43036326398185504,0.33020240517976096,1.976711348591502,3098.5616849857934,31.218840895703845
1.665,1072.8355486334453,False,0.429942765706969,0.32692581893092193,1.9695454950753928,3076.1369711713373,31.070135169413877
1.665,1079.6266614750841,False,0.4295551338548503,0.32373105868801266,1.9624818200589254,3054.1117199161076,30.92500967261957
1.665,1086.4177743167227,False,0.4291989257554399,0.3206149182405412,1.955517945698374,3032.4751223238836,30.783332750073974
1.665,1093.2088871583614,False,0.4288727777089579,0.3175743601963462,1.9486515656099326,3011.216743552632,30.644979233129323
1.665,1100.0,False,0.42857539971077213,0.31460650490625924,1.9418804424667093,2990.3265078576333,30.509830040372105
1.684,420.8887158361356,False,,,,,
1.684,427.67982867777425,False,,,,,
1.684,434.47094151941286,False,,,,,
1.684,441.2620543610515,False,,,,,
1.684,448.0531672026902,False,,,,,
1.684,454.8442800443288,False,,,,,
1.684,461.63539288596746,False,,,,,
1.684,468.4265057276061,False,,,,,
1.684,475.21761856924473,False,,,,,
1.684,482.0087314108834,False,,,,,
1.684,488.799844252522,False,,,,,
1.684,495.5909570941607,False,,,,,
1.684,502.38206993579934,False,,,,,
1.684,509.17318277743794,False,,,,,
1.684,515.9642956190767,False,,,,,
1.684,522.7554084607152,False,,,,,
1.684,529.5465213023539,False,,,,,
1.684,536.3376341439925,False,,,,,
1.684,543.1287469856312,False,,,,,
1.684,549.9198598272699,False,,,,,
1.684,556.7109726689084,False,,,,,
1.684,563.5020855105471,False,,,,,
1.684,570.2931983521858,False,,,,,
1.684,577.0843111938244,False,,,,,
1.684,583.8754240354631,False,,,,,
1.684,590.6665368771016,False,,,,,
1.684,597.4576497187403,False,8.20430773777697,16.42800468519754,inf,inf,261.6112381131452
1.684,604.248762560379,False,3.7592791633426454,7.358442708069435,inf,inf,172.71544532273558
1.684,611.0398754020176,False,2.5089454459970586,4.803152324945229,inf,inf,137.83199392341174
1.684,617.8309882436563,False,1.919937827110622,3.5965175066419826,inf,inf,117.94272243581203
1.684,624.6221010852948,False,1.577495267315421,2.8928127383041637,inf,inf,104.70399551278722
1.684,631.4132139269336,False,1.3537312770061434,2.4312587288682486,inf,inf,95.0973402585486
1.684,638.2043267685722,False,1.1961710520252873,2.104844500781193,inf,inf,87.72935016105839
1.684,644.9954396102108,False,1.079306097807273,1.861545798190283,inf,inf,81.85574687513599
1.684,651.7865524518495,False,0.9892433474624547,1.6730239806801461,inf,inf,77.03792760525393
1.684,658.5776652934882,False,0.9177689601020291,1.5225217246054787,inf,inf,72.99839412079501
1.684,665.3687781351268,False,0.8597151290115572,1.3994936859023919,inf,inf,69.55185703942735
1.684,672.1598909767654,False,0.8116676845244937,1.2969711124040477,inf,inf,66.5692467084435
1.684,678.951003818404,False,0.7712802821603706,1.2101633274217969,inf,inf,63.957531109968876
1.684,685.7421166600427,False,0.7368871159517483,1.1356679365695121,inf,inf,61.64773867785745
1.684,692.5332295016814,False,0.7072728051118062,1.0710015332291265,inf,inf,59.5875134362615
1.684,699.32434234332,False,0.6815297485456994,1.0143087677647082,inf,inf,57.73630515995633
1.684,706.1154551849586,False,0.6589664676160379,0.9641753948466716,2.601638640143559,5367.44475988763,56.062158573003465
1.684,712.9065680265974,False,0.6390468680374005,0.9195043752122792,2.581213335748765,5283.496639245461,54.539508933541825
1.684,719.6976808682359,False,0.6213488991975779,0.8794315370712211,2.5620858930354227,5205.482676854167,53.14763121435076
1.684,726.4887937098746,False,0.6055357481873278,0.8432668025137185,2.5436331555020626,5130.770506459856,51.86952552941941
1.684,733.2799065515132,False,0.5913353473090174,0.8104523706209091,2.525672579643915,5058.569645405598,50.69110081972339
1.684,740.0710193931518,False,0.5785255239910515,0.7805324100030101,2.5081282000231027,4988.535848129119,49.600566847645446
1.684,746.8621322347906,False,0.5669230598597258,0.7531307259091483,2.490962171771157,4920.484858406415,48.58797446926494
1.684,753.6532450764291,False,0.5563755086719546,0.7279340558401625,2.4741529563958777,4854.301256353108,47.64486327073862
1.684,760.4443579180678,False,0.5467549940789068,0.7046794047234854,2.457686695137089,4789.902484525552,46.76398815192051
1.684,767.2354707597065,False,0.5379534498704556,0.683144323585255,2.4415533323927634,4727.222735187163,45.93910477964126
1.684,774.026583601345,False,0.5298789258256846,0.6631393629357544,2.4257447288831946,4666.20514040092,45.16479950276992
1.684,780.8176964429838,False,0.5224526907913508,0.6445021533665615,2.4102536980575504,4606.797800790635,44.43635324193093
1.684,787.6088092846223,False,0.5156069391861953,0.6270927179644711,2.3950735027444585,4548.95171742572,43.74963162053481
1.684,794.399922126261,False,0.509282959172318,0.6107897273012379,2.380197593025027,4492.61971349168,43.10099556570932
1.684,801.1910349678997,False,0.503429657564894,0.5954874828853702,2.365619474800097,4437.755886669736,42.48722802399713
1.684,807.9821478095383,False,0.49800236295428785,0.5810934688226826,2.3513326504362944,4384.315350199411,41.90547347156305
1.684,814.773260651177,False,0.49296184767047535,0.5675263505119356,2.3373305992423115,4332.254130559273,41.35318766341183
1.684,821.5643734928155,False,0.4882735232734552,0.5547143278748292,2.3236067795552926,4281.529147981389,40.8280956372124
1.684,828.3554863344542,False,0.4839067746716379,0.5425937718769629,2.3101546419528276,4232.098237982437,40.32815641798349
1.684,835.1465991760929,False,0.4798344057688744,0.5311080890099458,2.2969676475314875,4183.920190236346,39.85153319763409
1.684,841.9377120177315,False,0.4760321754318063,0.5202067704268253,2.2840392877523783,4136.954791505644,39.39656801490078
1.684,848.7288248593702,False,0.4724784070574989,0.5098445915831737,2.2713631038798296,4091.1628654566157,38.961760155858435
1.684,855.5199377010088,False,0.46915365846836043,0.4999809352719852,2.258932704948913,4046.506305759927,38.54574764691274
1.684,862.3110505426475,False,0.4660404415288872,0.4905792163858503,2.2467417837439974,4002.9481009748224,38.147291331315344
1.684,869.1021633842861,False,0.4631229829578741,0.4816063909844464,2.234784130596692,3960.4523509235164,37.76526111441046
1.684,875.8932762259248,False,0.46038701944116006,0.47303253557642627,2.2230536450014484,3918.9842749307027,37.3986240377258
1.684,882.6843890675634,False,0.4578196214384135,0.46483048515578984,2.2115443451574364,3878.5102126607244,37.04643390196876
1.684,889.475501909202,False,0.45540904110112645,0.45697552062345426,2.2002503755992975,3838.997618430005,36.70782220723054
1.684,896.2666147508407,False,0.45314458053705386,0.44944509789569237,2.189166013106355,3800.415049918453,36.38199021774273
1.684,903.0577275924793,False,0.4510164773136789,0.44221861234394444,2.178285671085154,3762.732152174244,36.06820199028415
1.684,909.848840434118,False,0.4490158046242191,0.4352771932952909,2.1676039026153555,3725.919637745191,35.76577823128932
1.684,916.6399532757566,False,0.4471343839706887,0.4286035242036022,2.1571154023372467,3689.9492636893738,35.47409086902337
1.684,923.4310661173952,False,0.4453647085700881,0.42218168481985263,2.1468150073449004,3654.7938061337695,35.19255824476938
1.684,930.222178959034,False,0.44369987597778027,0.4159970122787936,2.1366976972326657,3620.4270329633837,34.920640841534535
1.684,937.0132918006725,False,0.4421335286591479,0.41003597850376583,2.1267585934272373,3586.823675145105,34.65783748089613
1.684,943.8044046423112,False,0.4406598014364724,0.40428608173188313,2.1169929579218145,3553.959397115516,34.403681928721
1.684,950.5955174839498,False,0.43927327490044044,0.3987357502941132,2.1073961915149746,3521.810766597012,34.15773985896915
1.684,957.3866303255885,False,0.4379689340110123,0.3933742570615633,2.0979638316435207,3490.355224146874,33.91960613192154
1.684,964.1777431672272,False,0.4367421312254415,0.3881916432006387,2.0886915498869345,3459.571052693008,33.6889023491883
1.684,970.9688560088657,False,0.435588553586163,0.3831786500739143,2.079575149210557,3429.4373472653215,33.46527465295243
1.684,977.7599688505044,False,0.4345041932810495,0.37832665828692047,2.0706105610050685,3399.9339850924116,33.24839174122922
1.684,984.551081692143,False,0.4334853212559757,0.3736276330190832,2.0617938419718613,3371.041596200833,33.03794307461148
1.684,991.3421945337817,False,0.4325284635167382,0.36907407489397426,2.053121170896388,3342.741534624975,32.83363725312333
1.684,998.1333073754204,False,0.43163037980588015,0.3646589757433863,2.0445888453455505,3315.015850312457,32.6352005445053
1.684,1004.924420217059,False,0.4307880443813119,0.36037577870442217,2.0361932783193315,3287.847261788404,32.442375547575814
1.684,1011.7155330586976,False,0.4299986286589453,0.3562183421611711,2.0279309948824027,3261.219129625815,32.25491997631426
1.684,1018.5066459003363,False,0.4292594855118031,0.3521809071045434,2.0197986287971363,3235.115430754386,32.07260555203778
1.684,1025.297758741975,False,0.4285681350440939,0.34825806753716015,2.0117929191758352,3209.520733628017,31.895216992541815
1.684,1032.0888715836136,False,0.42792225168109754,0.34444474359606925,2.0039107071669964,3184.420174261658,31.722551088371354
1.684,1038.8799844252521,False,0.42731965243505043,0.34073615710571337,1.9961489326877424,3159.79943313988,31.554415857520343
1.684,1045.6710972668907,False,0.42675828622396206,0.3371278093079077,1.9885046312121584,3135.644712992547,31.390629770843198
1.684,1052.4622101085295,False,0.42623622413476236,0.3336154605453169,1.980974930623503,3111.942717428161,31.23102104132033
1.684,1059.2533229501682,False,0.4257516505348329,0.33019511170084764,1.9735570481363593,3088.6806304104107,31.075426971076556
1.684,1066.0444357918068,False,0.4253028549469394,0.32686298721790535,1.9662482872935951,3065.846096560773,30.923693350710515
1.684,1072.8355486334453,False,0.4248882246121686,0.3236155195461651,1.95904603504156,3043.4272022666546,30.775673906075152
1.684,1079.6266614750841,False,0.4245062376738944,0.3204493348747609,1.9519477588860914,3021.4124575731166,30.63122978816262
1.684,1086.4177743167227,False,0.4241554569231081,0.3173612400298798,1.9449510041308955,2999.790778834333,30.490229102196846
1.684,1093.2088871583614,False,0.4238345240519457,0.3143482104270467,1.938053391199285,2978.5514721003938,30.352546472438483
1.684,1100.0,False,0.4235421543678985,0.3114073789800534,1.9312526130394132,2957.684217213708,30.218062639559285
1.7029999999999998,420.8887158361356,False,,,,,
1.7029999999999998,427.67982867777425,False,,,,,
1.7029999999999998,434.47094151941286,False,,,,,
1.7029999999999998,441.2620543610515,False,,,,,
1.7029999999999998,448.0531672026902,False,,,,,
1.7029999999999998,454.8442800443288,False,,,,,
1.7029999999999998,461.63539288596746,False,,,,,
1.7029999999999998,468.4265057276061,False,,,,,
1.7029999999999998,475.21761856924473,False,,,,,
1.7029999999999998,482.0087314108834,False,,,,,
1.7029999999999998,488.799844252522,False,,,,,
1.7029999999999998,495.5909570941607,False,,,,,
1.7029999999999998,502.38206993579934,False,,,,,
1.7029999999999998,509.17318277743794,False,,,,,
1.7029999999999998,515.9642956190767,False,,,,,
1.7029999999999998,522.7554084607152,False,,,,,
1.7029999999999998,529.5465213023539,False,,,,,
1.7029999999999998,536.3376341439925,False,,,,,
1.7029999999999998,543.1287469856312,False,,,,,
1.7029999999999998,549.9198598272699,False,,,,,
1.7029999999999998,556.7109726689084,False,,,,,
1.7029999999999998,563.5020855105471,False,,,,,
1.7029999999999998,570.2931983521858,False,,,,,
1.7029999999999998,577.0843111938244,False,,,,,
1.7029999999999998,583.8754240354631,False,,,,,
1.7029999999999998,590.6665368771016,False,,,,,
1.7029999999999998,597.4576497187403,False,11.241609602714764,22.605778790057318,inf,inf,307.90871636860993
1.7029999999999998,604.248762560379,False,4.196648303905889,8.24879999653305,inf,inf,183.35381157270066
1.7029999999999998,611.0398754020176,False,2.6633536468365877,5.119545494025512,inf,inf,142.59616328911738
1.7029999999999998,617.8309882436563,False,1.9925980931709444,3.747523812218565,inf,inf,120.58389485139249
1.7029999999999998,624.6221010852948,False,1.6165268596555835,2.9759709458482604,inf,inf,106.31952373139839
1.7029999999999998,631.4132139269336,False,1.3760623469984772,2.480822214066953,inf,inf,96.13396119777249
1.7029999999999998,638.2043267685722,False,1.2091727122834317,2.135701660787819,inf,inf,88.40576000475819
1.7029999999999998,644.9954396102108,False,1.0866594924283177,1.8811182832677158,inf,inf,82.29253911126939
1.7029999999999998,651.7865524518495,False,0.9929719612223074,1.685383713062488,inf,inf,77.30739270526186
1.7029999999999998,658.5776652934882,False,0.9190669444390952,1.5300670798250462,inf,inf,73.14663571973239
1.7029999999999998,665.3687781351268,False,0.859326819789289,1.4037166270406463,inf,inf,69.60971657537127
1.7029999999999998,672.1598909767654,False,0.8100776031122789,1.2988408151898838,inf,inf,66.55815394999432
1.7029999999999998,678.951003818404,False,0.7688151177184316,1.210331854094272,inf,inf,63.89284303051804
1.7029999999999998,685.7421166600427,False,0.7337736310319178,1.1345868818948721,inf,inf,61.54074547758275
1.7029999999999998,692.5332295016814,False,0.7036722765396973,1.0689913207900135,inf,inf,59.44669606067009
1.7029999999999998,699.32434234332,False,0.6775592661323147,1.011601452213214,2.624555355739965,5462.420248565645,57.56815223739674
1.7029999999999998,706.1154551849586,False,0.6547125500977158,0.9609419912659537,2.599498755372094,5358.618791865045,55.87171351698758
1.7029999999999998,712.9065680265974,False,0.6345744201599522,0.9158728150396769,2.579082227030192,5274.775889618628,54.330746071742126
1.7029999999999998,719.6976808682359,False,0.6167072526467894,0.8754987627784734,2.5596884463939285,5195.74527652845,52.92372035068605
1.7029999999999998,726.4887937098746,False,0.6007628258945377,0.8391070942960107,2.5409064396629226,5119.776268067752,51.63302180703081
1.7029999999999998,733.2799065515132,False,0.5864605902286848,0.8061231909025682,2.522599228842811,5046.2661503261525,50.44408342178878
1.7029999999999998,740.0710193931518,False,0.5735719838964914,0.7760785769488732,2.5047068691442727,4974.935434148276,49.34474194312393
1.7029999999999998,746.8621322347906,False,0.5619089191013014,0.7485874400137116,2.4871985679368316,4905.627333983298,48.32475271629419
1.7029999999999998,753.6532450764291,False,0.5513151992669757,0.7233291254640456,2.470056274683052,4838.239142520068,47.375418919864124
1.7029999999999998,760.4443579180678,False,0.5416600322021828,0.7000349032646218,2.4532679398915116,4772.694123685386,46.48930464544688
1.7029999999999998,767.2354707597065,False,0.5328330652760569,0.6784778375752347,2.4368244284835017,4708.928698251437,45.66001030747634
1.7029999999999998,774.026583601345,False,0.5247405415646449,0.6584649418467277,2.4207180104273855,4646.886210150456,44.881994996959996
1.7029999999999998,780.8176964429838,False,0.5173022923294537,0.6398310393022981,2.4049415966186594,4586.513786835176,44.150434614803046
1.7029999999999998,787.6088092846223,False,0.510449360910513,0.6224339111343112,2.389488349649891,4527.760744801096,43.46110757536408
1.7029999999999998,794.399922126261,False,0.5041221085658028,0.6061504277391169,2.3743514912519608,4470.577797544927,42.81030196967485
1.7029999999999998,801.1910349678997,False,0.4982686919093961,0.5908734380346614,2.3595242154511333,4414.91668895272,42.19473958846735
1.7029999999999998,807.9821478095383,False,0.49284382956588224,0.5765092488985812,2.3449996589486495,4360.7300526788995,41.611513306082045
1.7029999999999998,814.773260651177,False,0.4878077958948581,0.5629755680083713,2.3307709020342533,4307.971388941494,41.05803513789703
1.7029999999999998,821.5643734928155,False,0.483125594449191,0.5501998135519218,2.3168309850247253,4256.595098583303,40.53199288855981
1.7029999999999998,828.3554863344542,False,0.4787662747847233,0.5381177166054892,2.3031729317181453,4206.5565409925375,40.031313763294484
1.7029999999999998,835.1465991760929,False,0.4747023644209854,0.5266721586558709,2.2897897750391594,4157.812097491306,39.554133660096944
1.7029999999999998,841.9377120177315,False,0.47090939392082354,0.5158121993193479,2.2766745821988756,4110.319230433784,39.0987711253571
1.7029999999999998,848.7288248593702,False,0.4673654977474382,0.5054922588739591,2.2638204779518465,4064.0365332230776,38.66370515990483
1.7029999999999998,855.5199377010088,False,0.4640510771534183,0.49567142755472116,2.2512206652755165,4018.9237693137547,38.24755622160151
1.7029999999999998,862.3110505426475,False,0.4609485141346158,0.48631287922733374,2.2388684432334,3974.941899884337,37.84906989534243
1.7029999999999998,869.1021633842861,False,0.45804192764360757,0.4773833714654082,2.226757222033117,3932.0531007419213,37.46710279978393
1.7029999999999998,875.8932762259248,False,0.45531696495149093,0.4688528175117185,2.2148805354309413,3890.2207694718145,37.10061037831773
1.7029999999999998,882.6843890675634,False,0.4527606223825932,0.46069391832925816,2.203232050703067,3849.409524024014,36.74863628431309
1.7029999999999998,889.475501909202,False,0.4503610907066691,0.45288184511064317,2.1918055764345405,3809.5851939692925,36.410303120885956
1.7029999999999998,896.2666147508407,False,0.44810762131913884,0.445393964340762,2.180595068381437,3770.7148056085884,36.08480433605777
1.7029999999999998,903.0577275924793,False,0.44599041001885836,0.4382095988932443,2.1695946336528036,3732.7665620278613,35.77139710715269
1.7029999999999998,909.848840434118,False,0.4440004957407313,0.4313098197595047,2.1587985334422513,3695.709819079286,35.46939607521811
1.7029999999999998,916.6399532757566,False,0.442129672044557,0.4246772639158267,2.1482011845188844,3659.5150581533835,35.178167812341194
1.7029999999999998,923.4310661173952,False,0.4403704095235224,0.4182959745730153,2.1377971596655994,3624.1538564922425,34.89712592294722
1.7029999999999998,930.222178959034,False,0.4387157875918348,0.4121512606579522,2.127581187231758,3589.598855688335,34.62572669522416
1.7029999999999998,937.0132918006725,False,0.4371594343546239,0.4062295728739098,2.1175481499470457,3555.8237289164317,34.36346523134452
1.7029999999999998,943.8044046423112,False,0.4356954734642126,0.4005183940971097,2.107693083124637,3522.8031473594187,34.10987199559619
1.7029999999999998,950.5955174839498,False,0.43431847703351517,0.3950061422075323,2.0980111723651715,3490.512746213668,33.86450972828132
1.7029999999999998,957.3866303255885,False,0.43302342381598546,0.38968208373535934,2.0884977508575626,3458.9290905921503,33.62697068059411
1.7029999999999998,964.1777431672272,False,0.4318056619773453,0.3845362569411399,2.0791482963595285,3428.0296415871253,33.39687413188709
1.7029999999999998,970.9688560088657,False,0.4306608758813548,0.3795594031461854,2.06995842792873,3397.792722704587,33.17386415598045
1.7029999999999998,977.7599688505044,False,0.4295850563935328,0.37474290529662835,2.0609239024649884,3368.197486840463,32.957607607622215
1.7029999999999998,984.551081692143,False,0.4285744742756225,0.37007873288546866,2.0520406111151326,3339.223883933389,32.74779230400025
1.7029999999999998,991.3421945337817,False,0.42762565630185007,0.3655593924761461,2.0433045755839463,3310.852629398027,32.544125379441596
1.7029999999999998,998.1333073754204,False,0.42673536377758026,0.3611778831725185,2.034711944388066,3283.0651734182297,32.346331794212475
1.7029999999999998,1004.924420217059,False,0.42590057318305585,0.3569276564663245,2.026258989083507,3255.8436711572067,32.15415298070939
1.7029999999999998,1011.7155330586976,False,0.42511845870095133,0.3528025799669422,2.017942100492645,3229.1709539249173,31.967345612386655
1.7029999999999998,1018.5066459003363,False,0.42438637641726185,0.3487969045813265,2.0097577849519657,3203.030501327798,31.785680482533905
1.7029999999999998,1025.297758741975,False,0.423701850011516,0.3449052347662156,2.0017026605980934,3177.406414413694,31.60894148155075
1.7029999999999998,1032.0888715836136,False,0.42306255777505736,0.3411225015213344,1.9937734537064347,3152.2833898151234,31.43692466269392
1.7029999999999998,1038.8799844252521,False,0.4224663208158278,0.3374439378326186,1.9859669950940466,3127.6466948860198,31.26943738742996
1.7029999999999998,1045.6710972668907,False,0.4219110923250318,0.3338650563092881,1.9782802165958826,3103.48214382031,31.106297542532097
1.7029999999999998,1052.4622101085295,False,0.42139494779584874,0.3303816287888391,1.9707101476215858,3079.7760747355815,30.947332821941597
1.7029999999999998,1059.2533229501682,False,0.4209160760971038,0.32698966771024707,1.963253911798346,3056.5153277011987,30.792380067181757
1.7029999999999998,1066.0444357918068,False,0.4204727713160169,0.32368540907857357,1.9559087237038646,3033.68722368702,30.641284660790696
1.7029999999999998,1072.8355486334453,False,0.42006342529382723,0.32046529686410646,1.9486718856921894,3011.27954440634,30.493899967830366
1.7029999999999998,1079.6266614750841,False,0.41968652078662105,0.3173259686966285,1.9415407848142263,2989.280513025201,30.350086821052656
1.7029999999999998,1086.4177743167227,False,0.419340625191136,0.3142642427307127,1.934512889833857,2967.6787757090337,30.209713045764342
1.7029999999999998,1093.2088871583614,False,0.41902438478185705,0.3112771055713686,1.9275857483398515,2946.4633839767853,30.072653020839653
1.7029999999999998,1100.0,False,0.41873651941147205,0.3083617011611915,1.9207569839532008,2925.6237778324826,29.938787272689986
1.722,420.8887158361356,False,,,,,
1.722,427.67982867777425,False,,,,,
1.722,434.47094151941286,False,,,,,
1.722,441.2620543610515,False,,,,,
1.722,448.0531672026902,False,,,,,
1.722,454.8442800443288,False,,,,,
1.722,461.63539288596746,False,,,,,
1.722,468.4265057276061,False,,,,,
1.722,475.21761856924473,False,,,,,
1.722,482.0087314108834,False,,,,,
1.722,488.799844252522,False,,,,,
1.722,495.5909570941607,False,,,,,
1.722,502.38206993579934,False,,,,,
1.722,509.17318277743794,False,,,,,
1.722,515.9642956190767,False,,,,,
1.722,522.7554084607152,False,,,,,
1.722,529.5465213023539,False,,,,,
1.722,536.3376341439925,False,,,,,
1.722,543.1287469856312,False,,,,,
1.722,549.9198598272699,False,,,,,
1.722,556.7109726689084,False,,,,,
1.722,563.5020855105471,False,,,,,
1.722,570.2931983521858,False,,,,,
1.722,577.0843111938244,False,,,,,
1.722,583.8754240354631,False,,,,,
1.722,590.6665368771016,False,,,,,
1.722,597.4576497187403,False,18.429761183721595,37.21790430051656,inf,inf,396.5013303407247
1.722,604.248762560379,False,4.785444520293543,9.445184899368718,inf,inf,196.76645983042806
1.722,611.0398754020176,False,2.849818079598979,5.500222293477704,inf,inf,148.1400316613033
1.722,617.8309882436563,False,2.076773040745494,3.9213581534168913,inf,inf,123.56616306534451
1.722,624.6221010852948,False,1.6609970787328394,3.0697375331744547,inf,inf,108.12247965366119
1.722,631.4132139269336,False,1.4014542756779607,2.5362286063560546,inf,inf,97.28946224947815
1.722,638.2043267685722,False,1.2241271027830558,2.1701882673679305,inf,inf,89.16551311777219
1.722,644.9954396102108,False,1.0953826392204158,1.903159387844538,inf,inf,82.79224102895346
1.722,651.7865524518495,False,0.9977346994553074,1.6995456542681138,inf,inf,77.62708684453256
1.722,658.5776652934882,False,0.921191737911438,1.5390039982952008,inf,inf,73.33675929026433
1.722,665.3687781351268,False,0.8596297544219763,1.4090631139154295,inf,inf,69.7036980486368
1.722,672.1598909767654,False,0.8090858192711506,1.301650540223842,inf,inf,66.57905078135452
1.722,678.951003818404,False,0.7668819155038167,1.2113095014097055,inf,inf,63.857081312937574
1.722,685.7421166600427,False,0.7311431039417601,1.1342182338313733,inf,inf,61.460343378279475
1.722,692.5332295016814,False,0.7005174049007244,1.0676198349996455,inf,inf,59.330645617921455
1.722,699.32434234332,False,0.674005296624967,1.0094752035444157,2.620591604240471,5445.9333974787105,57.423310528378416
1.722,706.1154551849586,False,0.6508518470213007,0.9582434539090768,2.5976804701614125,5351.124970519003,55.703395789083096
1.722,712.9065680265974,False,0.6304761826018345,0.9127383247024717,2.5771055595304686,5266.693570711006,54.14313135117781
1.722,719.6976808682359,False,0.6124240379911768,0.8720315658594986,2.557399285211841,5186.456192940773,52.72013542538761
1.722,726.4887937098746,False,0.5963350291523062,0.8353862964933253,2.5382662045740108,5109.141960701808,51.4161442057728
1.722,733.2799065515132,False,0.5819195816323313,0.802210017153064,2.519599415448563,5034.271493520651,50.2160891710589
1.722,740.0710193931518,False,0.568942345967739,0.7720208287350195,2.501350439740349,4961.611055396479,49.10741489042598
1.722,746.8621322347906,False,0.5572100671632809,0.7444227198051616,2.483493743426427,4891.0237935583045,48.07956660552261
1.722,753.6532450764291,False,0.5465625722099374,0.7190872027740982,2.466013914225194,4822.416099871364,47.123599825439904
1.722,760.4443579180678,False,0.5368659788355448,0.695739473336556,2.4489002514415277,4755.715069471619,46.231879034350975
1.722,767.2354707597065,False,0.5280075118653983,0.6741478439761331,2.4321442629036145,4690.858128934446,45.39784244054972
1.722,774.026583601345,False,0.5198914999693651,0.6541155817450459,2.415738445078748,4627.78801383537,44.6158163236048
1.722,780.8176964429838,False,0.5124362505973955,0.6354745350237242,2.3996756769443874,4566.450288346651,43.88086708567578
1.722,787.6088092846223,False,0.5055715862182547,0.6180801076319183,2.3839489237311,4506.792136173492,43.188682286497496
1.722,794.399922126261,False,0.4992368841155908,0.6018072590556034,2.3685511024371557,4448.761806482434,42.53547418830721
1.722,801.1910349678997,False,0.49337950358926175,0.5865472942334243,2.3534750329818754,4392.3084002445885,41.91790094948028
1.722,807.9821478095383,False,0.48795351405802556,0.5722052667097673,2.3387134343486475,4337.381830739959,41.333001777590475
1.722,814.773260651177,False,0.48291865895635205,0.5586978625279021,2.324258943419863,4283.932868326748,40.778143214347786
1.722,821.5643734928155,False,0.47823950593862014,0.5459516640443309,2.3101041441197667,4231.913220537572,40.250974365400246
1.722,828.3554863344542,False,0.4738847454306338,0.5339017163187729,2.296241599967967,4181.275621022048,39.74938936892414
1.722,835.1465991760929,False,0.46982660815956706,0.5224903362311302,2.2826638862733657,4131.973913482422,39.271495761438096
1.722,841.9377120177315,False,0.466040378757139,0.5116661176419509,2.2693636199964526,4083.9631238801167,38.81558767799644
1.722,848.7288248593702,False,0.46250398743669613,0.5013830959061272,2.256333486350444,4037.199518222074,38.38012303879861
1.722,855.5199377010088,False,0.45919766549928753,0.4916000426980377,2.2435662618134944,3991.6406454793405,37.96370404120621
1.722,862.3110505426475,False,0.45610365331949515,0.4822798680060224,2.231054833564042,3947.2453663886395,37.56506040683198
1.722,869.1021633842861,False,0.45320595171149364,0.47338911073821727,2.218792215538199,3903.9738694870025,37.183034936337684
1.722,875.8932762259248,False,0.4504901093358985,0.464897502968639,2.2067715613982757,3861.7876759625365,36.81657100626173
1.722,882.6843890675634,False,0.44794304019401876,0.45677759567738724,2.19498617473986,3820.6496349480162,36.46470170738802
1.722,889.475501909202,False,0.4455528663544329,0.4490044360776268,2.183429516868943,3780.523910810099,36.1265403765008
1.722,896.2666147508407,False,0.4433087819322446,0.4415552884067858,2.172095212467105,3741.375963858985,35.80127231561497
1.722,903.0577275924793,False,0.44120093504311353,0.4344093914902382,2.160977053439805,3703.172525751935,35.488147527052334
1.722,909.848840434118,False,0.4392203250196775,0.42754774753898594,2.1500690012151997,3665.8815707063645,35.18647432069419
1.722,916.6399532757566,False,0.4373587126360086,0.4209529375770706,2.139365187732381,3629.47228348705,34.89561367264975
1.722,923.4310661173952,False,0.4356085414585375,0.41460895965492695,2.1288599153300245,3593.9150249918125,34.6149742334402
1.722,930.222178959034,False,0.4339628687467357,0.4085010866268605,2.1185476557200342,3559.181296132902,34.344007899391
1.722,937.0132918006725,False,0.4324153045772089,0.40261574078173684,2.108423048206711,3525.2437005991032,34.082205873871466
1.722,943.8044046423112,False,0.43095995807131565,0.3969403830373957,2.098480897290248,3492.075906985297,33.829095155807515
1.722,950.5955174839498,False,0.429591389777506,0.39146341475847696,2.0887161697739463,3459.652610690803,33.58423540192617
1.722,957.3866303255885,False,0.4283045694016705,0.3861740905475567,2.079123991477462,3427.9494959146696,33.34721611676635
1.722,964.1777431672272,False,0.4270948381975251,0.3810624406018717,2.0696996436433515,3396.943198013269,33.11765413088473
1.722,970.9688560088657,False,0.4259578754283163,0.37611920143077276,2.0604385591112258,3366.6112664328157,32.89519133308098
1.722,977.7599688505044,False,0.42488966839473025,0.37133575389972867,2.0513363183221833,3336.932128383549,32.6794926270543
1.722,984.551081692143,False,0.423886485594236,0.3667040677105262,2.042388645206752,3307.8850533857985,32.47024408679927
1.722,991.3421945337817,False,0.4229448526366462,0.3622166515490231,2.0335914030006554,3279.4501187850565,32.267151288375615
1.722,998.1333073754204,False,0.42206153059123686,0.3578665082351414,2.024940590025716,3251.608176307762,32.06993779853699
1.722,1004.924420217059,False,0.42123349648375147,0.3536470942976979,2.0164323354668015,3224.3408197071512,31.878343803147246
1.722,1011.7155330586976,False,0.4204579256982722,0.3495522834716892,2.008062895170331,3197.6303535303673,31.69212486041409
1.722,1018.5066459003363,False,0.4197321760704258,0.34557633367995816,1.9998286474853213,3171.459763023416,31.51105076579
1.722,1025.297758741975,False,0.4190537734852353,0.34171385711622404,1.9917260891638986,3145.8126851779843,31.334904516954136
1.722,1032.0888715836136,False,0.41842039881618065,0.3379597930939644,1.9837518313350728,3120.6733809150687,31.16348136865497
1.722,1038.8799844252521,False,0.41782987606200483,0.33430938336653826,1.9759025955624143,3096.026708391502,30.99658796837495
1.722,1045.6710972668907,False,0.4172801615550355,0.3307581496593064,1.9681752099942256,3071.858097410412,30.834041564806583
1.722,1052.4622101085295,False,0.4167693341298446,0.3273018731852238,1.9605666056123514,3048.153524910516,30.67566928203344
1.722,1059.2533229501682,False,0.4162955861539961,0.32393657594197534,1.953073812584489,3024.8994915068256,30.521307453092117
1.722,1066.0444357918068,False,0.4158572153339897,0.32065850361194453,1.9456939567229916,3002.082999051278,30.370801007283244
1.722,1072.8355486334453,False,0.4154526172193818,0.31746410990654994,1.9384242560522356,2979.6915291807463,30.224002906205865
1.722,1079.6266614750841,False,0.41508027833665545,0.31435004221414475,1.931262017485554,2957.7130228183805,30.080773624020537
1.722,1086.4177743167227,False,0.41473876989201053,0.3113131284262075,1.9242046336116945,2936.135860592828,29.940980667919007
1.722,1093.2088871583614,False,0.41442674198884416,0.30835036483013023,1.9172495795904516,2914.9488441407207,29.804498135192173
1.722,1100.0,False,0.41414291831152206,0.3054589049688771,1.9103944101561092,2894.1411782564355,29.671206303655353
1.741,420.8887158361356,False,,,,,
1.741,427.67982867777425,False,,,,,
1.741,434.47094151941286,False,,,,,
1.741,441.2620543610515,False,,,,,
1.741,448.0531672026902,False,,,,,
1.741,454.8442800443288,False,,,,,
1.741,461.63539288596746,False,,,,,
1.741,468.4265057276061,False,,,,,
1.741,475.21761856924473,False,,,,,
1.741,482.0087314108834,False,,,,,
1.741,488.799844252522,False,,,,,
1.741,495.5909570941607,False,,,,,
1.741,502.38206993579934,False,,,,,
1.741,509.17318277743794,False,,,,,
1.741,515.9642956190767,False,,,,,
1.741,522.7554084607152,False,,,,,
1.741,529.5465213023539,False,,,,,
1.741,536.3376341439925,False,,,,,
1.741,543.1287469856312,False,,,,,
1.741,549.9198598272699,False,,,,,
1.741,556.7109726689084,False,,,,,
1.741,563.5020855105471,False,,,,,
1.741,570.2931983521858,False,,,,,
1.741,577.0843111938244,False,,,,,
1.741,583.8754240354631,False,,,,,
1.741,590.6665368771016,False,,,,,
1.741,597.4576497187403,False,56.24403391628766,114.06258090012794,inf,inf,696.799193299127
1.741,604.248762560379,False,5.6166823936686034,11.131694972500485,inf,inf,214.27638860333022
1.741,611.0398754020176,False,3.0781719516595665,5.964990781334791,inf,inf,154.65468527592702
1.741,617.8309882436563,False,2.174729637752885,4.122577070992482,inf,inf,126.94257157617051
1.741,624.6221010852948,False,1.7116423052337482,3.175596094173319,inf,inf,110.13253533292662
1.741,631.4132139269336,False,1.430192855615567,2.598060536078004,inf,inf,98.57225436682124
1.741,638.2043267685722,False,1.2411541215164286,2.2085566253390114,inf,inf,90.01238247107828
1.741,644.9954396102108,False,1.1055246453262264,1.927781072863783,inf,inf,83.35644606065033
1.741,651.7865524518495,False,1.0035471941194682,1.715555708560414,inf,inf,77.99748003241912
1.741,658.5776652934882,False,0.9241419465490135,1.5493449601685199,inf,inf,73.56861585606079
1.741,665.3687781351268,False,0.8606134289609227,1.4155278504719018,inf,inf,69.83329456381465
1.741,672.1598909767654,False,0.8086767958756605,1.3053852444675174,inf,inf,66.63121621684638
1.741,678.951003818404,False,0.7654623194876725,1.2130758236199706,inf,inf,63.849394156574924
1.741,685.7421166600427,False,0.7289756137002733,1.1345385940938102,inf,inf,61.40559994570609
1.741,692.5332295016814,False,0.6977874377203189,1.0668621518560895,inf,inf,59.23838027218378
1.741,699.32434234332,False,0.6708466954996429,1.0079044226781926,2.6185853207195104,5437.597948342432,57.30076874616624
1.741,706.1154551849586,False,0.6473630893626318,0.9560540235381875,2.596086328577677,5344.55924124278,55.55617766158249
1.741,712.9065680265974,False,0.6267309259756634,0.9100752984806058,2.5752610839894183,5259.157355438602,53.97562922177696
1.741,719.6976808682359,False,0.6084781659216889,0.8690046843093223,2.555210361772927,5177.581632696095,52.535838839213405
1.741,726.4887937098746,False,0.5922314691870708,0.8320796038248935,2.535709489932527,5098.854592691774,51.21785696875308
1.741,733.2799065515132,False,0.5776916682682122,0.7986885648844976,2.5166725836531065,5022.582406901775,50.00608677839214
1.741,740.0710193931518,False,0.5646162110675224,0.7683354344047577,2.498059685425228,4948.564740404288,48.887560629079076
1.741,746.8621322347906,False,0.5528063670045156,0.7406134004465156,2.4798492850111913,4876.67944183536,47.85139846860677
1.741,753.6532450764291,False,0.5420977536682787,0.7151856886998683,2.4620279952586013,4806.839362668921,46.888396457751014
1.741,760.4443579180678,False,0.5323532200510918,0.6917710730466035,2.4445861180874346,4738.973908068421,45.99071038089666
1.741,767.2354707597065,False,0.5234574295192905,0.6701328443514923,2.4275155872969627,4673.020535861931,45.15160907932967
1.741,774.026583601345,False,0.5153126869253908,0.6500703108562987,2.4108089776879424,4608.920694034676,44.36528032093053
1.741,780.8176964429838,False,0.5078356887001435,0.6314121769246653,2.394459027777754,4546.617878080545,43.626676426309885
1.741,787.6088092846223,False,0.5009549661550482,0.6140113327412126,2.378458421422613,4486.05674403602,42.9313903819295
1.741,794.399922126261,False,0.4946088553623128,0.597740715969571,2.362799703086126,4427.182757087236,42.275555577574174
1.741,801.1910349678997,False,0.4887438712444186,0.582489996402097,2.347475262154742,4369.94211000258,41.65576402778583
1.741,807.9821478095383,False,0.4833133949659197,0.5681628986232289,2.3324773518908275,4314.281771703845,41.06899918516064
1.741,814.773260651177,False,0.4782766063631894,0.5546750237668808,2.3177981243003596,4260.1495913969675,40.512580368938615
1.741,821.5643734928155,False,0.4735976096370735,0.5419520649913849,2.3034296707052504,4207.494418687042,39.984116511240224
1.741,828.3554863344542,False,0.46924471267225965,0.5299283359910998,2.2893640625005514,4156.266219155987,39.481467431919995
1.741,835.1465991760929,False,0.4651898293752302,0.5185455502320784,2.275593389236561,4106.416175495584,39.002711237724455
1.741,841.9377120177315,False,0.4614079812008559,0.5077518023913589,2.2621097926762697,4057.8967701708143,38.54611673502567
1.741,848.7288248593702,False,0.4578768791725323,0.4975007139286931,2.2489054963369055,4010.661848814155,38.11011997134208
1.741,855.5199377010088,False,0.45457657162323356,0.4877507127025083,2.2359728305026296,3964.6666652533104,37.69330419610152
1.741,862.3110505426475,False,0.45148914590499906,0.478464422689122,2.2233042529540734,3919.8679099127794,37.2943826680387
1.741,869.1021633842861,False,0.44859847465706515,0.4696081446331265,2.210892365784904,3876.223723656344,36.91218384437079
1.741,875.8932762259248,False,0.44588999905285187,0.46115141218255234,2.1987299287267223,3833.693699195366,36.54563857223965
1.741,882.6843890675634,False,0.44335054288507525,0.45306661099256057,2.186809869409037,3792.238872088253,36.19376897093259
1.741,889.475501909202,False,0.4409681524869946,0.44532865060038257,2.175125290962581,3751.8217031834984,35.85567874792855
1.741,896.2666147508407,False,0.43873195839430323,0.43791468072052503,2.1636694773434666,3712.4060541557483,35.53054473578454
1.741,903.0577275924793,False,0.4366320553779579,0.43080384508764685,2.152435896718937,3673.957157574352,35.21760947251795
1.741,909.848840434118,False,0.4346593980623579,0.4239770671645993,2.1414182032180404,3636.4415827444614,34.91617467717002
1.741,916.6399532757566,False,0.43280570981593697,0.41741686299619657,2.1306102373136877,3599.827198375341,34.62559549600308
1.741,923.4310661173952,False,0.43106340298551243,0.4111071772724208,2.1200060250686437,3564.0831329659186,34.34527541432858
1.741,930.222178959034,False,0.42942550885956304,0.4050332393045176,2.1095997764465024,3529.179733650396,34.074661745102034
1.741,937.0132918006725,False,0.4278856160032411,0.3991814361425871,2.0993858828610783,3495.088524120834,33.81324161881496
1.741,943.8044046423112,False,0.4264378158200926,0.3935392004959583,2.0893589141125615,3461.782162132902,33.56053841036076
1.741,950.5955174839498,False,0.4250766543710602,0.3880949114757747,2.0795136148372118,3429.2343970078905,33.31610854787237
1.741,957.3866303255885,False,0.4237970896272762,0.3828378064768182,2.069844900578367,3397.420027464314,33.07953865635489
1.741,964.1777431672272,False,0.4225944534546794,0.3777579027636565,2.0603478535698434,3366.3148600443583,32.85044299551571
1.741,970.9688560088657,False,0.42146441773034293,0.37284592753396345,2.051017718308865,3335.8956683447022,32.62846115676343
1.741,977.7599688505044,False,0.4204029640758475,0.36809325540629007,2.0418498969830545,3306.140153212738,32.41325598906212
1.741,984.551081692143,False,0.4194063567650127,0.36349185242655074,2.0328399448056853,3277.026904030264,32.20451172733543
1.741,991.3421945337817,False,0.4184711184242237,0.35903422581182753,2.023983565304203,3248.5353611733926,32.001932300539046
1.741,998.1333073754204,False,0.4175940081951305,0.3547133787554474,2.0152766055993747,3220.645779710511,31.805239799441456
1.741,1004.924420217059,False,0.41677200207345677,0.3505227697070107,2.0067150517056866,3193.339194377359,31.61417308666604
1.741,1011.7155330586976,False,0.41600227517501975,0.3464562756174827,1.9982950238781927,3166.597385850717,31.428486533702483
1.741,1018.5066459003363,False,0.41528218571212866,0.3425081587049346,1.9900127720259255,3140.402848326363,31.24794887145876
1.741,1025.297758741975,False,0.4146092604909497,0.3386730363526227,1.9818646712082686,3114.7387583961636,31.07234214253257
1.741,1032.0888715836136,False,0.4139811817640369,0.3349458537993693,1.973847217226949,3089.588945208679,30.901460744775477
1.741,1038.8799844252521,False,0.41339577529257404,0.33132185932381863,1.9659570223235507,3064.9378618906035,30.735110556933872
1.741,1045.6710972668907,False,0.4128509994904482,0.3277965816601141,1.9581908109900026,3040.7705582006024,30.573108138205562
1.741,1052.4622101085295,False,0.41234493553750207,0.3243658094136915,1.950545415897414,3017.0726543825654,30.415279994470435
1.741,1059.2533229501682,False,0.411875778362502,0.3210255722729227,1.9430177739468357,2993.8303161818367,30.26146190475685
1.741,1066.0444357918068,False,0.4114418284079144,0.3177721238359266,1.9356049224443161,2971.030230986393,30.111498302213437
1.741,1072.8355486334453,False,0.4110414840985065,0.314601925892316,1.928303995401048,2948.6595850522203,29.96524170446928
1.741,1079.6266614750841,False,0.4106732349446436,0.3115116340176681,1.9211122199588635,2926.706041772674,29.8225521888153
1.741,1086.4177743167227,False,0.41033565521875,0.3084980843541569,1.914026912940201,2905.157720950205,29.68329690811574
1.741,1093.2088871583614,False,0.410027398150149,0.3055582814645852,1.9070454775210919,2884.0031790292137,29.547349643783146
1.741,1100.0,False,0.4097471905893848,0.3026893871591587,1.9001654000252877,2863.231390249428,29.41459039252443
1.76,420.8887158361356,False,,,,,
1.76,427.67982867777425,False,,,,,
1.76,434.47094151941286,False,,,,,
1.76,441.2620543610515,False,,,,,
1.76,448.0531672026902,False,,,,,
1.76,454.8442800443288,False,,,,,
1.76,461.63539288596746,False,,,,,
1.76,468.4265057276061,False,,,,,
1.76,475.21761856924473,False,,,,,
1.76,482.0087314108834,False,,,,,
1.76,488.799844252522,False,,,,,
1.76,495.5909570941607,False,,,,,
1.76,502.38206993579934,False,,,,,
1.76,509.17318277743794,False,,,,,
1.76,515.9642956190767,False,,,,,
1.76,522.7554084607152,False,,,,,
1.76,529.5465213023539,False,,,,,
1.76,536.3376341439925,False,,,,,
1.76,543.1287469856312,False,,,,,
1.76,549.9198598272699,False,,,,,
1.76,556.7109726689084,False,,,,,
1.76,563.5020855105471,False,,,,,
1.76,570.2931983521858,False,,,,,
1.76,577.0843111938244,False,,,,,
1.76,583.8754240354631,False,,,,,
1.76,590.6665368771016,False,,,,,
1.76,597.4576497187403,False,,,,,
1.76,604.248762560379,False,6.873206006165221,13.678153341154285,inf,inf,238.31626097393303
1.76,611.0398754020176,False,3.362872594193212,6.5429638325648645,inf,inf,162.40824743830748
1.76,617.8309882436563,False,2.2894360236602385,4.357139484607194,inf,inf,130.78051671085422
1.76,624.6221010852948,False,1.7693742802557473,3.295377949297869,inf,inf,112.37356922776615
1.76,631.4132139269336,False,1.4626232956817062,2.6670168185597243,inf,inf,99.99237827306808
1.76,638.2043267685722,False,1.2603988130799229,2.2511070910643776,inf,inf,90.95091722396096
1.76,644.9954396102108,False,1.11714743225739,1.9551189421155628,inf,inf,83.9871858802429
1.76,651.7865524518495,False,1.0104327629043497,1.7334733171719456,inf,inf,78.41932810598092
1.76,658.5776652934882,False,0.9279214708618067,1.5611112907147486,inf,inf,73.84226616622533
1.76,665.3687781351268,False,0.8622714064266431,1.4231119865868938,inf,inf,69.99816761756209
1.76,672.1598909767654,False,0.8088383766936011,1.3100349941404326,inf,inf,66.71407351652034
1.76,678.951003818404,False,0.7645409400940536,1.21561467857078,inf,inf,63.86905894711258
1.76,685.7421166600427,False,0.7272539368220119,1.1355283456707073,inf,inf,61.375701959757414
1.76,692.5332295016814,False,0.6954641336730941,1.066696766645497,inf,inf,59.169030423653936
1.76,699.32434234332,False,0.6680646925339687,1.0068666636055612,2.6171449818298393,5431.617749981903,57.19962270496526
1.76,706.1154551849586,False,0.6442272767388632,0.9543508879491142,2.594669106244758,5338.725566788129,55.42913455468357
1.76,712.9065680265974,False,0.6233196044781366,0.9078609113233441,2.5735358677455573,5252.113297182847,53.82730411601524
1.76,719.6976808682359,False,0.6048506598874968,0.8663954977917654,2.553117095880207,5169.102005457915,52.36989035420936
1.76,726.4887937098746,False,0.5884333094041448,0.8291647333638494,2.533235018237544,5088.9080153872455,51.03721946792903
1.76,733.2799065515132,False,0.5737581961469839,0.795536967366395,2.513819099703052,5011.199334332804,49.813138137949814
1.76,740.0710193931518,False,0.5605751323335685,0.7650009875533875,2.4948359087443572,4935.800614797406,48.68424555447499
1.76,746.8621322347906,False,0.5486795915982396,0.7371385575341127,2.4762670778525218,4862.600635756685,47.63932053609395
1.76,753.6532450764291,False,0.537902741430061,0.711604147925487,2.4581007884748995,4791.516712903609,46.66888776564035
1.76,760.4443579180678,False,0.528103978381187,0.6881097538051985,2.4403280770201308,4722.47936001616,45.764884917614985
1.76,767.2354707597065,False,0.519165262172461,0.666413368425958,2.422941128709155,4655.425264510621,44.92040408001002
1.76,774.026583601345,False,0.5109867623478285,0.6463101250220581,2.4059324730514544,4590.294007250019,44.12948864819115
1.76,780.8176964429838,False,0.5034834758346208,0.6276254125007883,2.389294614521336,4527.026570265532,43.3869721638558
1.76,787.6088092846223,False,0.49658257176847276,0.6102094699060076,2.3730198810867718,4465.564725530201,42.688349239935285
1.76,794.399922126261,False,0.4902212874090113,0.5939331016114461,2.3571003831231714,4405.8508600110035,42.02967129227919
1.76,801.1910349678997,False,0.4843452461230531,0.5786842510005723,2.341528027313745,4347.828010441946,41.407461639569476
1.76,807.9821478095383,False,0.4789071018240908,0.5643652382798222,2.326294556183344,4291.439989833332,40.818645863274895
1.76,814.773260651177,False,0.4738654382388493,0.5508905168045786,2.3113915975551236,4236.631544133676,40.26049429267025
1.76,821.5643734928155,False,0.46918386879143703,0.5381848376975782,2.2968107155572297,4183.348507455612,39.73057419991423
1.76,828.3554863344542,False,0.464830295689287,0.5261817385408815,2.282543458864628,4131.537940592811,39.226709828350664
1.76,835.1465991760929,False,0.46077629628886757,0.5148222912190409,2.268581404124124,4081.148246445735,38.74694878340616
1.76,841.9377120177315,False,0.4569966119324525,0.5040540584505405,2.25491619377589,4032.129260780247,38.289533624850456
1.76,848.7288248593702,False,0.45346871982529735,0.493830219477878,2.2415395681814734,3984.432319255535,37.85287773684317
1.76,855.5199377010088,False,0.4501724726234868,0.4841088337243856,2.2284433923404157,3938.010302886352,37.43554473621356
1.76,862.3110505426475,False,0.4470897935547622,0.4748522176351861,2.2156196776572394,3892.8176645936837,37.03623082298065
1.76,869.1021633842861,False,0.4442044173356182,0.4660264148837553,2.203060599294215,3848.810439595785,36.653749589905075
1.76,875.8932762259248,False,0.4415016690519724,0.4576007439979926,2.1907585096553284,3805.9462422683573,36.28701889707701
1.76,882.6843890675634,False,0.43896827466560273,0.44954741050061087,2.178705948523798,3764.184251876944,35.93504948853937
1.76,889.475501909202,False,0.43659219799004934,0.4418411730622147,2.166895650335032,3723.4851893155624,35.59693508480198
1.76,896.2666147508407,False,0.43436249991881404,0.434459055076405,2.155320549019249,3683.811286709921,35.271843730873776
1.76,903.0577275924793,False,0.43226921643977695,0.42738009459463194,2.1439737807986625,3645.126251479816,34.959010216505675
1.76,909.848840434118,False,0.4303032525735037,0.4205851267873894,2.1328486852766244,3607.3952262140024,34.657729415491985
1.76,916.6399532757566,False,0.4284562898610724,0.414056594091653,2.121938805111548,3570.584745493894,34.367350415537985
1.76,923.4310661173952,False,0.4267207054233566,0.4077783800113391,2.1112378845284194,3534.662690613496,34.08727133046042
1.76,930.222178959034,False,0.4250895009371017,0.4017356631961034,2.1007398668845845,3499.5982429779197,33.816934703204176
1.76,937.0132918006725,False,0.4235562401382178,0.3959147889637106,2.090438891475071,3465.3618368225575,33.55582342201124
1.76,943.8044046423112,False,0.42211499368091043,0.39030315587572567,2.0803292897345793,3431.925111773498,33.30345708360038
1.76,950.5955174839498,False,0.42076029036175194,0.3848891153439414,2.0704055809696578,3399.2608656695093,33.05938874684812
1.76,957.3866303255885,False,0.41948707386745027,0.3796618825500059,2.060662467733412,3367.3430079791533,32.82320202852625
1.76,964.1777431672272,False,0.418290664329888,0.3746114572150591,2.05109483093734,3336.146514075346,32.59450849944707
1.76,970.9688560088657,False,0.4171667240762496,0.3697285529687762,2.041697724779458,3305.647380569672,32.372945345095665
1.76,977.7599688505044,False,0.41611122704961917,0.3650045342457297,2.0324663715547495,3275.822581859109,32.158173259686755
1.76,984.551081692143,False,0.4151204314491018,0.3604313597872682,2.0233961564026446,3246.650027996452,31.94987454670895
1.76,991.3421945337817,False,0.4141908552007749,0.35600153195409184,2.0144826220368266,3218.108523962386,31.74775140253591
1.76,998.1333073754204,False,0.41331925392350016,0.3517080511623149,2.0057214634943534,3190.1777303889103,31.551524362688667
1.76,1004.924420217059,False,0.41250260109846393,0.34754437484729794,1.9971085229342327,3162.8381257614756,31.360930892911426
1.76,1011.7155330586976,False,0.4117380701894987,0.34350438043751186,1.988639784509856,3136.0709701093188,31.175724109436466
1.76,1018.5066459003363,False,0.41102301849391576,0.3395823318873927,1.9803113693345695,3109.8582701782766,30.99567161472371
1.76,1025.297758741975,False,0.41035497253152436,0.3357728493752761,1.97211953055553,3084.182746068934,30.82055443660758
1.76,1032.0888715836136,False,0.40973161480361486,0.33207088182167693,1.9640606485477077,3059.0277993145014,30.65016606021491
1.76,1038.8799844252521,False,0.4091507717743311,0.32847168192545323,1.9561312262365973,3034.377482364739,30.484311543253686
1.76,1045.6710972668907,False,0.4086104029448089,0.32497078345202185,1.948327884555987,3010.216469437707,30.32280670635509
1.76,1052.4622101085295,False,0.4081085909058977,0.321563980539412,1.9406473580450714,2986.5300286972165,30.165477391089578
1.76,1059.2533229501682,False,0.4076435322687338,0.3182473088154392,1.9330864905873169,2963.3039957106143,30.012158779100854
1.76,1066.0444357918068,False,0.4072135293841235,0.31501702814318405,1.925642231292282,2940.5247481403844,29.862694766522363
1.76,1072.8355486334453,False,0.4068169827718478,0.31186960683277537,1.9183116305203174,2918.1791816216983,29.716937388471585
1.76,1079.6266614750841,False,0.4064523841899099,0.3088017071756869,1.9110918360491884,2896.254686777869,29.57474628897376
1.76,1086.4177743167227,False,0.406118310281517,0.30581017217367706,1.903980089380786,2874.739127325444,29.43598823215638
1.76,1093.2088871583614,False,0.40581341674439914,0.30289201334846183,1.8969737221856684,2853.620819221784,29.30053665098699
1.76,1100.0,False,0.4055364329730674,0.3000443995304905,1.89007015288252,2832.8885108082927,29.168271230209484
1.779,420.8887158361356,False,,,,,
1.779,427.67982867777425,False,,,,,
1.779,434.47094151941286,False,,,,,
1.779,441.2620543610515,False,,,,,
1.779,448.0531672026902,False,,,,,
1.779,454.8442800443288,False,,,,,
1.779,461.63539288596746,False,,,,,
1.779,468.4265057276061,False,,,,,
1.779,475.21761856924473,False,,,,,
1.779,482.0087314108834,False,,,,,
1.779,488.799844252522,False,,,,,
1.779,495.5909570941607,False,,,,,
1.779,502.38206993579934,False,,,,,
1.779,509.17318277743794,False,,,,,
1.779,515.9642956190767,False,,,,,
1.779,522.7554084607152,False,,,,,
1.779,529.5465213023539,False,,,,,
1.779,536.3376341439925,False,,,,,
1.779,543.1287469856312,False,,,,,
1.779,549.9198598272699,False,,,,,
1.779,556.7109726689084,False,,,,,
1.779,563.5020855105471,False,,,,,
1.779,570.2931983521858,False,,,,,
1.779,577.0843111938244,False,,,,,
1.779,583.8754240354631,False,,,,,
1.779,590.6665368771016,False,,,,,
1.779,597.4576497187403,False,,,,,
1.779,604.248762560379,False,8.98444256405488,17.953101716023884,inf,inf,274.00382230084176
1.779,611.0398754020176,False,3.726059683760013,7.278714304407914,inf,inf,171.79036726996026
1.779,617.8309882436563,False,2.4248459021764592,4.632976344915409,inf,inf,135.16685741383725
1.779,624.6221010852948,False,1.8353300718137393,3.4313618621259465,inf,inf,114.87471064404507
1.779,631.4132139269336,False,1.4991625762597105,2.743937115100973,inf,inf,101.56179352746369
1.779,638.2043267685722,False,1.2820350561158473,2.298195515132124,inf,inf,91.98653608035006
1.779,644.9954396102108,False,1.1303269011938946,1.9853346976208714,inf,inf,84.68696091686496
1.779,651.7865524518495,False,1.0184227133167052,1.753372218506085,inf,inf,78.8936798518662
1.779,658.5776652934882,False,0.9325394813387852,1.5743332767305709,inf,inf,74.15797815727217
1.779,665.3687781351268,False,0.8646011576419907,1.4318229719052267,inf,inf,70.19814028156365
1.779,672.1598909767654,False,0.8095615703026425,1.31559470819301,inf,inf,66.82718139889721
1.779,678.951003818404,False,0.7641051147380488,1.218913926193178,inf,inf,63.91547256187316
1.779,685.7421166600427,False,0.7259632997357891,1.1371713359530518,inf,inf,61.36994532862209
1.779,692.5332295016814,False,0.6935315140631653,1.0671052755823451,inf,inf,59.12182849244023
1.779,699.32434234332,False,0.6656426457647795,1.0063423201043558,2.616032069171526,5426.999258516312,57.11906510867368
1.779,706.1154551849586,False,0.6414274354285754,0.953113876787497,2.5934030367084824,5333.5167725645215,55.321434900664904
1.779,712.9065680265974,False,0.620225118641101,0.9060748230257607,2.571922266738451,5245.529236267122,53.697310424753674
1.779,719.6976808682359,False,0.6015244237785417,0.8641837415399519,2.551117077203801,5161.006606116988,52.22143719873105
1.779,726.4887937098746,False,0.5849235379631164,0.8266216480700114,2.530842605601899,5079.300522388432,50.87337644545252
1.779,733.2799065515132,False,0.570102287851456,0.7927355084726858,2.511039930900853,5000.125132272341,49.63638870618682
1.779,740.0710193931518,False,0.5568023970080674,0.7619981480667212,2.491680746190478,4923.324118328794,48.49661803259339
1.779,746.8621322347906,False,0.5448132100448083,0.7339792572656724,2.472749178672468,4848.7943803187145,47.44248558421167
1.779,753.6532450764291,False,0.5339611950599181,0.7083240670203618,2.4542346289027677,4776.4561424073245,46.46423195078827
1.779,760.4443579180678,False,0.5241021067838036,0.6847374259658126,2.4361286543992975,4706.24004922571,45.553566944102165
1.779,767.2354707597065,False,0.515115055365507,0.6629717468033711,2.418423547520795,4638.081339044312,44.703398268746575
1.779,774.026583601345,False,0.5068979611103366,0.6428177670913682,2.4011116866143722,4571.917217805843,43.90761891232752
1.779,780.8176964429838,False,0.49936403140005103,0.6240973860370493,2.384185259428454,4507.685753186433,43.16093881507917
1.779,787.6088092846223,False,0.49243900121782247,0.6066580523628817,2.3676361704848863,4445.325504708587,42.458750326219025
1.779,794.399922126261,False,0.48605895086149103,0.5903683247765339,2.3514560391213997,4384.775505507649,41.79701972172075
1.779,801.1910349678997,False,0.48016856469601066,0.575114328600941,2.335636240278311,4325.97540126598,41.17219902645181
1.779,807.9821478095383,False,0.4747197303097856,0.5607969042076392,2.3201679629369045,4268.865646747825,40.58115380223584
1.779,814.773260651177,False,0.4696704028598676,0.5473292944987078,2.3050422730402564,4213.387709428801,40.02110359848761
1.779,821.5643734928155,False,0.464983677807488,0.5346352560705221,2.2902501741450827,4159.48425572945,39.489572525928736
1.779,828.3554863344542,False,0.46062702873902156,0.5226475060883984,2.2757826625597275,4107.099309277676,38.98434798360007
1.779,835.1465991760929,False,0.4565716769580555,0.5113064371868792,2.2616307756515934,4056.17837804235,38.503445998480785
1.779,841.9377120177315,False,0.4527920670042358,0.5005590478793803,2.247785633056187,4006.6685510274187,38.04508196320802
1.779,848.7288248593702,False,0.4492654278911513,0.49035804740818095,2.2342384710757583,3958.518567097326,37.60764580748008
1.779,855.5199377010088,False,0.44597140414568226,0.48066110267936074,2.2209806708257163,3911.6788592788816,37.189680832038995
1.779,862.3110505426475,False,0.44289174402289616,0.47143020161379784,2.2080037807996904,3866.1015780711896,36.7898655846803
1.779,869.1021633842861,False,0.4400100348157862,0.4626311124159684,2.1952995345457205,3821.740597161331,36.406998275850576
1.779,875.8932762259248,False,0.4373114771609953,0.4542329222891777,2.182859864119356,3778.551504656623,36.03998332465732
1.779,882.6843890675634,False,0.43478269179579615,0.4462076422838881,2.1706769099282166,3736.4915825944545,35.687819700258785
1.779,889.475501909202,False,0.4324115534478899,0.4385298674581181,2.158743027521165,3695.519777130258,35.349590782877954
1.779,896.2666147508407,False,0.43018704751327536,0.4311764835080934,2.147050791811292,3655.5966614585254,35.02445551636229
1.779,903.0577275924793,False,0.42809914595504367,0.42412641260814016,2.135592999160004,3616.684393205118,34.71164066276227
1.779,909.848840434118,False,0.4261386994803536,0.41736039246841844,2.1243626676924174,3578.746667748085,34.41043400073675
1.779,916.6399532757566,False,0.42429734355687915,0.4108607836441353,2.1133530361620076,3541.7486686764573,34.12017833518711
1.779,923.4310661173952,False,0.4225674162389883,0.40461140096166637,2.10255756163664,3505.657016384765,33.84026620652963
1.779,930.222178959034,False,0.42094188610723826,0.3985973656051404,2.0919699162372325,3470.439715617998,33.570135205328526
1.779,937.0132918006725,False,0.4194142888977614,0.3928049749624997,2.081583983125242,3436.066102628287,33.30926381234885
1.779,943.8044046423112,False,0.4179786716226665,0.3872215877869871,2.0713938519043142,3402.5067924735763,33.057167696004704
1.779,950.5955174839498,False,0.41662954316798656,0.3818355226074614,2.061393813575384,3369.7336268803037,32.81339640912195
1.779,957.3866303255885,False,0.4153618305095143,0.3766359676340329,2.0515783551616864,3337.719623000246,32.577530435266475
1.779,964.1777431672272,False,0.41417083981485514,0.3716129006661678,2.041942154101058,3306.4389233167135,32.34917854189094
1.779,970.9688560088657,False,0.41305222180697504,0.3667570177282325,2.0324800724862677,3275.8667468920594,32.12797540346107
1.779,977.7599688505044,False,0.41200194085422776,0.3620596693401665,2.023187151220345,3245.9793420975993,31.91357946272476
1.779,984.551081692143,False,0.4110162473272317,0.35751280348464737,2.0140586041417925,3216.75394092412,31.705671002529424
1.779,991.3421945337817,False,0.41009165282670573,0.3531089144619512,2.005089812164682,3188.1687149371883,31.50395040421336
1.779,998.1333073754204,False,0.40922490794025684,0.3488409969336022,1.996276317470077,3160.2027329133325,31.308136571682972
1.779,1004.924420217059,False,0.4084129822319106,0.3447025045492879,1.9876138177779752,3132.835920170457,31.117965502934744
1.779,1011.7155330586976,False,0.40765304620720444,0.3406873126310974,1.9790981607231628,3106.049019588574,30.933188993055207
1.779,1018.5066459003363,False,0.4069424550299563,0.3367896844570896,1.9707253383530277,3079.8235543018895,30.753573454687878
1.779,1025.297758741975,False,0.4062787337953817,0.33300424074446217,1.9624914817612702,3054.1417920326503,30.57889884364851
1.779,1032.0888715836136,False,0.40565956418873106,0.32932593198260945,1.9543928558679846,3028.986711028883,30.408957678832394
1.779,1038.8799844252521,False,0.4050827723797324,0.3257500133094506,1.9464258543534143,3004.341967561144,30.243554146827737
1.779,1045.6710972668907,False,0.40454631802131835,0.32227202166159746,1.9385869947503829,2980.191864929196,30.082503282752633
1.779,1052.4622101085295,False,0.4040482842369027,0.3188877549611398,1.930872913698354,2956.521323926264,29.925630219797046
1.779,1059.2533229501682,False,0.40358686849411035,0.3155932531297326,1.9232803623603338,2933.315854706225,29.77276950079086
1.779,1066.0444357918068,False,0.4031603742747547,0.31238478074495163,1.9158062020025575,2910.561529998223,29.62376444585539
1.779,1072.8355486334453,False,0.4027672034611899,0.3092588111750302,1.908447399735622,2888.2449596123165,29.478466570841487
1.779,1079.6266614750841,False,0.4024058493682062,0.3062120120465598,1.9012010244151427,2866.3532661808745,29.33673505182477
1.779,1086.4177743167227,False,0.4020748903575205,0.30324123191588515,1.894064242698938,2844.8740620800354,29.198436231428087
1.779,1093.2088871583614,False,0.40177298397882877,0.30034348802907834,1.88703431525741,2823.795427477248,29.06344316318113
1.779,1100.0,False,0.4014988615874905,0.2975159550678378,1.8801085931333554,2803.1058894522153,28.93163519051904
1.798,420.8887158361356,False,,,,,
1.798,427.67982867777425,False,,,,,
1.798,434.47094151941286,False,,,,,
1.798,441.2620543610515,False,,,,,
1.798,448.0531672026902,False,,,,,
1.798,454.8442800443288,False,,,,,
1.798,461.63539288596746,False,,,,,
1.798,468.4265057276061,False,,,,,
1.798,475.21761856924473,False,,,,,
1.798,482.0087314108834,False,,,,,
1.798,488.799844252522,False,,,,,
1.798,495.5909570941607,False,,,,,
1.798,502.38206993579934,False,,,,,
1.798,509.17318277743794,False,,,,,
1.798,515.9642956190767,False,,,,,
1.798,522.7554084607152,False,,,,,
1.798,529.5465213023539,False,,,,,
1.798,536.3376341439925,False,,,,,
1.798,543.1287469856312,False,,,,,
1.798,549.9198598272699,False,,,,,
1.798,556.7109726689084,False,,,,,
1.798,563.5020855105471,False,,,,,
1.798,570.2931983521858,False,,,,,
1.798,577.0843111938244,False,,,,,
1.798,583.8754240354631,False,,,,,
1.798,590.6665368771016,False,,,,,
1.798,597.4576497187403,False,,,,,
1.798,604.248762560379,False,13.25325733736026,26.59162928090656,inf,inf,334.74145473291503
1.798,611.0398754020176,False,4.203414646507753,8.244067822254534,inf,inf,183.39287259666122
1.798,617.8309882436563,False,2.586335086442154,4.960864924252576,inf,inf,140.21548725958604
1.798,624.6221010852948,False,1.9109409582301238,3.5864114114582595,inf,inf,117.67174419223366
1.798,631.4132139269336,False,1.5403155123949972,2.829833915948834,inf,inf,103.29474813541802
1.798,638.2043267685722,False,1.30627023990769,2.3502426103379,inf,inf,93.12564483433115
1.798,644.9954396102108,False,1.1451544390449397,2.0186192395469256,inf,inf,85.45878020443044
1.798,651.7865524518495,False,1.027556797643655,1.7753414796725617,inf,inf,79.4218887272778
1.798,658.5776652934882,False,0.9380104795586932,1.589050426678232,inf,inf,74.51622726356847
1.798,665.3687781351268,False,0.8676039619372702,1.4416745033496021,inf,inf,70.43319250113659
1.798,672.1598909767654,False,0.8108403823151535,1.3220639730856112,inf,inf,66.97022702525256
1.798,678.951003818404,False,0.7641447107473052,1.2229651868967886,inf,inf,63.988143265734195
1.798,685.7421166600427,False,0.7250911701232382,1.1394546131234191,inf,inf,61.38772648699853
1.798,692.5332295016814,False,0.6919756509348971,1.0680721063303842,2.641678948343663,5533.93056496351,59.09610011655315
1.798,699.32434234332,False,0.663565830398435,1.0063143581294118,2.615154904525002,5423.360485232336,57.05837670315673
1.798,706.1154551849586,False,0.6389484100160455,0.9523251995003702,2.5922731362419813,5328.870344517783,55.23233133202864
1.798,712.9065680265974,False,0.6174321105959385,0.9046989234166577,2.570415838332607,5239.386204527592,53.58488376425069
1.798,719.6976808682359,False,0.5984840411586336,0.8623512594258003,2.5492093004484357,5153.290482863628,52.08970543531722
1.798,726.4887937098746,False,0.5816867710489944,0.8244323178543548,2.5285327905665556,5070.033339295456,50.725549492689225
1.798,733.2799065515132,False,0.5667086497711863,0.7902663915823105,2.5083364355696576,4989.364221743556,49.47505909570986
1.798,740.0710193931518,False,0.5532828374890867,0.7593094185642097,2.4885960379161003,4911.141483871287,48.323900108651756
1.798,746.8621322347906,False,0.5411922022603589,0.7311183400719059,2.4692977302505907,4835.267990908722,47.26011875616451
1.798,753.6532450764291,False,0.5302582540339431,0.7053286448853667,2.450431857946933,4761.665627809098,46.273658398380014
1.798,760.4443579180678,False,0.5203329100326053,0.6816376557134736,2.4319903255399433,4690.264352082552,45.35599086320506
1.798,767.2354707597065,False,0.5112922807052963,0.6597919139384514,2.4139654102704693,4620.997363025883,44.49983157926926
1.798,774.026583601345,False,0.5030319204002234,0.6395775356351256,2.396349246480843,4553.799036079152,43.69891690287596
1.798,780.8176964429838,False,0.495463155082582,0.620812752745157,2.3791336305513715,4488.604155742946,42.94782821450476
1.798,787.6088092846223,False,0.48851021243392456,0.6033420824034968,2.3623099811440302,4425.347761211569,42.24185161136906
1.798,794.399922126261,False,0.4821079569196918,0.5870317240349049,2.345869372999473,4363.965269777726,41.57686499271082
1.798,801.1910349678997,False,0.476200086046207,0.5717658925874565,2.3298026025938667,4304.392710493603,40.949246440507515
1.798,807.9821478095383,False,0.4707376818063805,0.5574438728730493,2.3141002641907638,4246.56698435267,40.35579931181201
1.798,814.773260651177,False,0.4656780382781062,0.5439776346658082,2.298752825349645,4190.426110293824,39.79369056037183
1.798,821.5643734928155,False,0.4609837058240215,0.5312898877247343,2.2837506965857504,4135.909438922328,39.26039961600019
1.798,828.3554863344542,False,0.4566217065828725,0.5193124847915896,2.269084292913142,4082.9578276889233,38.75367575352486
1.798,835.1465991760929,False,0.45256288646322995,0.5079851019546415,2.254744086635502,4031.513777370814,38.27150233660381
1.798,841.9377120177315,False,0.44878137669988194,0.4972541416922797,2.2407206516080573,3981.5215326903676,37.81206666571919
1.798,848.7288248593702,False,0.4452541439444809,0.4870718159032533,2.2270046996153954,3932.92715118541,37.37373442293075
1.798,855.5199377010088,False,0.4419606123528883,0.4773953753421734,2.213587109691614,3885.6785448164605,36.95502790911526
1.798,862.3110505426475,False,0.4388823445712693,0.4681864588588055,2.2004589512545567,3839.725498679825,36.5546074273659
1.798,869.1021633842861,False,0.4360027711781355,0.45941054122818953,2.1876115018997915,3795.0196708468775,36.17125528994105
1.798,875.8932762259248,False,0.4333069602039158,0.4510364625488314,2.175036260637225,3751.514576902293,35.803862023706266
1.798,882.6843890675634,False,0.43078141996589364,0.4430360254672704,2.1627249572750453,3709.165562285306,35.45141442644469
1.798,889.475501909202,False,0.4284139297301022,0.4353836490733527,2.150669558573559,3667.929765087594,35.11298518824977
1.798,896.2666147508407,False,0.42619339372158144,0.4280560703612073,2.1388622717113805,3627.7660715471147,34.787723841873856
1.798,903.0577275924793,False,0.4241097148100758,0.4210320857870155,2.1272955455327396,3588.6350661109104,34.474848846029076
1.798,909.848840434118,False,0.4221536848441514,0.41429232676681493,2.1159620699773125,3550.4989776175207,34.173640638194094
1.798,916.6399532757566,False,0.42031688912779447,0.4078190640160633,2.1048547740349197,3513.3216228745846,33.88343552006208
1.798,923.4310661173952,False,0.4185916229556417,0.40159603649042575,2.0939668225153616,3477.068348671713,33.603620260544545
1.798,930.222178959034,False,0.41697081846682016,0.3956083013859771,2.083291611878314,3441.705973069208,33.33362731918853
1.798,937.0132918006725,False,0.41544798035862274,0.38984210222870647,2.0728227653296587,3407.202726637481,33.072930607702574
1.798,943.8044046423112,False,0.4140171292323596,0.38428475255306915,2.0625541273569064,3373.5281941813755,32.82104171961111
1.798,950.5955174839498,False,0.41267275153442157,0.3789245330571265,2.052479757848087,3340.653257368464,32.577506568331465
1.798,957.3866303255885,False,0.41140975521360845,0.37375060044318037,2.0425939259140855,3308.5500385839623,32.341902382569266
1.798,964.1777431672272,False,0.4102234303471958,0.3687529064201616,2.0328911035138466,3277.1918462560207,32.11383501515222
1.798,970.9688560088657,False,0.40910941409790763,0.3639221255672489,2.023365958964465,3246.553121830434,31.892936527511253
1.798,977.7599688505044,False,0.4080636594558902,0.35924959094527564,2.0140133504032605,3216.60938852027,31.6788630171689
1.798,984.551081692143,False,0.40708240729707823,0.3547272364998102,2.004828319256659,3187.337201913438,31.471292659966675
1.798,991.3421945337817,False,0.4061621613544819,0.35034754543246777,1.9958060837601728,3158.714102486293,31.2699239424798
1.798,998.1333073754204,False,0.40529966575411597,0.3461035038293764,1.9869420325648444,3130.7185700431,31.074474063245532
1.798,1004.924420217059,False,0.40449188481407417,0.3419885589310512,1.9782317184583014,3103.329980079509,30.88467748414822
1.798,1011.7155330586976,False,0.40373598484511564,0.3379965815091439,1.9696708522222601,3076.5285620503823,30.700284615638452
1.798,1018.5066459003363,False,0.4030293177251424,0.33412183188485606,1.961255296643223,3050.295359508869,30.521060621472405
1.798,1025.297758741975,False,0.402369406049067,0.33035892918317955,1.9529810606887588,3024.612192073109,30.34678433039103
1.798,1032.0888715836136,False,0.40175392968055595,0.326702823468086,1.9448442938581998,2999.4616191691903,30.17724724365809
1.798,1038.8799844252521,False,0.4011807135536584,0.32314877044766827,1.936841280713734,2974.826905493651,30.012252628677427
1.798,1045.6710972668907,False,0.4006477165908583,0.31969230847608054,1.9289684355952,2950.6919881341764,29.851614690039415
1.798,1052.4622101085295,False,0.40015302162016353,0.31632923761188425,1.921222297520218,2927.041445285668,29.695157810333125
1.798,1059.2533229501682,False,0.3996948261877045,0.3130556005207635,1.9135995252693927,2903.8604664965947,29.542715853917876
1.798,1066.0444357918068,False,0.3992714341744501,0.309867665035282,1.9060968926551873,2881.1348243807092,29.39413152760409
1.798,1072.8355486334453,False,0.39888124813610704,0.3067619082057922,1.898711283971893,2858.850847729037,29.24925579284896
1.798,1079.6266614750841,False,0.398522762294484,0.303735001695381,1.8914396896234424,2836.9953959583936,29.107947324655004
1.798,1086.4177743167227,False,0.3981945561166095,0.30078379838812513,1.8842792019249754,2815.5558348333407,28.970072012868734
1.798,1093.2088871583614,False,0.39789528842489225,0.29790532009426646,1.8772270110737541,2794.52001340069,28.8355025020246
1.798,1100.0,False,0.3976236919878269,0.29509674624857174,1.8702804012845138,2773.8762420770236,28.70411776628022
1.817,420.8887158361356,False,,,,,
1.817,427.67982867777425,False,,,,,
1.817,434.47094151941286,False,,,,,
1.817,441.2620543610515,False,,,,,
1.817,448.0531672026902,False,,,,,
1.817,454.8442800443288,False,,,,,
1.817,461.63539288596746,False,,,,,
1.817,468.4265057276061,False,,,,,
1.817,475.21761856924473,False,,,,,
1.817,482.0087314108834,False,,,,,
1.817,488.799844252522,False,,,,,
1.817,495.5909570941607,False,,,,,
1.817,502.38206993579934,False,,,,,
1.817,509.17318277743794,False,,,,,
1.817,515.9642956190767,False,,,,,
1.817,522.7554084607152,False,,,,,
1.817,529.5465213023539,False,,,,,
1.817,536.3376341439925,False,,,,,
1.817,543.1287469856312,False,,,,,
1.817,549.9198598272699,False,,,,,
1.817,556.7109726689084,False,,,,,
1.817,563.5020855105471,False,,,,,
1.817,570.2931983521858,False,,,,,
1.817,577.0843111938244,False,,,,,
1.817,583.8754240354631,False,,,,,
1.817,590.6665368771016,False,,,,,
1.817,597.4576497187403,False,,,,,
1.817,604.248762560379,False,26.37312956541739,53.13146625552345,inf,inf,475.0826980961777
1.817,611.0398754020176,False,4.856353010168703,9.562641206140837,inf,inf,198.16737247425434
1.817,617.8309882436563,False,2.7813941747621223,5.35581595239895,inf,inf,146.07889529949932
1.817,624.6221010852948,False,1.998028999092865,3.764167493607736,inf,inf,120.80902642575678
1.817,631.4132139269336,False,1.5866957980191887,2.9259343716964965,inf,inf,105.20825376668499
1.817,638.2043267685722,False,1.333351184775294,2.407745750563202,inf,inf,94.37578362140674
1.817,644.9954396102108,False,1.1617388256063088,2.055196532554168,inf,inf,86.3062119528484
1.817,651.7865524518495,False,1.0378838324429833,1.7994868295051545,inf,inf,80.00562948266834
1.817,658.5776652934882,False,0.9443544453942339,1.6053118789362715,inf,inf,74.91769954844365
1.817,665.3687781351268,False,0.8712848640912043,1.4526865626613414,inf,inf,70.7034583702536
1.817,672.1598909767654,False,0.8126716909429806,1.3294469226406735,inf,inf,67.14302057696872
1.817,678.951003818404,False,0.7646519653106297,1.2277636528759726,inf,inf,64.08668400602839
1.817,685.7421166600427,False,0.7246270817745647,1.142368208722135,inf,inf,61.428535083710315
1.817,692.5332295016814,False,0.6907844864913812,1.0695842904702113,2.6402766540714313,5528.056922030176,59.09125657035363
1.817,699.32434234332,False,0.6618212574761181,1.0067680871789637,2.6144686803821044,5420.514647986103,57.016918601030994
1.817,706.1154551849586,False,0.6367766835995833,0.9519692199851232,2.5912704331207026,5324.748678902349,55.16115300586502
1.817,712.9065680265974,False,0.6149267869284727,0.9037171123792762,2.569014170495471,5233.673606058193,53.48933335004473
1.817,719.6976808682359,False,0.5957156012573521,0.8608817902676204,2.5473936925129066,5145.952503057102,51.97399241049825
1.817,726.4887937098746,False,0.5787090821709286,0.8225805124777928,2.5263065925668076,5061.109642948972,50.593029589275616
1.817,733.2799065515132,False,0.5635634047089191,0.7881135390538119,2.5057102225022194,4978.922022777825,49.328437709473796
1.817,740.0710193931518,False,0.5500026671582576,0.7569189502699539,2.485583739398031,4899.259386123468,48.16538023809886
1.817,746.8621322347906,False,0.5378028978958875,0.7285402326242792,2.465914903384561,4822.0288661384975,47.09151038915319
1.817,753.6532450764291,False,0.5267803796012474,0.7026026106034637,2.4466947844722657,4747.152981638479,46.09646059801094
1.817,760.4443579180678,False,0.5167829893665562,0.6787954884555017,2.4279154888699788,4674.560301207847,45.17145419293839
1.817,767.2354707597065,False,0.5076836831500061,0.6568592367697237,2.409569172737707,4604.181460494842,44.30900615257602
1.817,774.026583601345,False,0.49937552949191505,0.6365751185351385,2.3916476432536666,4535.947587202123,43.502689776061416
1.817,780.8176964429838,False,0.49176787897784424,0.617757517038167,2.374142236762092,4469.789837331774,42.74695277953128
1.817,787.6088092846223,False,0.484783377459859,0.6002478740808701,2.3570438274656684,4405.63943685338,42.036970913692684
1.817,794.399922126261,False,0.4783556138140643,0.5839099146322044,2.340342894455904,4343.427935126285,41.368530386939646
1.817,801.1910349678997,False,0.47242725028653226,0.5686258500311417,2.324029610724499,4283.0875258526,40.73793263311583
1.817,807.9821478095383,False,0.46694852369658546,0.5542933333238375,2.308093935839948,4224.551365712758,40.14191657868123
1.817,814.773260651177,False,0.4618760343904032,0.5408229983020532,2.2925257033513398,4167.7538588572725,39.57759473663386
1.817,821.5643734928155,False,0.4571717604669617,0.5281364556026447,2.277314698934371,4112.6308950256425,39.042400315606606
1.817,828.3554863344542,False,0.4528022498393015,0.5161646497021511,2.2624507279200863,4059.120039072451,38.53404317181622
1.817,835.1465991760929,False,0.4487379537797534,0.5048465031030667,2.2479236722177784,4007.160674601824,38.0504729109538
1.817,841.9377120177315,False,0.44495267385126314,0.4941277907337899,2.233723537322462,3956.6941065900955,37.589847810078865
1.817,848.7288248593702,False,0.4414231003300147,0.483960200155895,2.2198404903999647,3907.6636286107023,37.15050850682833
1.817,855.5199377010088,False,0.43812842492817605,0.47430054270609917,2.2062648905357998,3860.0145602450807,36.7309556168014
1.817,862.3110505426475,False,0.43505001422179534,0.46511008799041476,2.1929873122167027,3813.6942598624564,36.32983060573982
1.817,869.1021633842861,False,0.4321711329603395,0.456353999766695,2.179998563040855,3768.65211739219,35.94589937275569
1.817,875.8932762259248,False,0.4294767085856831,0.44800085561401926,2.167289696554842,3724.8395311080044,35.57803810292084
1.817,882.6843890675634,False,0.4269531299703213,0.4400222361982088,2.1548520210106235,3682.2098718579346,35.225221028434575
1.817,889.475501909202,False,0.4245880747080672,0.43239237262711844,2.1426771047328823,3640.7184376339037,34.886509802100676
1.817,896.2666147508407,False,0.4223703603385824,0.4250878425154038,2.130756778691814,3600.322400895933,34.561044238602236
1.817,903.0577275924793,False,0.4202898157218942,0.4180873070722027,2.119083136789716,3560.980750646483,34.248034220808144
1.817,909.848840434118,False,0.418337169447941,0.4113712828823742,2.1076485342936717,3522.654230892726,33.946752602208235
1.817,916.6399532757566,False,0.4165039527047484,0.4049219431450454,2.0964455847795427,3485.3052768285734,33.656528964162995
1.817,923.4310661173952,False,0.41478241446495717,0.3987229440184157,2.0854671558949147,3448.897949812204,33.37674410925732
1.817,930.222178959034,False,0.4131654472050965,0.392759272439883,2.0747063641987293,3413.397871998961,33.10682519063675
1.817,937.0132918006725,False,0.4116465216619645,0.3870171123793221,2.0641565692932953,3378.7721613119074,32.84624139257228
1.817,943.8044046423112,False,0.41021962936838735,0.3814837269666155,2.053811367427778,3344.989367282525,32.594500090241475
1.817,950.5955174839498,False,0.4088792319069208,0.3761473543332145,2.0436645847220745,3312.0194081732798,32.3511434273398
1.817,957.3866303255885,False,0.40762021598241965,0.3709971153374576,2.033710270133792,3279.833509692513,32.11574525901266
1.817,964.1777431672272,False,0.4064378535494116,0.36602293161771887,2.023942688269274,3248.404145530378,31.88790841505548
1.817,970.9688560088657,False,0.40532776634277556,0.3612154526463039,2.014356312121212,3217.7049798778153,31.667262244605837
1.817,977.7599688505044,False,0.4042858942545338,0.3565659906487002,2.004945815799911,3187.710812036518,31.45346040886085
1.817,984.551081692143,False,0.40330846707867574,0.35206646241375955,1.9957060673122111,3158.397523184081,31.246178892848103
1.817,991.3421945337817,False,0.4023919792127576,0.34770933715622326,1.986632121431278,3129.7420253240316,31.045114211109475
1.817,998.1333073754204,False,0.40153316696140384,0.34348758970778165,1.9777192126913739,3101.722212422773,30.849981785419036
1.817,1004.924420217059,False,0.4007289881347067,0.3393946584102809,1.9689627485340837,3074.3169137136706,30.66051447544894
1.817,1011.7155330586976,False,0.39997660367528187,0.3354244071676216,1.9603583026262608,3047.505849132001,30.476461245696303
1.817,1018.5066459003363,False,0.39927336108243655,0.3315710911835932,1.9519016083646266,3021.269586831384,30.29758595404224
1.817,1025.297758741975,False,0.3986167794316463,0.32782932597344744,1.9435885525776986,2995.5895027229767,30.123666249093652
1.817,1032.0888715836136,False,0.3980045358130497,0.3241940592889687,1.9354151694321604,2970.4477419718396,29.954492564996734
1.817,1038.8799844252521,False,0.3974344530345657,0.32066054564145474,1.9273776345478462,2945.827182380043,29.78986720374094
1.817,1045.6710972668907,False,0.3969044884541767,0.31722432314559346,1.919472259323065,2921.711399582942,29.62960349613287
1.817,1052.4622101085295,False,0.396412723822228,0.3138811924405077,1.9116954854702222,2898.084633983849,29.47352503362479
1.817,1059.2533229501682,False,0.39595735602878906,0.3106271974731428,1.9040438797599517,2874.931759351297,29.321464964064806
1.817,1066.0444357918068,False,0.3955366886633625,0.30745860795420743,1.8965141289708343,2852.2382530036775,29.1732653452023
1.817,1072.8355486334453,False,0.39514912430497007,0.30437190331874453,1.8891030350408486,2829.9901675072438,29.02877655045884
1.817,1079.6266614750841,False,0.3947931574699345,0.3013637580424144,1.8818075104157574,2808.1741038143996,28.887856722065173
1.817,1086.4177743167227,False,0.3944673681528382,0.29843102818122896,1.874624573589316,2786.777185771909,28.750371267186047
1.817,1093.2088871583614,False,0.3941704159032828,0.29557073901705083,1.867551344829534,2765.787035930184,28.616192393114247
1.817,1100.0,False,0.3939010343873149,0.2927800737039542,1.860585042085116,2745.191752587754,28.48519867801986
1.8359999999999999,420.8887158361356,False,,,,,
1.8359999999999999,427.67982867777425,False,,,,,
1.8359999999999999,434.47094151941286,False,,,,,
1.8359999999999999,441.2620543610515,False,,,,,
1.8359999999999999,448.0531672026902,False,,,,,
1.8359999999999999,454.8442800443288,False,,,,,
1.8359999999999999,461.63539288596746,False,,,,,
1.8359999999999999,468.4265057276061,False,,,,,
1.8359999999999999,475.21761856924473,False,,,,,
1.8359999999999999,482.0087314108834,False,,,,,
1.8359999999999999,488.799844252522,False,,,,,
1.8359999999999999,495.5909570941607,False,,,,,
1.8359999999999999,502.38206993579934,False,,,,,
1.8359999999999999,509.17318277743794,False,,,,,
1.8359999999999999,515.9642956190767,False,,,,,
1.8359999999999999,522.7554084607152,False,,,,,
1.8359999999999999,529.5465213023539,False,,,,,
1.8359999999999999,536.3376341439925,False,,,,,
1.8359999999999999,543.1287469856312,False,,,,,
1.8359999999999999,549.9198598272699,False,,,,,
1.8359999999999999,556.7109726689084,False,,,,,
1.8359999999999999,563.5020855105471,False,,,,,
1.8359999999999999,570.2931983521858,False,,,,,
1.8359999999999999,577.0843111938244,False,,,,,
1.8359999999999999,583.8754240354631,False,,,,,
1.8359999999999999,590.6665368771016,False,,,,,
1.8359999999999999,597.4576497187403,False,,,,,
1.8359999999999999,604.248762560379,False,,,,,
1.8359999999999999,611.0398754020176,False,5.800288708233301,11.466727220470208,inf,inf,217.76491711657562
1.8359999999999999,617.8309882436563,False,3.020771390966809,5.839362128423232,inf,inf,152.96645503130753
1.8359999999999999,624.6221010852948,False,2.0989450709679134,3.9693234014374905,inf,inf,124.34214703793215
1.8359999999999999,631.4132139269336,False,1.6390538470374634,3.0337355740453633,inf,inf,107.32270159376365
1.8359999999999999,638.2043267685722,False,1.3635716499266575,2.471293880895713,inf,inf,95.74581122222645
1.8359999999999999,644.9954396102108,False,1.1802086220857866,2.0953283989151674,inf,inf,87.23344668432549
1.8359999999999999,651.7865524518495,False,1.0494625022666375,1.8259323343994391,inf,inf,80.64692014480664
1.8359999999999999,658.5776652934882,False,0.9515970734084507,1.6231769670205896,inf,inf,75.36329770354001
1.8359999999999999,665.3687781351268,False,0.875652685472518,1.464885542832086,inf,inf,71.00922529376338
1.8359999999999999,672.1598909767654,False,0.8150551621751186,1.3377521785453765,inf,inf,67.3454912880429
1.8359999999999999,678.951003818404,False,0.7656213581841088,1.233307946855816,inf,inf,64.21080695122363
1.8359999999999999,685.7421166600427,False,0.7245624885628645,1.1459049606665017,inf,inf,61.491947798253015
1.8359999999999999,692.5332295016814,False,0.6899476794486774,1.071631272238485,2.639618894950747,5525.3029099239375,59.10678824260063
1.8359999999999999,699.32434234332,False,0.6603975180075581,1.0076909651238066,2.6139487156636436,5418.358801847921,56.99412561974455
1.8359999999999999,706.1154551849586,False,0.6349002223818148,0.9520322626205289,2.5903895582051932,5321.129110484917,55.10729890763325
1.8359999999999999,712.9065680265974,False,0.6126967650502915,0.9031151095945171,2.567716184472434,5228.386349072343,53.410035323578654
1.8359999999999999,719.6976808682359,False,0.5932065477522966,0.8597607824658695,2.5456708089942337,5138.99411366957,51.87366013515092
1.8359999999999999,726.4887937098746,False,0.5759778536201373,0.8210516215641799,2.5241653507338104,5052.533908638519,50.47517055348647
1.8359999999999999,733.2799065515132,False,0.5606539460848463,0.7862624177326196,2.5031630553276814,4968.804571333679,49.195874269165714
1.8359999999999999,740.0710193931518,False,0.5469493372986519,0.7548123739370757,2.4826458610129736,4887.6847030859,48.02040689623653
1.8359999999999999,746.8621322347906,False,0.5346328358825638,0.7262307839998433,2.4626028574889607,4809.084335514224,46.93600970570069
1.8359999999999999,753.6532450764291,False,0.5235152168445448,0.7001320646209118,2.4430256589807042,4732.925755614509,45.931989915599225
1.8359999999999999,760.4443579180678,False,0.513440106942875,0.6761972947763181,2.4239064494365334,4659.13552694276,44.999311416969796
1.8359999999999999,767.2354707597065,False,0.5042771477294145,0.6541603652024753,2.4052371701794493,4587.641244998883,44.130280263499046
1.8359999999999999,774.026583601345,False,0.4959167986121342,0.6337974477558205,2.3870092253228137,4518.370400769515,43.31830005472925
1.8359999999999999,780.8176964429838,False,0.488266338483612,0.614918891362024,2.369213426977336,4451.250193654819,42.55767958093902
1.8359999999999999,787.6088092846223,False,0.4812467552598794,0.5973629158844305,2.3518400491060807,4386.2077543227815,41.84348003752304
1.8359999999999999,794.399922126261,False,0.47479030142631407,0.5809906548053563,2.3348789259387615,4323.170519224013,41.17139254438103
1.8359999999999999,801.1910349678997,False,0.46883855489463827,0.5656822214565089,2.318319563196845,4262.066632881641,40.53763912086002
1.8359999999999999,807.9821478095383,False,0.4633408673200224,0.5513335602301344,2.302151246638346,4202.825320681955,39.938891992335506
1.8359999999999999,814.773260651177,False,0.45825311243387895,0.5378539057337322,2.286363140805797,4145.377208495223,39.37220735345918
1.8359999999999999,821.5643734928155,False,0.45353666880316185,0.5251637170813376,2.270944375223395,4089.6545824153945,38.83497062793083
1.8359999999999999,828.3554863344542,False,0.44915758732227895,0.5131929866857687,2.255884117548275,4035.5915902571355,38.32485094222139
1.8359999999999999,835.1465991760929,False,0.44508590543213455,0.5018798465752016,2.241171634306121,3983.124390252282,37.83976303772498
1.8359999999999999,841.9377120177315,False,0.4412950787441525,0.49116941283546955,2.2267963403589572,3932.1912538229685,37.377835228923146
1.8359999999999999,848.7288248593702,False,0.4377615072600187,0.48101282196528794,2.2127478384376187,3882.732629502853,36.93738230721367
1.8359999999999999,855.5199377010088,False,0.43446413830714,0.47136642291218234,2.1990159500816815,3834.6911746671803,36.51688251462
1.8359999999999999,862.3110505426475,False,0.43138413207177584,0.4621910961750779,2.1855907392503875,3788.011761049876,36.114957885610245
1.8359999999999999,869.1021633842861,False,0.42850457850608137,0.45345167722114627,2.1724625297495823,3742.641459260513,35.730357391122524
1.8359999999999999,875.8932762259248,False,0.42581025662850286,0.44511646600826543,2.159621917486642,3698.5295067540474,35.36194242571054
1.8359999999999999,882.6843890675634,False,0.42328742898798505,0.43715680795173195,2.1470597784340035,3655.627263004476,35.00867426326538
1.8359999999999999,889.475501909202,False,0.4209236654384874,0.42954673446182795,2.1347672730589218,3613.8881550074,34.66960317410545
1.8359999999999999,896.2666147508407,False,0.4187076914584058,0.4222626533838408,2.1227358478654312,3573.2676156896264,34.34385895016989
1.8359999999999999,903.0577275924793,False,0.41662925711518084,0.41528308142665676,2.1109572345962486,3533.7230173370326,34.03064262851453
1.8359999999999999,909.848840434118,False,0.41467902346801877,0.40858841207009855,2.09942344755606,3495.213601754279,33.729219238514936
1.8359999999999999,916.6399532757566,False,0.41284846375888873,0.40216071357091726,2.088126779443876,3457.7004085383146,33.438911426846516
1.8359999999999999,923.4310661173952,False,0.4111297771925083,0.3959835526009981,2.0770597960181902,3421.146202568448,33.1590938377575
1.8359999999999999,930.222178959034,False,0.40951581347220356,0.39004183979398876,2.066215329864817,3385.515401586172,32.8891881454251
1.8359999999999999,937.0132918006725,False,0.4080000065574996,0.3843216940830189,2.0555864734913305,3350.7740045475407,32.628658651095044
1.8359999999999999,943.8044046423112,False,0.4065763163544456,0.3788103232096088,2.045166571933152,3316.8895212742855,32.37700837089214
1.8359999999999999,950.5955174839498,False,0.40523917725167835,0.373495918193749,2.034949215023773,3283.8309038024236,32.13377555117026
1.8359999999999999,957.3866303255885,False,0.4039834525821992,0.36836755989410985,2.0249282294538853,3251.5684797221365,31.898530557439233
1.8359999999999999,964.1777431672272,False,0.4028043942295993,0.3634151360689802,2.015097670721489,3220.0738877193935,31.67087309060396
1.8359999999999999,970.9688560088657,False,0.4016976067129976,0.35862926758320973,2.0054518150552205,3189.3200154599413,31.450429690720405
1.8359999999999999,977.7599688505044,False,0.40065901518169894,0.3540012426028834,1.9959851513774989,3159.2809399031826,31.236851493944886
1.8359999999999999,984.551081692143,False,0.39968483683174943,0.34952295778436715,1.9866923733603041,3129.931870088878,31.029812212984776
1.8359999999999999,991.3421945337817,False,0.39877155532491326,0.34518686560327516,1.9775683716151697,3101.249092405086,30.829006315295263
1.8359999999999999,998.1333073754204,False,0.39791589784839226,0.340985927086367,1.9686082260499407,3073.209918319694,30.63414737662533
1.8359999999999999,1004.924420217059,False,0.39711481450257025,0.33691356930892824,1.959807198416704,3045.792634535742,30.44496659038553
1.8359999999999999,1011.7155330586976,False,0.3963654597456942,0.3329636471048613,1.951160725069291,3018.976455516052,30.26121141577133
1.8359999999999999,1018.5066459003363,False,0.39566517565990783,0.32913040850891656,1.9426644099432517,2992.741478310165,30.08264434969149
1.8359999999999999,1025.297758741975,False,0.3950114768333949,0.32540846351225017,1.9343140177669569,2967.068639608306,29.909041809374767
1.8359999999999999,1032.0888715836136,False,0.3944020366794192,0.3217927557654588,1.9261054675089604,2941.9396749412895,29.740193114104724
1.8359999999999999,1038.8799844252521,False,0.39383467503541036,0.3182785369087676,1.9180348260638833,2917.3370799415366,29.57589955589705
1.8359999999999999,1045.6710972668907,False,0.3933073469045113,0.31486134324830223,1.9100983021767601,2893.244073578387,29.415973550120267
1.8359999999999999,1052.4622101085295,False,0.39281813221866657,0.3115369745312873,1.902292240603873,2869.6445632799887,29.2602378580918
1.8359999999999999,1059.2533229501682,False,0.392365226516722,0.3083014746023817,1.8946131165067956,2846.5231118550096,29.108524874581548
1.8359999999999999,1066.0444357918068,False,0.39194693244354695,0.3051511137488711,1.887057530074913,2823.864906127653,28.960675973942486
1.8359999999999999,1072.8355486334453,False,0.39156165198703835,0.30208237256460724,1.8796222013712116,2801.6557272025775,28.816540909275663
1.8359999999999999,1079.6266614750841,False,0.39120787937937734,0.29909192718194016,1.8723039653950286,2779.8819222773013,28.675977259643087
1.8359999999999999,1086.4177743167227,False,0.3908841945971658,0.29617663573777325,1.8650997673553038,2758.530377923313,28.538849920872643
1.8359999999999999,1093.2088871583614,False,0.39058925740234607,0.29333352595468104,1.8580066581473291,2737.5884947593804,28.405030635968846
1.8359999999999999,1100.0,False,0.3903218018721467,0.290559783731,1.8510217900259556,2717.0441634441127,28.274397561556345
1.855,420.8887158361356,False,,,,,
1.855,427.67982867777425,False,,,,,
1.855,434.47094151941286,False,,,,,
1.855,441.2620543610515,False,,,,,
1.855,448.0531672026902,False,,,,,
1.855,454.8442800443288,False,,,,,
1.855,461.63539288596746,False,,,,,
1.855,468.4265057276061,False,,,,,
1.855,475.21761856924473,False,,,,,
1.855,482.0087314108834,False,,,,,
1.855,488.799844252522,False,,,,,
1.855,495.5909570941607,False,,,,,
1.855,502.38206993579934,False,,,,,
1.855,509.17318277743794,False,,,,,
1.855,515.9642956190767,False,,,,,
1.855,522.7554084607152,False,,,,,
1.855,529.5465213023539,False,,,,,
1.855,536.3376341439925,False,,,,,
1.855,543.1287469856312,False,,,,,
1.855,549.9198598272699,False,,,,,
1.855,556.7109726689084,False,,,,,
1.855,563.5020855105471,False,,,,,
1.855,570.2931983521858,False,,,,,
1.855,577.0843111938244,False,,,,,
1.855,583.8754240354631,False,,,,,
1.855,590.6665368771016,False,,,,,
1.855,597.4576497187403,False,,,,,
1.855,604.248762560379,False,,,,,
1.855,611.0398754020176,False,7.28064518438119,14.450274315008551,inf,inf,245.3730957182278
1.855,617.8309882436563,False,3.320448065247441,6.443513868639411,inf,inf,161.17461072925832
1.855,624.6221010852948,False,2.216770606987881,4.208026781735084,inf,inf,128.34169858580393
1.855,631.4132139269336,False,1.6983140607641898,3.155078498544343,inf,inf,109.6626683330346
1.855,638.2043267685722,False,1.397281895457819,2.541586461272098,inf,inf,97.24613624168005
1.855,644.9954396102108,False,1.2007151469048805,2.139320448479957,inf,inf,88.24537535272937
1.855,651.7865524518495,False,1.06236237443937,1.8548224716810238,inf,inf,81.34814999712506
1.855,658.5776652934882,False,0.9597701042704736,1.6427159554388568,inf,inf,75.8541500406378
1.855,665.3687781351268,False,0.8807200888325967,1.4783044646791417,inf,inf,71.3509349934406
1.855,672.1598909767654,False,0.8179932019134584,1.3469928486771012,inf,inf,67.57768482992832
1.855,678.951003818404,False,0.7670495137914938,1.2396000240820972,inf,inf,64.36031914878205
1.855,685.7421166600427,False,0.724890643963152,1.150060372121592,inf,inf,61.577623154182845
1.855,692.5332295016814,False,0.6894564747295737,1.0742047488938122,2.6393488103995044,5524.172275032592,59.14225904029605
1.855,699.32434234332,False,0.6592846490263785,1.0090724319486517,2.6135805019208487,5416.832395731799,56.98950049980556
1.855,706.1154551849586,False,0.633308341172014,0.9525024452757483,2.5896274173793055,5317.99842064124,55.07023200290994
1.855,712.9065680265974,False,0.6107309397013903,0.9028802897640235,2.5665216996979816,5223.523058256095,53.34642690220093
1.855,719.6976808682359,False,0.5909455470412259,0.858975232885538,2.5440416335245053,5132.418523405,51.78812946822087
1.855,726.4887937098746,False,0.573481646868113,0.8198324978011221,2.522110614196769,5044.311467453114,50.37138327891573
1.855,733.2799065515132,False,0.5579688105964672,0.7846998867107017,2.500696786700906,4959.018257248399,49.076774114868996
1.855,740.0710193931518,False,0.5441114120328675,0.7529766521825874,2.4797844265863627,4876.4243540663565,47.88838294558076
1.855,746.8621322347906,False,0.5316706416009802,0.72417712248901,2.459363714070205,4796.441558666271,46.79301925032291
1.855,753.6532450764291,False,0.5204514740005834,0.6979043398651251,2.439426656931852,4718.991180227847,45.779650099162176
1.855,760.4443579180678,False,0.5102930672131896,0.6738306356748168,2.4199654091097553,4643.997225129002,44.83896855825512
1.855,767.2354707597065,False,0.5010615828755475,0.6516831012655226,2.4009716125811766,4571.383808045735,43.96306296036308
1.855,774.026583601345,False,0.49264474412362713,0.6312325722209862,2.382436197975827,4501.074415086476,43.145160331886146
1.855,780.8176964429838,False,0.4849476592378974,0.6122851725991295,2.364349392302533,4432.991973374931,42.379425108029515
1.855,787.6088092846223,False,0.4778895803175976,0.5946757504862541,2.3467008155846143,4367.059243899773,41.660799597643695
1.855,794.399922126261,False,0.4714013614584781,0.5782627286976618,2.329479609302639,4303.199310164327,40.98487634471395
1.855,801.1910349678997,False,0.4654234463690885,0.5629240267624435,2.3126745689952495,4241.336057033584,40.347795121723095
1.855,807.9821478095383,False,0.4599042610379564,0.548553802658577,2.296274268094496,4181.394594054059,39.74615913391317
1.855,814.773260651177,False,0.4547989193859354,0.5350598281023535,2.280267167575272,4123.301607236215,39.17696634433548
1.855,821.5643734928155,False,0.45006817300720126,0.5223613580358036,2.2646417098375147,4066.9856378742693,38.63755280194023
1.855,828.3554863344542,False,0.44567755291095346,0.5103873889396453,2.2493863971556283,4012.377293760622,38.125545573429854
1.855,835.1465991760929,False,0.4415966635069477,0.49907522553269273,2.2344898559333903,3959.4094009288,37.63882341607434
1.855,841.9377120177315,False,0.4377985982187051,0.4883692939031073,2.2199408883606386,3908.0171047571907,37.17548373318526
1.855,848.7288248593702,False,0.43425945295025953,0.4782201529543666,2.2057285131414077,3858.13792894412,36.73381466173472
1.855,855.5199377010088,False,0.4309579188006587,0.46858366650254096,2.1918419968911538,3809.711800075707,36.312271377820856
1.855,862.3110505426475,False,0.4278749393578143,0.4594203063264754,2.1782708776609603,3762.681044549034,35.90945588841558
1.855,869.1021633842861,False,0.4249934209273986,0.45069456259059976,2.1650049818818826,3716.9903636401727,35.52409972027837
1.855,875.8932762259248,False,0.42229798639246935,0.4423744427949901,2.1520344358548678,3672.586791592837,35.15504902873372
1.855,882.6843890675634,False,0.41977476522352714,0.4344310440984725,2.1393496727537737,3629.4196407863383,34.801251737395596
1.855,889.475501909202,False,0.41741121358977046,0.42683818675714386,2.126941435965146,3587.440437326954,34.461746390203054
1.855,896.2666147508407,False,0.41519595965264283,0.4195720987087645,2.114800779461328,3546.602849795901,34.135652453379215
1.855,903.0577275924793,False,0.4131186700207723,0.41261114315163905,2.102919065792547,3506.8626133695493,33.82216185018144
1.855,909.848840434118,False,0.41116993406305485,0.40593558241983846,2.091287962188161,3468.1774510942405,33.52053154792831
1.855,916.6399532757566,False,0.40934116335329407,0.3995273726245404,2.079899435175724,3430.506993737712,33.23007704656762
1.855,923.4310661173952,False,0.4076245039856168,0.39336998447484484,2.0687457440572135,3393.812699340918,32.950166642387266
1.855,930.222178959034,False,0.40601275987799124,0.3874482464574911,2.057819433523229,3358.0577733488044,32.68021636045068
1.855,937.0132918006725,False,0.4044993254895826,0.3817482071799019,2.0471133256366576,3323.207089997756,32.41968546581891
1.855,943.8044046423112,False,0.4030781266303684,0.37625701419313495,2.0366205113758022,3289.227115473354,32.168072477268254
1.855,950.5955174839498,False,0.40174356824941876,0.3709628070329397,2.026334341892417,3256.0858332195376,31.92491161856612
1.855,957.3866303255885,False,0.40049048826003475,0.3658546225654942,2.0162484196108688,3223.7526716720545,31.6897696518399
1.855,964.1777431672272,False,0.3993141166025343,0.3609223110135773,2.0063565892706374,3192.1984346032514,31.462243045517063
1.855,970.9688560088657,False,0.39821003886418227,0.35615646127975614,1.9966529289939572,3161.3952341952822,31.241955435991137
1.855,977.7599688505044,False,0.3971741638750078,0.35154833438454797,1.987131741443932,3131.3164269048125,31.02855534780389
1.855,984.551081692143,False,0.3962026947815114,0.34708980400647793,1.9777875451242177,3101.9365521378813,30.8217141419067
1.855,991.3421945337817,False,0.39529210317030017,0.3427733032531608,1.968615065860114,3073.2312737206344,30.62112416561396
1.855,998.1333073754204,False,0.3944391058728665,0.33859177691268727,1.959609228491238,3045.177324125051,30.426497081315848
1.855,1004.924420217059,False,0.39364064413286226,0.3345386385363953,1.9507651487981632,3017.75245138914,30.237562353968176
1.855,1011.7155330586976,False,0.3928938648597506,0.33060773179057684,1.9420781256789752,2990.9353686564004,30.054065879903025
1.855,1018.5066459003363,False,0.39219610372904345,0.3267932955884282,1.9335436335864444,2964.7057062487847,29.875768741677327
1.855,1025.297758741975,False,0.39154486992031656,0.32308993257656576,1.9251573152321686,2939.0439661799332,29.702446075547883
1.855,1032.0888715836136,False,0.39093783231075646,0.31949258060443464,1.916914974560658,2913.9314790110852,29.533886039776405
1.855,1038.8799844252521,False,0.39037280696481436,0.3159964868513489,1.9088125699934861,2889.3503629493684,29.36988887336784
1.855,1045.6710972668907,False,0.38984774578021086,0.3125971843259084,1.9008462079413786,2865.2834850871714,29.21026603606063
1.855,1052.4622101085295,False,0.38936072616747924,0.3092904704870397,1.893012136580431,2841.714424682004,29.054839421442143
1.855,1059.2533229501682,False,0.3889099416549406,0.3060723877658266,1.8853067398871854,2818.6274383773216,28.903440635984897
1.855,1066.0444357918068,False,0.3884936933237317,0.30293920579321953,1.8777265319263041,2796.0074272671827,28.75591033760309
1.855,1072.8355486334453,False,0.38811038198858827,0.2998874051612819,1.8702681513838146,2773.839905710333,28.61209762803419
1.855,1079.6266614750841,False,0.3877585010497165,0.2969136625652697,1.8629283563381909,2752.110971802083,28.471859493966768
1.855,1086.4177743167227,False,0.3874366299495346,0.29401483719103444,1.8557040192613499,2730.8072794163036,28.335060292381318
1.855,1093.2088871583614,False,0.38714342817540986,0.2911879582272358,1.8485921222412252,2709.9160117329798,28.201571276047087
1.855,1100.0,False,0.38687762975598855,0.28843021339504216,1.8415897524175897,2689.424856170837,28.071270155541374
1.874,420.8887158361356,False,,,,,
1.874,427.67982867777425,False,,,,,
1.874,434.47094151941286,False,,,,,
1.874,441.2620543610515,False,,,,,
1.874,448.0531672026902,False,,,,,
1.874,454.8442800443288,False,,,,,
1.874,461.63539288596746,False,,,,,
1.874,468.4265057276061,False,,,,,
1.874,475.21761856924473,False,,,,,
1.874,482.0087314108834,False,,,,,
1.874,488.799844252522,False,,,,,
1.874,495.5909570941607,False,,,,,
1.874,502.38206993579934,False,,,,,
1.874,509.17318277743794,False,,,,,
1.874,515.9642956190767,False,,,,,
1.874,522.7554084607152,False,,,,,
1.874,529.5465213023539,False,,,,,
1.874,536.3376341439925,False,,,,,
1.874,543.1287469856312,False,,,,,
1.874,549.9198598272699,False,,,,,
1.874,556.7109726689084,False,,,,,
1.874,563.5020855105471,False,,,,,
1.874,570.2931983521858,False,,,,,
1.874,577.0843111938244,False,,,,,
1.874,583.8754240354631,False,,,,,
1.874,590.6665368771016,False,,,,,
1.874,597.4576497187403,False,,,,,
1.874,604.248762560379,False,,,,,
1.874,611.0398754020176,False,9.927589463835558,19.781563437658196,inf,inf,288.2294635465497
1.874,617.8309882436563,False,3.705251991916657,7.217994672269973,inf,inf,171.1393323949841
1.874,624.6221010852948,False,2.355620068447645,4.488482230751078,inf,inf,132.8987415116576
1.874,631.4132139269336,False,1.765625396073442,3.29224828803187,inf,inf,112.25798382466523
1.874,638.2043267685722,False,1.434900937905592,2.619457705859204,inf,inf,98.88900838956303
1.874,644.9954396102108,False,1.2234361782649181,2.1875294209617286,inf,inf,89.3476856003475
1.874,651.7865524518495,False,1.0766651603363866,1.8863246716167767,inf,inf,82.11211440467694
1.874,658.5776652934882,False,0.968911759992906,1.6640109652148887,inf,inf,76.39162268157061
1.874,665.3687781351268,False,0.8865036976410317,1.4929832872117914,inf,inf,71.72918635827833
1.874,672.1598909767654,False,0.8214909433618135,1.357186581870713,inf,inf,67.8397619768439
1.874,678.951003818404,False,0.7689351301211812,1.2466451144526938,inf,inf,64.53511920354799
1.874,685.7421166600427,False,0.7256065032250032,1.1548325025565682,inf,inf,61.68529722093867
1.874,692.5332295016814,False,0.6893035935366834,1.0772985389115524,2.639351133686519,5524.182000343101,59.19730160691057
1.874,699.32434234332,False,0.6584740186262008,1.0109037686452866,2.613355240016664,5415.898693176975,57.002608891608375
1.874,706.1154551849586,False,0.6319915869124471,0.9533695356383683,2.5889824108516666,5315.349609855558,55.04947412659529
1.874,712.9065680265974,False,0.6090193667610775,0.9030015397785165,2.5654311521704587,5219.084919354458,53.298001243589134
1.874,719.6976808682359,False,0.588922373248519,0.8585135465795687,2.5425074419592697,5126.230150659116,51.71687499658948
1.874,726.4887937098746,False,0.57121008921564,0.8189113200492465,2.520144066355933,5036.448202147133,50.28113065201498
1.874,733.2799065515132,False,0.5554975667078581,0.7834140641799533,2.4983133127421793,4949.569644266051,48.97059317229963
1.874,740.0710193931518,False,0.5414784587146495,0.7513999501877341,2.4770014450730047,4865.485190534516,47.768760658927725
1.874,746.8621322347906,False,0.5289059191633196,0.7223675301075971,2.456199539212618,4784.1074605353315,46.661989971097505
1.874,753.6532450764291,False,0.5175788165816351,0.6959078799602736,2.435899868502945,4705.356129744106,45.63889241952962
1.874,760.4443579180678,False,0.5073316128129577,0.6716841443387881,2.4160944615163022,4629.152143308892,44.689878378337525
1.874,767.2354707597065,False,0.4980268179995583,0.6494162842838608,2.3967745834442042,4555.41572108475,43.80680932161965
1.874,774.026583601345,False,0.48954928770614237,0.6288695462198456,2.377930625158539,4484.0659913186355,42.98272858302779
1.874,780.8176964429838,False,0.4818018578215479,0.6098456335453198,2.359552170176212,4415.021302003588,42.211650634815555
1.874,787.6088092846223,False,0.47470196478036514,0.5921758691324844,2.341628132382782,4348.1997753081005,41.488394437423985
1.874,794.399922126261,False,0.468179000942961,0.5757158435157934,2.324146913550217,4283.5199049813045,40.80845037547441
1.874,801.1910349678997,False,0.4621722250331408,0.5603411850044104,2.307096556710526,4220.901107871447,40.16787307136278
1.874,807.9821478095383,False,0.45662909626324416,0.5459441863479997,2.290464884844719,4160.264194661975,39.56319433876222
1.874,814.773260651177,False,0.45150393515698484,0.5324310920104631,2.2742396210784,4101.531751149454,38.99135195713824
1.874,821.5643734928155,False,0.4467568386576233,0.5197198997396253,2.2584084899321084,4044.6284337580805,38.44963098230901
1.874,828.3554863344542,False,0.4423527948940303,0.5077385660404363,2.242959300776591,3989.481188310247,37.93561507023009
1.874,835.1465991760929,False,0.43826095599356435,0.49642353145041407,2.227880015330458,3936.0194028392884,37.44714585898905
1.874,841.9377120177315,False,0.434454036958121,0.48571850096407093,2.2131588012438965,3884.1750052192897,36.982288881227916
1.874,848.7288248593702,False,0.4309078158113311,0.47557342948205794,2.198784073775123,3833.8825155515915,36.5393048036754
1.874,855.5199377010088,False,0.42760071564649343,0.4659436731152891,2.184744527412842,3785.0790620828357,36.11662503900879
1.874,862.3110505426475,False,0.4245134533280188,0.4567892755061733,2.1710291590973396,3737.7043681927153,35.71283096722487
1.874,869.1021633842861,False,0.4216287427602071,0.4480743647176675,2.157627284481876,3691.7007168090613,35.32663615307424
1.874,875.8932762259248,False,0.4189310430794644,0.43976664117743325,2.1445285484732253,3647.012897539434,34.9568710632041
1.874,882.6843890675634,False,0.41640634402673216,0.4318369410066748,2.1317229311053723,3603.588140875131,34.602469879063406
1.874,889.475501909202,False,0.4140419822460642,0.42425886207421737,2.1192007496355907,3561.376043021247,34.26245907501295
1.874,896.2666147508407,False,0.4118264834298699,0.41700844249154967,2.106952657609148,3520.3284842304975,33.935947489738496
1.874,903.0577275924793,False,0.40974942616327087,0.41006388314944525,2.0949696415154957,3480.3995429519746,33.62211766619887
1.874,909.848840434118,False,0.407801324063898,0.4034053074015398,2.0832430155536805,3441.545407636063,33.32021827343526
1.874,916.6399532757566,False,0.40597352341051257,0.3970145522081878,2.0717644149359895,3403.724287650308,33.029557454514524
1.874,923.4310661173952,False,0.4042581139354942,0.3908749860286495,2.0605257880834627,3366.896324442035,32.749496970138665
1.874,930.222178959034,False,0.40264785084690735,0.38497134954031154,2.049519388004338,3331.0235038253813,32.47944702817556
1.874,937.0132918006725,False,0.4011360864640956,0.37928961590793103,2.0387377630935033,3296.069570058575,32.21886170643621
1.874,943.8044046423112,False,0.39971671011135174,0.3738168678534674,2.0281737475471253,3261.999942206921,31.967234890153776
1.874,950.5955174839498,False,0.3983840951283246,0.3685411892107915,2.017820451550054,3228.7816331496365,31.724096657351943
1.874,957.3866303255885,False,0.3971330520327627,0.3634515690078648,2.007671251362895,3196.3831714777043,31.48901005508726
1.874,964.1777431672272,False,0.3959587870177114,0.3585378164159266,1.9977197794105939,3164.7745264426962,31.261568217742347
1.874,970.9688560088657,False,0.3948568650873132,0.35379048515247435,1.987959914453193,3133.9270360461373,31.041391785439586
1.874,977.7599688505044,False,0.3938231772372228,0.34920080613132554,1.9783857719022002,3103.8133383044833,30.82812658645141
1.874,984.551081692143,False,0.39285391117106006,0.3447606273262098,1.968991694331783,3074.407305682362,30.621441552399855
1.874,991.3421945337817,False,0.391945525116132,0.3404623599599799,1.959772242221968,3045.6839826530245,30.421026839207403
1.874,998.1333073754204,False,0.39109472436228115,0.33629893025449575,1.950722184961709,3017.6195263211457,30.22659213031442
1.874,1004.924420217059,False,0.3902984401990218,0.33226373608033094,1.9418364921314648,2990.191150023686,30.037865101710693
1.874,1011.7155330586976,False,0.3895538109696539,0.32835060793383575,1.9331103250787351,2963.3770698119724,29.854590030923898
1.874,1018.5066459003363,False,0.3888581649982006,0.32455377374444816,1.9245390287945838,2937.156453708427,29.67652653434106
1.874,1025.297758741975,False,0.3882090051766297,0.3208678270794234,1.9161181240950664,2911.5093736258186,29.50344841915569
1.874,1032.0888715836136,False,0.38760399502699006,0.3172876983682928,1.9078433001080912,2886.4167598336335,29.33514263789308
1.874,1038.8799844252521,False,0.38704094607638156,0.31380862881667926,1.899710407063459,2861.86035785463,29.171408334899958
1.874,1045.6710972668907,False,0.38651780640269845,0.3104261467198331,1.8917154493818333,2837.8226876754084,29.012055975427526
1.874,1052.4622101085295,False,0.38603265022643374,0.30713604592145266,1.8838545790566894,2814.287005156207,28.85690654902112
1.874,1059.2533229501682,False,0.3855836684387425,0.30393436619375347,1.876124089321961,2791.2372655274316,28.705790839868815
1.874,1066.0444357918068,False,0.3851691599689922,0.3008173753411825,1.8685204085973754,2768.658088864217,28.55854875758819
1.874,1072.8355486334453,False,0.3847875239062528,0.2977815528530789,1.8610400947025167,2746.534727433188,28.415028722647065
1.874,1079.6266614750841,False,0.3844372522990378,0.29482357495060024,1.8536798293305021,2724.853034810488,28.27508710124911
1.874,1086.4177743167227,False,0.38411692356613614,0.2919403008906479,1.846436412771592,2703.599436673541,28.13858768506677
1.874,1093.2088871583614,False,0.3838251964589103,0.2891287604048151,1.8393067588771286,2682.7609031740003,28.005401211695983
1.874,1100.0,False,0.3835608045219457,0.2863861421647232,1.8322878902540525,2662.3249228033983,27.875404922134365
1.893,420.8887158361356,False,,,,,
1.893,427.67982867777425,False,,,,,
1.893,434.47094151941286,False,,,,,
1.893,441.2620543610515,False,,,,,
1.893,448.0531672026902,False,,,,,
1.893,454.8442800443288,False,,,,,
1.893,461.63539288596746,False,,,,,
1.893,468.4265057276061,False,,,,,
1.893,475.21761856924473,False,,,,,
1.893,482.0087314108834,False,,,,,
1.893,488.799844252522,False,,,,,
1.893,495.5909570941607,False,,,,,
1.893,502.38206993579934,False,,,,,
1.893,509.17318277743794,False,,,,,
1.893,515.9642956190767,False,,,,,
1.893,522.7554084607152,False,,,,,
1.893,529.5465213023539,False,,,,,
1.893,536.3376341439925,False,,,,,
1.893,543.1287469856312,False,,,,,
1.893,549.9198598272699,False,,,,,
1.893,556.7109726689084,False,,,,,
1.893,563.5020855105471,False,,,,,
1.893,570.2931983521858,False,,,,,
1.893,577.0843111938244,False,,,,,
1.893,583.8754240354631,False,,,,,
1.893,590.6665368771016,False,,,,,
1.893,597.4576497187403,False,,,,,
1.893,604.248762560379,False,,,,,
1.893,611.0398754020176,False,15.995679644196152,31.998117409443275,inf,inf,368.1212761586922
1.893,617.8309882436563,False,4.215946621989115,8.244436373730032,inf,inf,183.53327070293918
1.893,624.6221010852948,False,2.521108026841012,4.8218817713400455,inf,inf,138.1329422440829
1.893,631.4132139269336,False,1.8424310552507688,3.4481124120956004,inf,inf,115.14516464795636
1.893,638.2043267685722,False,1.4769323849678397,2.7059078652441544,inf,inf,100.68888783862009
1.893,644.9954396102108,False,1.2485805676427717,2.2403723032437557,inf,inf,90.54698026608278
1.893,651.7865524518495,False,1.0924662693127913,1.920632419725634,inf,inf,82.94205758627275
1.893,658.5776652934882,False,0.9790672951631026,1.6871571143312938,inf,inf,76.97733524150027
1.893,665.3687781351268,False,0.8930242723113625,1.5089693179286805,inf,inf,72.14474018265196
1.893,672.1598909767654,False,0.8255562688342801,1.368355679109831,inf,inf,68.13199850785175
1.893,678.951003818404,False,0.7712789324838082,1.254451702649439,inf,inf,64.73519490052227
1.893,685.7421166600427,False,0.7267066458795421,1.160221888111018,inf,inf,61.81478011566067
1.893,692.5332295016814,False,0.6894831413713981,1.080908474914661,2.6395731687341266,5525.1114815250185,59.27161326229494
1.893,699.32434234332,False,0.6579582275343091,1.0131779781474914,2.6132675779635663,5415.535358848175,57.03307501720228
1.893,706.1154551849586,False,0.6309416378180845,0.9546248278145684,2.588453950344953,5313.179903598662,55.04460151642164
1.893,712.9065680265974,False,0.6075531620048098,0.9034691348775277,2.56444540673856,5215.074910579331,53.26430293254045
1.893,719.6976808682359,False,0.5871278076570075,0.8583654145019125,2.5410697087780845,5120.434244437136,51.65942052038576
1.893,726.4887937098746,False,0.5691537744372281,0.8182774736112062,2.518267472109272,5028.950336510923,50.20392306121997
1.893,733.2799065515132,False,0.5532307167646078,0.7823942107295927,2.4960145414899135,4940.465346763627,48.87683349976771
1.893,740.0710193931518,False,0.5390409516192891,0.7500715222079757,2.4742988914603643,4854.873923986697,47.66103731166
1.893,746.8621322347906,False,0.5263291567000118,0.7207913323460121,2.453112332458321,4772.088691953491,46.54241686100634
1.893,753.6532450764291,False,0.5148877742329707,0.6941321321565944,2.432447292926178,4692.027105149829,45.5092113621403
1.893,760.4443579180678,False,0.5045463329397214,0.6697474221502904,2.412295590320583,4614.6065798233,44.55153611966658
1.893,767.2354707597065,False,0.4951635133284498,0.6473496898341418,2.392648041048129,4539.743046803961,43.66101624796069
1.893,774.026583601345,False,0.4866211675841571,0.6266983311779701,2.373494433077995,4467.350934352452,42.83050400685937
1.893,780.8176964429838,False,0.47881975430833823,0.6075904273604557,2.354823649862721,4397.34371046563,42.0538581079021
1.893,787.6088092846223,False,0.4716748122643891,0.5898536186408546,2.3366238480067563,4329.634592655559,41.32576956229337
1.893,794.399922126261,False,0.4651142072378624,0.5733405389469581,2.318882643226983,4264.1372499713525,40.64162290951337
1.893,801.1910349678997,False,0.4590759611585607,0.5579244261103685,2.3015872840857687,4200.766424005525,39.99738464294292
1.893,807.9821478095383,False,0.4535065246543314,0.5434956276101315,2.2847248052098945,4139.438444329584,39.38951275706909
1.893,814.773260651177,False,0.4483593907998417,0.5299587955001536,2.2682821577438,4080.071636816564,38.81488285403422
1.893,821.5643734928155,False,0.4435939739103328,0.5172306168210814,2.252246317691568,4022.5866335811406,38.270727347134255
1.893,828.3554863344542,False,0.43917469605902953,0.505237963784159,2.2366043741076993,3966.9065971954597,37.754585107640345
1.893,835.1465991760929,False,0.4350702377442032,0.49391637575245073,2.2213435995730357,3912.957372612922,37.264259502500586
1.893,841.9377120177315,False,0.4312529192773419,0.4832088055173474,2.2064515054491447,3860.6675795178394,36.79778322187749
1.893,848.7288248593702,False,0.4276981870265069,0.4730645776305874,2.1919158842574964,3809.968656469883,36.353388637608454
1.893,855.5199377010088,False,0.4243841843393243,0.46343851803722946,2.177724841294591,3760.7948666693815,35.929482695276945
1.893,862.3110505426475,False,0.421291391289514,0.4542902229742856,2.1638668173319218,3713.0832736521993,35.52462554426842
1.893,869.1021633842861,False,0.41840232069680433,0.4455834417739973,2.1503306039918977,3666.7736938329467,35.13751226688108
1.893,875.8932762259248,False,0.41570126042009714,0.43728555335960556,2.137105353152411,3621.8086315907312,34.76695719019828
1.893,882.6843890675634,False,0.4131740539051859,0.4293671202228418,2.124180581520202,3578.1332015402263,34.41188036107231
1.893,889.475501909202,False,0.41080791251861526,0.42180150680355555,2.1115461713275363,3535.69504174179,34.07129584122116
1.893,896.2666147508407,False,0.4085912544202771,0.41456455165838507,2.0991923679473175,3494.444220862587,33.74430154061572
1.893,903.0577275924793,False,0.40651356569491215,0.40763428476027225,2.087109775085814,3454.333141685399,33.430070356439245
1.893,909.848840434118,False,0.4045652802340525,0.400990682829333,2.075289348097494,3415.3164428565005,33.127842424538855
1.893,916.6399532757566,False,0.4027376754782632,0.39461545684531,2.0637223858700566,3377.350900350458,32.8369183224502
1.893,923.4310661173952,False,0.4010227816279359,0.3884918668992793,2.0524005216469905,3340.395329792922,32.55665308930723
1.893,930.222178959034,False,0.39941330233450845,0.38260456035841167,2.0413157130876476,3304.4104905096137,32.2864509494357
1.893,937.0132918006725,False,0.3979025452126561,0.376939429982179,2.0304602318088163,3269.358991949613,32.02576064412418
1.893,943.8044046423112,False,0.3964843607826647,0.37148348917185137,2.019826652605226,3235.2052029540714,31.774071290686607
1.893,950.5955174839498,False,0.395153088672914,0.36622476198167947,2.0094078425078234,3201.9151641998683,31.530908700070878
1.893,957.3866303255885,False,0.39390351009450625,0.3611521858886008,1.999196949806795,3169.4565040353286,31.29583209438843
1.893,964.1777431672272,False,0.3927308057508062,0.356255525622457,1.9891873931400945,3137.7983578365506,31.068431174200306
1.893,970.9688560088657,False,0.3916305184700984,0.35152529661258414,1.9793728507262784,3106.9112909422875,30.848323492507124
1.893,977.7599688505044,False,0.39059851995414363,0.34695269681846347,1.9697472498028636,3076.767225171955,30.635152098375105
1.893,984.551081692143,False,0.3896309811230987,0.3425295458896632,1.9603047563166935,3047.339368889327,30.428583418196617
1.893,991.3421945337817,False,0.38872434561089475,0.33824823074949933,1.9510397649008009,3018.602150542929,30.228305346876382
1.893,998.1333073754204,False,0.38787530602728504,0.33410165682270926,1.9419468891625307,2990.531155590843,30.03402552488884
1.893,1004.924420217059,False,0.38708078265530554,0.3300832042339221,1.9330209522997313,2963.1030667007344,29.845469780269447
1.893,1011.7155330586976,False,0.3863379042974881,0.3261866883941129,1.9242569780554508,2936.295607104362,29.662380717272512
1.893,1018.5066459003363,False,0.38564399102208796,0.32240632446915435,1.9156501820163443,2910.0874869780996,29.484516435716223
1.893,1025.297758741975,False,0.38499653859298105,0.3187366952902849,1.9071959632559523,2884.4583527169557,29.311649367007472
1.893,1032.0888715836136,False,0.38439320439459707,0.31517272232254495,1.8988898963206564,2859.3887389675447,29.14356521453871
1.893,1038.8799844252521,False,0.3838317946870352,0.31170963935549767,1.89072772355361,2834.860023285923,28.980061987618857
1.893,1045.6710972668907,False,0.3833102530469611,0.308342968622098,1.882705347749965,2810.8543832878945,28.820949119375516
1.893,1052.4622101085295,False,0.3828266498675504,0.30506849908741546,1.8748188251351903,2787.354756162272,28.666046660173517
1.893,1059.2533229501682,False,0.38237917280596545,0.30188226667989465,1.8670643586570665,2764.344800420962,28.51518453905852
1.893,1066.0444357918068,False,0.38196611808011344,0.29878053626472595,1.8594382915814232,2741.808859764957,28.368201886578266
1.893,1072.8355486334453,False,0.3815858825278776,0.2957597851822208,1.8519371013807069,2719.7319289486677,28.224946413068814
1.893,1079.6266614750841,False,0.38123695635202925,0.2928166881944174,1.8445573939046145,2698.099621531478,28.085273837139802
1.893,1086.4177743167227,False,0.38091791648273854,0.2899481037008776,1.8372958978214435,2676.8981394092602,27.94904735965949
1.893,1093.2088871583614,False,0.38062742049722187,0.2871510611001345,1.8301494593191405,2656.114244024787,27.81613717903915
1.893,1100.0,False,0.3803642010427328,0.28442274918683697,1.8231150370547267,2635.735229160025,27.686420044056153
1.912,420.8887158361356,False,,,,,
1.912,427.67982867777425,False,,,,,
1.912,434.47094151941286,False,,,,,
1.912,441.2620543610515,False,,,,,
1.912,448.0531672026902,False,,,,,
1.912,454.8442800443288,False,,,,,
1.912,461.63539288596746,False,,,,,
1.912,468.4265057276061,False,,,,,
1.912,475.21761856924473,False,,,,,
1.912,482.0087314108834,False,,,,,
1.912,488.799844252522,False,,,,,
1.912,495.5909570941607,False,,,,,
1.912,502.38206993579934,False,,,,,
1.912,509.17318277743794,False,,,,,
1.912,515.9642956190767,False,,,,,
1.912,522.7554084607152,False,,,,,
1.912,529.5465213023539,False,,,,,
1.912,536.3376341439925,False,,,,,
1.912,543.1287469856312,False,,,,,
1.912,549.9198598272699,False,,,,,
1.912,556.7109726689084,False,,,,,
1.912,563.5020855105471,False,,,,,
1.912,570.2931983521858,False,,,,,
1.912,577.0843111938244,False,,,,,
1.912,583.8754240354631,False,,,,,
1.912,590.6665368771016,False,,,,,
1.912,597.4576497187403,False,,,,,
1.912,604.248762560379,False,,,,,
1.912,611.0398754020176,False,44.08239883100028,88.52916002682714,inf,inf,615.0315206187433
1.912,617.8309882436563,False,4.924441260180409,9.666835619233167,inf,inf,199.46093663969765
1.912,624.6221010852948,False,2.721095666572722,5.2238919075321855,inf,inf,144.20507724244075
1.912,631.4132139269336,False,1.930566236456464,3.626314415294718,inf,inf,118.36936998106609
1.912,638.2043267685722,False,1.523985091594937,2.8021440009462877,inf,inf,102.66291736717803
1.912,644.9954396102108,False,1.2763940086616974,2.2983377022786615,inf,inf,91.85092352842742
1.912,651.7865524518495,False,1.1098767149903623,1.9579690371932625,inf,inf,83.84172475225537
1.912,658.5776652934882,False,0.9902896802867701,1.7122639057247488,inf,inf,77.61318040312247
1.912,665.3687781351268,False,0.9003069472004055,1.5263177318902614,inf,inf,72.59852588049968
1.912,672.1598909767654,False,0.830199865973617,1.3805272624539247,inf,inf,68.45478632828706
1.912,678.951003818404,False,0.7740836507759802,1.2630315449922238,inf,inf,64.96062171559069
1.912,685.7421166600427,False,0.7281892167467247,1.1662314890745433,inf,inf,61.96595323360457
1.912,692.5332295016814,False,0.6899905320034495,1.0850323188374282,2.6399867884344674,5526.843181206358,59.36495258726207
1.912,699.32434234332,False,0.6577310251916451,1.0158896857375697,2.6133143598189097,5415.729254843813,57.080577928299995
1.912,706.1154551849586,False,0.6301512161124232,0.9562610366594955,2.5880421483868687,5311.48947071078,55.055240912034066
1.912,712.9065680265974,False,0.6063244128238867,0.9042746313250158,2.5635656290250957,5211.4972796004695,53.24492401211628
1.912,719.6976808682359,False,0.5855535506236627,0.8585217068148764,2.539730041702621,5115.036620818751,51.61533506676367
1.912,726.4887937098746,False,0.5673041755225225,0.8179214453480455,2.5164826409073955,5021.824289141028,50.13931442182812
1.912,733.2799065515132,False,0.5511596108783999,0.7816306268567563,2.4938023712047146,4931.711946249125,48.795039340202045
1.912,740.0710193931518,False,0.5367901871174712,0.7489816117399514,2.4716786942347766,4844.5970800497635,47.564751269790555
1.912,746.8621322347906,False,0.5239316428738292,0.7194388010765598,2.4501040202471676,4760.391608230457,46.43383508665669
1.912,753.6532450764291,False,0.5123696585853964,0.6925674529638576,2.4290708360916367,4679.010229781267,45.390140798594665
1.912,760.4443579180678,False,0.5019285825131995,0.6680109469776845,2.4085706698846145,4600.366391942427,44.42347572063022
1.912,767.2354707597065,False,0.4924630803264684,0.645473940599949,2.3885938214468556,4524.371356804521,43.52521872057389
1.912,774.026583601345,False,0.4838518601559542,0.6247097089676408,2.369129415054682,4450.934518036508,42.68802332598774
1.912,780.8176964429838,False,0.4759928950453372,0.6055105032213196,2.3501655788238733,4379.964166513607,41.90558648852245
1.912,787.6088092846223,False,0.4687997417298209,0.5877001192840693,2.331689661633819,4311.368351001484,41.17246652185943
1.912,794.399922126261,False,0.462198672941641,0.5711281071639903,2.313688447159823,4245.055681644354,40.4839383258578
1.912,801.1910349678997,False,0.45612642086698746,0.5556652129035955,2.2961483477064886,4180.93601782857,39.83587720537997
1.912,807.9821478095383,False,0.45052838495305475,0.5411997572715538,2.2790555717255416,4118.921025908386,39.22466484814275
1.912,814.773260651177,False,0.4453571962365114,0.5276347338212308,2.2623962642907594,4058.924612276607,38.647112640489055
1.912,821.5643734928155,False,0.4405715580697236,0.51488546477022,2.24615662228602,4000.8632455366633,38.10039867039721
1.912,828.3554863344542,False,0.43613530306582987,0.5028776933502953,2.230322987077321,3944.6561840776867,37.58201562560429
1.912,835.1465991760929,False,0.43201662061063556,0.49154602055658775,2.214881917710064,3890.2256251491694,37.08972743145264
1.912,841.9377120177315,False,0.42818741998607424,0.4808326157865786,2.1998202475801794,3837.496790109309,36.62153295015391
1.912,848.7288248593702,False,0.4246228021065982,0.4706861468998248,2.185125127269966,3786.397958653291,36.175635424034134
1.912,855.5199377010088,False,0.42130061884508285,0.46106088727646216,2.1707840559211755,3736.860462900626,35.750416620751174
1.912,862.3110505426475,False,0.4182011034519258,0.4519159665812638,2.1567849031930844,3688.8186504189903,35.344414850437595
1.912,869.1021633842861,False,0.4153065590300045,0.4432147389157537,2.1431159235474624,3642.20982365824,34.956306189139866
1.912,875.8932762259248,False,0.4126010946917296,0.4349242474133572,2.1297657643274985,3596.974161885329,34.58488837139778
1.912,882.6843890675634,False,0.41007040109103526,0.42701476850141146,2.116723468857296,3553.054630541186,34.22906691591012
1.912,889.475501909202,False,0.4077015586375663,0.4194594223111878,2.103978475581075,3510.396881962228,33.88784312830025
1.912,896.2666147508407,False,0.4054828729701751,0.41223383827948046,2.0915206140855744,3468.9491506028644,33.560303688821286
1.912,903.0577275924793,False,0.40340373327176743,0.4053158670135365,2.0793400987001207,3428.662145230611,33.24561158400308
1.912,909.848840434118,False,0.40145448980768644,0.39868533110626747,2.067427520244832,3389.4889400262427,32.94299818249688
1.912,916.6399532757566,False,0.39962634771048394,0.392323808882155,2.0557738363929845,3351.3848660805083,32.65175628880733
1.912,923.4310661173952,False,0.3979112745496522,0.38621444609571415,2.0443703610274917,3314.307404425245,32.37123403583531
1.912,930.222178959034,False,0.39630191964229894,0.38034179144736247,2.0332087528996277,3278.21608145073,32.10082949945492
1.912,937.0132918006725,False,0.3947915434000157,0.3746916524670008,2.022281003838712,3243.072367332062,31.839985936673795
1.912,943.8044046423112,False,0.39337395528450914,0.36925096887586906,2.0115794267126255,3208.839577905396,31.588187564073145
1.912,950.5955174839498,False,0.39204345917203637,0.3640077009969999,2.0010966432984927,3175.482780289724,31.34495580577902
1.912,957.3866303255885,False,0.3907948051141951,0.3589507311636205,1.9908255721897952,3142.9687024362765,31.10984595067468
1.912,964.1777431672272,False,0.3896231466377853,0.35406977638857173,1.9807594168387377,3111.2656466978506,30.882444167305575
1.912,970.9688560088657,False,0.3885240028553525,0.34935531081849763,1.9708916538104098,3080.343407441353,30.662364832262455
1.912,977.7599688505044,False,0.38749322476552783,0.3447984967140011,1.9612160213070364,3050.173192673811,30.44924813400345
1.912,984.551081692143,False,0.3865269652122316,0.34039112287898804,1.951726508005568,3020.7275496114667,30.242757919292764
1.912,991.3421945337817,False,0.38562165204736476,0.33612554961532576,1.942417342239928,2991.980294092341,30.042579753854913
1.912,998.1333073754204,False,0.3847739641052974,0.3319946594078465,1.9332829815492385,2963.906443710547,29.84841917260454
1.912,1004.924420217059,False,0.38398080965122894,0.32799181265365773,1.9243181026055554,2936.4821545360373,29.660000098014184
1.912,1011.7155330586976,False,0.3832393070112323,0.32411080784224794,1.9155175915283111,2909.6846612737377,29.477063407930938
1.912,1018.5066459003363,False,0.38254676713048025,0.3203458456714019,1.9068765345873886,2883.4922207096956,29.29936563649623
1.912,1025.297758741975,False,0.38190067783938825,0.3166914966511512,1.898390209293074,2857.8840582903163,29.126677793853705
1.912,1032.0888715836136,False,0.38129868963563784,0.31314267180531613,1.8900540758678162,2832.840317680147,28.958784292068575
1.912,1038.8799844252521,False,0.3807386028143779,0.3096945961294775,1.8818637690922737,2808.342013145388,28.795481966191534
1.912,1045.6710972668907,False,0.380218355799768,0.30634278450657476,1.8738150905164528,2784.370984614019,28.636579180706285
1.912,1052.4622101085295,False,0.37973601454903366,0.3030830198178426,1.8659040010252634,2760.9098552673095,28.481895012733563
1.912,1059.2533229501682,False,0.37928976291576205,0.29991133301838324,1.8581266137469856,2737.941991522913,28.33125850435309
1.912,1066.0444357918068,False,0.3788778938726325,0.29682398497401324,1.8504791872922395,2715.451465274497,28.18450797726536
1.912,1072.8355486334453,False,0.37849880150548904,0.2938174498797966,1.8429581193110418,2693.423018259855,28.041490403770066
1.912,1079.6266614750841,False,0.37815097370080525,0.2908884001013173,1.8355599403549225,2671.842028434205,27.902060828695355
1.912,1086.4177743167227,False,0.37783298545751515,0.28803369229782255,1.8282813080314055,2650.694478232519,27.7660818374953
1.912,1093.2088871583614,False,0.37754349276187515,0.2852503547020709,1.8211190014379304,2629.966924609786,27.633423066238073
1.912,1100.0,False,0.3772812269708592,0.2825355754455666,1.8140699158627716,2609.6464707548757,27.503960749660255
1.931,420.8887158361356,False,,,,,
1.931,427.67982867777425,False,,,,,
1.931,434.47094151941286,False,,,,,
1.931,441.2620543610515,False,,,,,
1.931,448.0531672026902,False,,,,,
1.931,454.8442800443288,False,,,,,
1.931,461.63539288596746,False,,,,,
1.931,468.4265057276061,False,,,,,
1.931,475.21761856924473,False,,,,,
1.931,482.0087314108834,False,,,,,
1.931,488.799844252522,False,,,,,
1.931,495.5909570941607,False,,,,,
1.931,502.38206993579934,False,,,,,
1.931,509.17318277743794,False,,,,,
1.931,515.9642956190767,False,,,,,
1.931,522.7554084607152,False,,,,,
1.931,529.5465213023539,False,,,,,
1.931,536.3376341439925,False,,,,,
1.931,543.1287469856312,False,,,,,
1.931,549.9198598272699,False,,,,,
1.931,556.7109726689084,False,,,,,
1.931,563.5020855105471,False,,,,,
1.931,570.2931983521858,False,,,,,
1.931,577.0843111938244,False,,,,,
1.931,583.8754240354631,False,,,,,
1.931,590.6665368771016,False,,,,,
1.931,597.4576497187403,False,,,,,
1.931,604.248762560379,False,,,,,
1.931,611.0398754020176,False,,,,,
1.931,617.8309882436563,False,5.9705363972715,11.765131587199162,inf,inf,220.89530078582595
1.931,624.6221010852948,False,2.9669331874203633,5.717128469559633,inf,inf,151.33696780864682
1.931,631.4132139269336,False,2.0323980127752193,3.83155112916455,inf,inf,121.98711861507402
1.931,638.2043267685722,False,1.5768004048602886,2.909633736546845,inf,inf,104.8315316893941
1.931,644.9954396102108,False,1.3071662882043968,2.362000115467495,inf,inf,93.26842176832994
1.931,651.7865524518495,False,1.1290254510436026,1.9985922909597116,inf,inf,84.81542542471334
1.931,658.5776652934882,False,1.0026404381005714,1.7394569044366084,inf,inf,78.30134789920372
1.931,665.3687781351268,False,0.9083815339453302,1.545092211438799,inf,inf,73.0916503110768
1.931,672.1598909767654,False,0.8354353191832394,1.3937335043641732,inf,inf,68.80863581857926
1.931,678.951003818404,False,0.7773540194230826,1.2723997225395753,inf,inf,65.21156217557993
1.931,685.7421166600427,False,0.7300538840272219,1.1728666628769615,inf,inf,62.13876715048606
1.931,692.5332295016814,False,0.6908224257659473,1.0896696973212665,2.6405756914076726,5529.3092067319885,59.47713658918725
1.931,699.32434234332,False,0.657787238651444,1.019035056806489,2.6134938870042945,5416.473370470297,57.1448482944083
1.931,706.1154551849586,False,0.6296140126690168,0.9582722077165072,2.5877476118771763,5310.280573436997,55.08106615302702
1.931,712.9065680265974,False,0.6053261012393675,0.9054107735224921,2.5627931964121076,5208.357181335969,53.23950049289112
1.931,719.6976808682359,False,0.5841921443415751,0.8589743797729354,2.5384901356077854,5110.043478364629,51.58422936662745
1.931,726.4887937098746,False,0.5656535679117068,0.8178347316919331,2.5147914009124825,5015.076572319112,50.086898652023415
1.931,733.2799065515132,False,0.5492763710127657,0.7811145628059785,2.491678675690105,4923.315936108657,48.7247936145821
1.931,740.0710193931518,False,0.5347182087975407,0.7481213635256965,2.4691427275457256,4834.660971281241,47.47947851104024
1.931,746.8621322347906,False,0.521705393118431,0.7183010688608795,2.4471764526347344,4749.022260584934,46.33581654261611
1.931,753.6532450764291,False,0.5100164906299888,0.6912050247891423,2.4257723104838407,4666.311253906495,45.28125057709558
1.931,760.4443579180678,False,0.4994704106727169,0.6664659921092326,2.4049214675940003,4586.4370101992,44.30526644328906
1.931,767.2354707597065,False,0.48991761128341443,0.6437804275333973,2.38461364265386,4509.305753506532,43.3989864663543
1.931,774.026583601345,False,0.4812335106313838,0.6228952052125805,2.364837237199708,4434.821513146305,42.5548574891825
1.931,780.8176964429838,False,0.4733134842943482,0.6035975316772961,2.3455795696301553,4362.887107681621,41.76640849106459
1.931,787.6088092846223,False,0.4660690200788152,0.5857071921025091,2.326827131068906,4293.405153509328,41.02806018371471
1.931,794.399922126261,False,0.4594247294010801,0.5690705220024724,2.308565827316393,4226.278967470752,40.33497391770207
1.931,801.1910349678997,False,0.4533160005025119,0.5535556720547883,2.290781192652701,4161.413319383121,39.68293066437678
1.931,807.9821478095383,False,0.44768713817854516,0.5390488533155245,2.273458571498188,4098.715029878245,39.068233253344815
1.931,814.773260651177,False,0.44248987623228947,0.5254513336819763,2.2565832687174545,4038.0934260378904,38.487626768960766
1.931,821.5643734928155,False,0.4376821783041614,0.5126770157224277,2.240140671430758,3979.46067364507,37.938233255318934
1.931,828.3554863344542,False,0.43322726386702165,0.5006504685466295,2.224116345924329,3922.732006036057,37.417497790947714
1.931,835.1465991760929,False,0.4290928115350679,0.4893053173132377,2.2084961133161998,3867.8258683490867,36.92314366903913
1.931,841.9377120177315,False,0.42525030311800316,0.47858291669010805,2.193266107390167,3814.6639938246963,36.45313492341711
1.931,848.7288248593702,False,0.42167448022725607,0.468431251449368,2.1784128176398,3763.1714264147167,36.005644821205735
1.931,855.5199377010088,False,0.41834289151798854,0.4588040200211231,2.163923120161496,3713.2765016391177,35.5790292332118
1.931,862.3110505426475,False,0.41523551339753817,0.44965986639132094,2.1497842986460443,3664.910795535253,35.171804015863266
1.931,869.1021633842861,False,0.4123344306513964,0.44096173302290725,2.13598405736336,3618.0090497235296,34.78262571109731
1.931,875.8932762259248,False,0.40962356622133483,0.4326763130876702,2.122510527722821,3572.5090790691625,34.410275005223156
1.931,882.6843890675634,False,0.4070884515263337,0.42477358464090925,2.109352269722143,3528.35166712869,34.05364249355916
1.931,889.475501909202,False,0.4047160303989804,0.4172264127610741,2.0964982693684835,3485.4804535032504,33.71171638130987
1.931,896.2666147508407,False,0.4024944910310886,0.41001020833946544,2.083937932962682,3443.8418163477154,33.38357181774595
1.931,903.0577275924793,False,0.40041312136637575,0.40310263431013543,2.0716610789759375,3403.384752573138,33.068361614070575
1.931,909.848840434118,False,0.39846218420836,0.39648335178438093,2.0596579281136984,3364.0607577037576,32.76530813829634
1.931,916.6399532757566,False,0.39663280897561565,0.39013379989340013,2.047919092050298,3325.823706886462,32.47369621521864
1.931,923.4310661173952,False,0.394916897570513,0.38403700421979164,2.036435561225496,3288.629738177494,32.1928668878608
1.931,930.222178959034,False,0.39330704225912966,0.37817740956932633,2.025198692018184,3252.437138934106,31.922211919895847
1.931,937.0132918006725,False,0.3917964538106174,0.3725407335419222,2.0142001935498506,3217.2062359019415,31.66116893755247
1.931,943.8044046423112,False,0.39037889843044743,0.3671138379382931,2.003432114319052,3182.8992894019543,31.409217125192658
1.931,950.5955174839498,False,0.3890486422565527,0.3618846155123561,1.9928868288259713,3149.4803918733246,31.16587340174162
1.931,957.3866303255885,False,0.3878004023805212,0.35684188996950217,1.9825570243117159,3116.915370914112,30.930689015959214
1.931,964.1777431672272,False,0.38662930351573066,0.35197532743343857,1.9724356877085811,3085.171696871439,30.70324650757322
1.931,970.9688560088657,False,0.3855308395668595,0.34727535787210356,1.9625160928749894,3054.218394966191,30.483156988861708
1.931,977.7599688505044,False,0.3845008394656826,0.34273310519638395,1.9527917881696493,3024.0259618840046,30.270057707641335
1.931,984.551081692143,False,0.38353543673043955,0.33834032493208693,1.9432565844047327,2994.5662867271662,30.063609857994088
1.931,991.3421945337817,False,0.382631042283587,0.3340893485223498,1.9339045432054953,2965.8125761938277,29.86349660961818
1.931,998.1333073754204,False,0.38178432012803243,0.32997303344969464,1.9247299657939547,2937.7392838315277,29.669421330557856
1.931,1004.924420217059,False,0.3809921655370878,0.3259847184784848,1.915727382206407,2910.3220431993323,29.481105981363562
1.931,1011.7155330586976,False,0.38025168546012,0.32211818341310433,1.9068915409483638,2883.5376047653594,29.298289661552477
1.931,1018.5066459003363,False,0.37956018088561344,0.3183676128475917,1.898217399085477,2857.363776362551,29.12072729165568
1.931,1025.297758741975,False,0.3789151309371891,0.31472756345098607,1.8897001127653348,2831.7793670255137,28.948188416212375
1.931,1032.0888715836136,False,0.37831417850711163,0.3111929343913011,1.8813350281618555,2806.7641340324312,28.78045611486357
1.931,1038.8799844252521,False,0.3777551172565932,0.30775894055126674,1.873117672832025,2782.2987329804187,28.61732601024056
1.931,1045.6710972668907,False,0.37723587983355156,0.30442108823221914,1.86504374747281,2758.364670726763,28.45860536268442
1.931,1052.4622101085295,False,0.3767545271768371,0.3011751530797326,1.857109118065198,2734.9442610351634,28.304112242993426
1.931,1059.2533229501682,False,0.3763092387918059,0.2980171599967643,1.8493098083911752,2712.020582771481,28.153674775406497
1.931,1066.0444357918068,False,0.37589830389587897,0.2949433648379573,1.841641992909365,2689.5774405014527,28.007130443913823
1.931,1072.8355486334453,False,0.3755201133445991,0.29195023770289485,1.8341019899744158,2667.5993273487206,27.86432545575386
1.931,1079.6266614750841,False,0.37517315225911624,0.2890344476671764,1.8266862553855783,2646.0713899797333,27.72511415663361
1.931,1086.4177743167227,False,0.3748559932850167,0.28619284880848556,1.8193913762496294,2624.9793955879977,27.589358492798468
1.931,1093.2088871583614,False,0.37456729042033166,0.2834224674008645,1.8122140651438505,2604.30970075803,27.456927515600285
1.931,1100.0,False,0.3743057733574482,0.28072049016442524,1.8051511545649455,2584.0492220956853,27.32769692467011
1.95,420.8887158361356,False,,,,,
1.95,427.67982867777425,False,,,,,
1.95,434.47094151941286,False,,,,,
1.95,441.2620543610515,False,,,,,
1.95,448.0531672026902,False,,,,,
1.95,454.8442800443288,False,,,,,
1.95,461.63539288596746,False,,,,,
1.95,468.4265057276061,False,,,,,
1.95,475.21761856924473,False,,,,,
1.95,482.0087314108834,False,,,,,
1.95,488.799844252522,False,,,,,
1.95,495.5909570941607,False,,,,,
1.95,502.38206993579934,False,,,,,
1.95,509.17318277743794,False,,,,,
1.95,515.9642956190767,False,,,,,
1.95,522.7554084607152,False,,,,,
1.95,529.5465213023539,False,,,,,
1.95,536.3376341439925,False,,,,,
1.95,543.1287469856312,False,,,,,
1.95,549.9198598272699,False,,,,,
1.95,556.7109726689084,False,,,,,
1.95,563.5020855105471,False,,,,,
1.95,570.2931983521858,False,,,,,
1.95,577.0843111938244,False,,,,,
1.95,583.8754240354631,False,,,,,
1.95,590.6665368771016,False,,,,,
1.95,597.4576497187403,False,,,,,
1.95,604.248762560379,False,,,,,
1.95,611.0398754020176,False,,,,,
1.95,617.8309882436563,False,7.666761798613463,15.165130414164254,inf,inf,251.8125061361378
1.95,624.6221010852948,False,3.2756301416881084,6.335479834850285,inf,inf,159.84469590596322
1.95,631.4132139269336,False,2.1510301012426116,4.069978447600112,inf,inf,126.07014207217024
1.95,638.2043267685722,False,1.6362885526455901,3.030177021714571,inf,inf,107.21925258397026
1.95,644.9954396102108,False,1.3412404608203117,2.432037964018068,inf,inf,94.80984854864514
1.95,651.7865524518495,False,1.1500622363524624,2.0428000291631596,inf,inf,85.86811026601137
1.95,658.5776652934882,False,1.0161906595221557,1.7688797566080399,inf,inf,79.0443535645993
1.95,665.3687781351268,False,0.9172828986063339,1.5653657219328283,inf,inf,73.6254089041907
1.95,672.1598909767654,False,0.8412792379066397,1.4080119215112625,inf,inf,69.19417944390787
1.95,678.951003818404,False,0.7810967996643919,1.2825747307267021,inf,inf,65.48826604536613
1.95,685.7421166600427,False,0.732301813429871,1.1801351615168563,inf,inf,62.33324015299474
1.95,692.5332295016814,False,0.69197668086477,1.0948220557720192,2.6413300270876836,5532.4687836335925,59.60803839635212
1.95,699.32434234332,False,0.6581227128966697,1.0226117302303332,2.6138054595130553,5417.764917239689,57.22566566557954
1.95,706.1154551849586,False,0.6293246221403359,0.9606536409947474,2.5875713013463764,5309.556989353802,55.12179521947648
1.95,712.9065680265974,False,0.604552036802406,0.906871413810995,2.562129635287952,5205.660423808049,53.2477092838899
1.95,719.6976808682359,False,0.5830369050633134,0.8597163944792021,2.5373517398790626,5105.46126848856,51.56575273840493
1.95,726.4887937098746,False,0.5641949618668362,0.8180097579038423,2.513195581059945,5008.713722933535,50.04630654483304
1.95,733.2799065515132,False,0.5475738239401992,0.7808381391408971,2.489645294662274,4915.283686610798,48.66571480234365
1.95,740.0710193931518,False,0.5328177412340963,0.7474827458511153,2.466692806776669,4825.071683445629,47.40482952530619
1.95,746.8621322347906,False,0.5196430843257716,0.7173700531658836,2.444331402369526,4737.98639673039,46.247966778493506
1.95,753.6532450764291,False,0.5078209363647244,0.6900367821361946,2.422553436772421,4653.935565550861,45.182143479667914
1.95,760.4443579180678,False,0.4971644973855083,0.6651045544316928,2.401349647350787,4572.823456948074,44.196509862433345
1.95,767.2354707597065,False,0.4875198168657192,0.6422612399697815,2.3807091096244966,4494.55089474871,43.28192097938057
1.95,774.026583601345,False,0.47875887149529084,0.6212470212747634,2.3606194446078694,4419.016216875176,42.43060872518091
1.95,780.8176964429838,False,0.47077432357133736,0.6018438384351669,2.341067107165322,4346.116474838877,41.6359276687016
1.95,787.6088092846223,False,0.46347550233208445,0.5838672944088253,2.3220376808140264,4275.748588445392,40.892155850145585
1.95,794.399922126261,False,0.45678528768569066,0.5671603761067198,2.3035161476271857,4207.810345846433,40.19433703931807
1.95,801.1910349678997,False,0.45063766836531055,0.551588532792786,2.2854871219854216,4142.201218909442,39.53815463858773
1.95,807.9821478095383,False,0.44497581008274334,0.5370357810836349,2.267935046285498,4078.8229991648536,38.91983000053341
1.95,814.773260651177,False,0.43975051353757155,0.5234015948715475,2.2508443509157647,4017.580273899247,38.336039770652036
1.95,821.5643734928155,False,0.434918973440302,0.510598401435113,2.2341995824856804,3958.3807663494345,37.78384819246626
1.95,828.3554863344542,False,0.4304437721228515,0.4985495500775796,2.217985504738745,3901.1355637347165,37.2606512809125
1.95,835.1465991760929,False,0.42629205755568556,0.48718765230650074,2.202187176435396,3845.759254673753,36.764130484873746
1.95,841.9377120177315,False,0.42243486749870607,0.4764532165194322,2.186790010093684,3792.1699946547433,36.29221399311701
1.95,848.7288248593702,False,0.41884657033273154,0.46629351790242884,2.1717798149893244,3740.2895152874376,35.84304423974268
1.95,855.5199377010088,False,0.4155043997152502,0.45666165751993504,2.157142827326163,3690.0430903440283,35.414950470790906
1.95,862.3110505426475,False,0.4123880651834951,0.4475157745938035,2.14286573003196,3641.3594692013767,35.006425467952454
1.95,869.1021633842861,False,0.40947942461907083,0.43881838359841363,2.1289356642294246,3594.170786255428,34.6161057064767
1.95,875.8932762259248,False,0.40676220739805646,0.430535813655173,2.1153402340809326,3548.41245316697,34.24275436546589
1.95,882.6843890675634,False,0.40422177930094966,0.42263773223970735,2.1020675064066956,3504.0230393859547,33.88524671944886
1.95,889.475501909202,False,0.4018449420097504,0.4150967387442373,2.0891060062242195,3460.9441452444353,33.54255752755979
1.95,896.2666147508407,False,0.39961976139437255,0.4078880162060881,2.0764447091467093,3419.1202709688537,33.21375010615419
1.95,903.0577275924793,False,0.39753541987577323,0.40098903169883654,2.0640730314033404,3378.4986842029975,32.89796682627389
1.95,909.848840434118,False,0.3955820890150281,0.3943792776186213,2.051980818099951,3339.0292880229636,32.59442082207545
1.95,916.6399532757566,False,0.39375081916605587,0.38804004748517423,2.0401583302195263,3300.664490936738,32.30238873248893
1.95,923.4310661173952,False,0.3920334435826505,0.38195424099136205,2.0285962307640926,3263.3590799723825,32.021204327757864
1.95,930.222178959034,False,0.39042249481691443,0.37610619393484285,2.0172855703591352,3227.0700976495823,31.75025289651222
1.95,937.0132918006725,False,0.388911131608563,0.3704815293958718,2.00621777257604,3191.7567233862046,31.488966288730296
1.95,943.8044046423112,False,0.38749307475989647,0.3650670271208255,1.9953846191742879,3157.380159700257,31.23681852617912
1.95,950.5955174839498,False,0.3861625507332276,0.35985050855902206,1.9847782354211612,3123.903523418182,30.993321905370184
1.95,957.3866303255885,False,0.38491424190664875,0.354820735401969,1.974391075611292,3091.291741986001,30.758023529246234
1.95,964.1777431672272,False,0.3837432425883289,0.3499673198058197,1.9642159088791036,3059.511454890627,30.5305022131334
1.95,970.9688560088657,False,0.3826450200260677,0.34528064475319853,1.9542458053739187,3028.5309201326572,30.310365718316355
1.95,977.7599688505044,False,0.3816153797622429,0.34075179323963395,1.9444741228483846,2998.3199256418907,30.097248273152687
1.95,984.551081692143,False,0.3806504347792659,0.3363724851615134,1.934894493695768,2968.849705491397,29.89080834719015
1.95,991.3421945337817,False,0.3797465779601851,0.33213502094313324,1.9255008124591835,2940.092860739902,29.690726648435948
1.95,998.1333073754204,False,0.3789004574560522,0.32803223107570384,1.9162872238263104,2912.0232847161647,29.49670431791103
1.95,1004.924420217059,False,0.37810895460818505,0.3240574308553819,1.9072481111151909,2884.616092548075,29.30846129901256
1.95,1011.7155330586976,False,0.3773691641213407,0.3202043797041756,1.8983780852507814,2857.847554734433,29.12573486210541
1.95,1018.5066459003363,False,0.3766783762244563,0.31646724453975833,1.8896719742270958,2831.6950345558134,28.94827826724338
1.95,1025.297758741975,False,0.37603406059029276,0.31284056673032806,1.881124813046185,2806.1369291226906,28.77585955005501
1.95,1032.0888715836136,False,0.375433851814871,0.3093192322304827,1.8727318341224624,2781.152613862916,28.608260417661697
1.95,1038.8799844252521,False,0.37487553628297265,0.30589844454541093,1.8644884581387808,2756.722390255926,28.445275243082605
1.95,1045.6710972668907,False,0.37435704026775385,0.30257370021478946,1.8563902853393373,2732.827436628009,28.286710147953265
1.95,1052.4622101085295,False,0.37387641913125524,0.2993407665457224,1.848433087243473,2709.449761830323,28.13238216457367
1.95,1059.2533229501682,False,0.37343184750880204,0.29619566135687686,1.8406127987637317,2686.5721616289406,27.9821184693387
1.95,1066.0444357918068,False,0.3730216103742732,0.2931346345243233,1.8329255107114228,2664.1781776449375,27.83575568050445
1.95,1072.8355486334453,False,0.3726440948953794,0.2901541511442271,1.8253674626727068,2642.252058690333,27.69313921403321
1.95,1079.6266614750841,False,0.37229778299866134,0.2872508761489538,1.817935036238502,2620.7787243544053,27.554122691950653
1.95,1086.4177743167227,False,0.37198124457307147,0.28442166023177046,1.8106247485715743,2599.74373070241,27.41856739825058
1.95,1093.2088871583614,False,0.37169313124909886,0.28166352695166674,1.8034332462947102,2579.1332379571268,27.28634177791913
1.95,1100.0,False,0.3714321706973518,0.278973660904024,1.796357299684338,2558.933980041279,27.15732097511389
1.9689999999999999,420.8887158361356,False,,,,,
1.9689999999999999,427.67982867777425,False,,,,,
1.9689999999999999,434.47094151941286,False,,,,,
1.9689999999999999,441.2620543610515,False,,,,,
1.9689999999999999,448.0531672026902,False,,,,,
1.9689999999999999,454.8442800443288,False,,,,,
1.9689999999999999,461.63539288596746,False,,,,,
1.9689999999999999,468.4265057276061,False,,,,,
1.9689999999999999,475.21761856924473,False,,,,,
1.9689999999999999,482.0087314108834,False,,,,,
1.9689999999999999,488.799844252522,False,,,,,
1.9689999999999999,495.5909570941607,False,,,,,
1.9689999999999999,502.38206993579934,False,,,,,
1.9689999999999999,509.17318277743794,False,,,,,
1.9689999999999999,515.9642956190767,False,,,,,
1.9689999999999999,522.7554084607152,False,,,,,
1.9689999999999999,529.5465213023539,False,,,,,
1.9689999999999999,536.3376341439925,False,,,,,
1.9689999999999999,543.1287469856312,False,,,,,
1.9689999999999999,549.9198598272699,False,,,,,
1.9689999999999999,556.7109726689084,False,,,,,
1.9689999999999999,563.5020855105471,False,,,,,
1.9689999999999999,570.2931983521858,False,,,,,
1.9689999999999999,577.0843111938244,False,,,,,
1.9689999999999999,583.8754240354631,False,,,,,
1.9689999999999999,590.6665368771016,False,,,,,
1.9689999999999999,597.4576497187403,False,,,,,
1.9689999999999999,604.248762560379,False,,,,,
1.9689999999999999,611.0398754020176,False,,,,,
1.9689999999999999,617.8309882436563,False,10.8843032315635,21.61127233208176,inf,inf,301.8959616183164
1.9689999999999999,624.6221010852948,False,3.6738770842289745,7.132117832797357,inf,inf,170.19700347470592
1.9689999999999999,631.4132139269336,False,2.290610524021878,4.349820962513396,inf,inf,130.7109797885451
1.9689999999999999,638.2043267685722,False,1.7035779357708256,3.1660033191364736,inf,inf,109.85573964342669
1.9689999999999999,644.9954396102108,False,1.3790245478168404,2.5092565688852733,inf,inf,96.48732628854313
1.9689999999999999,651.7865524518495,False,1.1731611593805342,2.0909370959310456,inf,inf,87.00546440099468
1.9689999999999999,658.5776652934882,False,1.0310222331493744,1.8006966169015388,inf,inf,79.84507429433346
1.9689999999999999,665.3687781351268,False,0.927051422295039,1.5872214429823508,inf,inf,74.20129933212
1.9689999999999999,672.1598909767654,False,0.847751424269359,1.423405738695206,inf,inf,69.61217668446648
1.9689999999999999,678.951003818404,False,0.7853208243159182,1.2935786065925545,inf,inf,65.7910713352882
1.9689999999999999,685.7421166600427,False,0.7349356576143353,1.1880471528423437,inf,inf,62.54945736524537
1.9689999999999999,692.5332295016814,False,0.6934523166622689,1.100492629884711,2.6422437792010265,5536.297293829036,59.757585438624446
1.9689999999999999,699.32434234332,False,0.6587342614201821,1.0266187659504618,2.614249079281048,5419.6040989308185,57.322856163343246
1.9689999999999999,706.1154551849586,False,0.6292784873840657,0.9634018271103032,2.5875144329851416,5309.323610287724,55.17718766711618
1.9689999999999999,712.9065680265974,False,0.6039967981916479,0.9086514434900084,2.5615765763472758,5203.413288248065,53.26926549711518
1.9689999999999999,719.6976808682359,False,0.5820818636110304,0.8607416460722802,2.5363166352941957,5101.296604718598,51.559590331036176
1.9689999999999999,726.4887937098746,False,0.5629220428253685,0.8184398071748656,2.5116969988116224,5002.742256424488,50.0172029887081
1.9689999999999999,733.2799065515132,False,0.5460454419394806,0.7807942766909571,2.487704027788114,4907.621424565554,48.61745416206046
1.9689999999999999,740.0710193931518,False,0.5310821312946177,0.7470584818259357,2.464330686578028,4815.835071458725,47.34044654847865
1.9689999999999999,746.8621322347906,False,0.5177379968962661,0.7166383892185061,2.4415705656665327,4727.289467959279,46.169922253378246
1.9689999999999999,753.6532450764291,False,0.5057762496480485,0.689055346137774,2.4194158465824365,4641.888205677835,45.09245250140724
1.9689999999999999,760.4443579180678,False,0.4950040971209389,0.6639192906641868,2.3978567738588588,4559.530367675797,44.09683717182516
1.9689999999999999,767.2354707597065,False,0.4852629706043264,0.6409091035424269,2.3768817197486034,4480.111019966186,43.17365285511563
1.9689999999999999,774.026583601345,False,0.4764212477883776,0.6197579738049942,2.356477467841309,4403.522482987583,42.31490790505667
1.9689999999999999,780.8176964429838,False,0.46836875769235226,0.6002423454873329,2.3366295559458616,4329.655745671531,41.51377580368318
1.9689999999999999,787.6088092846223,False,0.4610125784083663,0.5821734624296874,2.317322610107647,4258.401765499422,40.764386675822735
1.9689999999999999,794.399922126261,False,0.4542737860678603,0.5653908250189852,2.2985406426564237,4189.652564871375,40.06166255045613
1.9689999999999999,801.1910349678997,False,0.44808491285960916,0.5497570723756505,2.2802673059782106,4123.30210777149,39.40118592995143
1.9689999999999999,807.9821478095383,False,0.4423879399341782,0.5351539400651667,2.2624861022305827,4059.2469719540068,38.779093999512185
1.9689999999999999,814.773260651177,False,0.4371326982765778,0.5214790383065443,2.245180552859858,3997.386843431236,38.191992775242234
1.9689999999999999,821.5643734928155,False,0.43227558392740073,0.5086432625334876,2.2283343330564285,3937.6248624697614,37.636886902944
1.9689999999999999,828.3554863344542,False,0.42777851771324765,0.49656869593428987,2.211931376438813,3879.8678486775048,37.11112184900169
1.9689999999999999,835.1465991760929,False,0.42360809684009454,0.4851868981368193,2.1959559549010494,3824.026429542683,36.61233598270679
1.9689999999999999,841.9377120177315,False,0.41973489827571975,0.47443749946569713,2.18039273800029,3770.015093149396,36.138420613629506
1.9689999999999999,848.7288248593702,False,0.41613290313926465,0.4642670388703942,2.165226835655643,3717.7521822937338,35.687486471865896
1.9689999999999999,855.5199377010088,False,0.4127790182518106,0.4546279975617526,2.1504438273480053,3667.1598440862617,35.257835440915585
1.9689999999999999,862.3110505426475,False,0.4096526762273075,0.4454779908972986,2.1360297804857202,3618.1639464237014,34.84793659938411
1.9689999999999999,869.1021633842861,False,0.4067354994544649,0.43677908903881574,2.1219712601433227,3570.69397044167,34.45640581789765
1.9689999999999999,875.8932762259248,False,0.40401101636313197,0.42849724302344894,2.1082553319894353,3524.682886180396,34.081988305535035
1.9689999999999999,882.6843890675634,False,0.4014644207183875,0.4206017976143575,2.094869559890444,3480.0670171577517,33.723543615960516
1.9689999999999999,889.475501909202,False,0.3990823665131148,0.41306507597237674,2.0818019994015886,3436.7858982961893,33.3800327148312
1.9689999999999999,896.2666147508407,False,0.3968527924611484,0.4058620240691754,2.0690411881292303,3394.782130644409,33.05050678260539
1.9689999999999999,903.0577275924793,False,0.3947647712214138,0.3989699050323179,2.0565761337598016,3354.0012355272215,32.73409748482483
1.9689999999999999,909.848840434118,False,0.39280837937835766,0.3923680354133155,2.0443963003966243,3314.3915101139496,32.43000848849072
1.9689999999999999,916.6399532757566,False,0.3909745849179817,0.38603755680670887,2.032491593718638,3275.9038858824856,32.1375080407525
1.9689999999999999,923.4310661173952,False,0.38925514951161183,0.3799612374012548,2.0208523453719076,3238.491791052711,31.85592245665768
1.9689999999999999,930.222178959034,False,0.38764254338157955,0.37412329897450136,2.0094692969198533,3202.11101774298,31.584630387624838
1.9689999999999999,937.0132918006725,False,0.3861298708974308,0.36850926559613,1.998333583609419,3166.7195943541774,31.323057762721227
1.9689999999999999,943.8044046423112,False,0.38471080535642727,0.3631058309199697,1.987436718154329,3132.2776634914367,31.070673311653504
1.9689999999999999,950.5955174839498,False,0.38337953165168337,0.357900741447445,1.9767705746911965,3098.7473655836598,30.826984592290263
1.9689999999999999,957.3866303255885,False,0.38213069573646113,0.3528826935586582,1.9663273730273572,3066.0927282459766,30.591534457091413
1.9689999999999999,964.1777431672272,False,0.38095935996250896,0.34804124244864443,1.956099663269626,3034.2795613435987,30.363897902456596
1.9689999999999999,970.9688560088657,False,0.37986096351065524,0.3433667213892451,1.9460803108992553,3003.27535765106,30.14367925306907
1.9689999999999999,977.7599688505044,False,0.3788312872486114,0.3388501699724683,1.9362624823391301,2973.049198953713,29.930509640086203
1.9689999999999999,984.551081692143,False,0.3778664224484451,0.3344832701878533,1.926639631043786,2943.571667404862,29.724044737740094
1.9689999999999999,991.3421945337817,False,0.37696274287786063,0.3302582893511602,1.917205484130836,2914.8147619301562,29.523962727740976
1.9689999999999999,998.1333073754204,False,0.3761168798481156,0.3261680290403326,1.9079540295624766,2886.7518194560885,29.329962464974418
1.9689999999999999,1004.924420217059,False,0.3753256998593872,0.3222057793116939,1.8988795038783384,2859.3574407324277,29.141761821473875
1.9689999999999999,1011.7155330586976,False,0.37458628453339476,0.31836527756832494,1.889976380474995,2832.6074205157324,28.959096188624457
1.9689999999999999,1018.5066459003363,False,0.37389591256477184,0.31464067153670766,1.881239358422947,2806.4786818823313,28.78171712010646
1.9689999999999999,1025.297758741975,False,0.3732520434581064,0.3110264858793213,1.8726633518084541,2780.9492144431397,28.609391100274053
1.9689999999999999,1032.0888715836136,False,0.3726523028478206,0.3075175920320343,1.8642434795851464,2755.998016238967,28.44189842454761
1.9689999999999999,1038.8799844252521,False,0.37209446922403583,0.30410918090756955,1.8559750559184875,2731.60503910233,28.279032180027365
1.9689999999999999,1045.6710972668907,False,0.3715764619097247,0.30079673815123953,1.8478535810049874,2707.7511372804647,28.12059731593693
1.9689999999999999,1052.4622101085295,False,0.3710963301536928,0.2975760216739487,1.8398747323473479,2684.4180191235164,27.966409794730865
1.9689999999999999,1059.2533229501682,False,0.3706522432203852,0.29444304122083736,1.8320343564662336,2661.5882016510986,27.816295815756206
1.9689999999999999,1066.0444357918068,False,0.37024248137182875,0.2913940397628785,1.8243284610293307,2639.244967820287,27.67009110428354
1.9689999999999999,1072.8355486334453,False,0.36986542764940167,0.2884254765238177,1.8167532073785857,2617.372326328015,27.527640259529107
1.9689999999999999,1079.6266614750841,False,0.3695195603738894,0.2855340114766416,1.8093049034364985,2595.9549737894013,27.38879615599539
1.9689999999999999,1086.4177743167227,False,0.369203446291622,0.28271649116272074,1.801979996973203,2574.9782591439803,27.253419393074388
1.9689999999999999,1093.2088871583614,False,0.3689157343027234,0.27996993570338563,1.7947750692161932,2554.4281501495407,27.12137778840442
1.9689999999999999,1100.0,False,0.36865514971457924,0.27729152688813663,1.7876868287854382,2534.291201832676,26.99254591094559
1.988,420.8887158361356,False,,,,,
1.988,427.67982867777425,False,,,,,
1.988,434.47094151941286,False,,,,,
1.988,441.2620543610515,False,,,,,
1.988,448.0531672026902,False,,,,,
1.988,454.8442800443288,False,,,,,
1.988,461.63539288596746,False,,,,,
1.988,468.4265057276061,False,,,,,
1.988,475.21761856924473,False,,,,,
1.988,482.0087314108834,False,,,,,
1.988,488.799844252522,False,,,,,
1.988,495.5909570941607,False,,,,,
1.988,502.38206993579934,False,,,,,
1.988,509.17318277743794,False,,,,,
1.988,515.9642956190767,False,,,,,
1.988,522.7554084607152,False,,,,,
1.988,529.5465213023539,False,,,,,
1.988,536.3376341439925,False,,,,,
1.988,543.1287469856312,False,,,,,
1.988,549.9198598272699,False,,,,,
1.988,556.7109726689084,False,,,,,
1.988,563.5020855105471,False,,,,,
1.988,570.2931983521858,False,,,,,
1.988,577.0843111938244,False,,,,,
1.988,583.8754240354631,False,,,,,
1.988,590.6665368771016,False,,,,,
1.988,597.4576497187403,False,,,,,
1.988,604.248762560379,False,,,,,
1.988,611.0398754020176,False,,,,,
1.988,617.8309882436563,False,19.30958669413775,38.485142334206195,inf,inf,404.69399174449177
1.988,624.6221010852948,False,4.206066069948582,8.195474077731388,inf,inf,183.12506937095057
1.988,631.4132139269336,False,2.4568079319383,4.682315774967324,inf,inf,136.03132907738666
1.988,638.2043267685722,False,1.780082965607856,3.3199053338894093,inf,inf,112.77719878468329
1.988,644.9954396102108,False,1.4210065907707512,2.594617696322479,inf,inf,98.31508165065563
1.988,651.7865524518495,False,1.1985249916732674,2.143403857422611,inf,inf,88.23402108253445
1.988,658.5776652934882,False,1.0472293313792662,1.8350950685607892,inf,inf,80.7067899619776
1.988,665.3687781351268,False,0.9377335576009798,1.610753879623937,inf,inf,74.82103804440248
1.988,672.1598909767654,False,0.8548750835631799,1.4399643302376408,inf,inf,70.06352037418625
1.988,678.951003818404,False,0.7900370656164433,1.3054370954269494,inf,inf,66.12040613728055
1.988,685.7421166600427,False,0.7379595605308554,1.1966152655564335,inf,inf,62.7875704494623
1.988,692.5332295016814,False,0.6952494881322288,1.1066864337761075,2.643313359632935,5540.780387941838,59.92575808070031
1.988,699.32434234332,False,0.6596196261197053,1.0310566056244759,2.6148252521042323,5421.993291856666,57.4362905611572
1.988,706.1154551849586,False,0.6294718521896816,0.9665143945667887,2.5875784092882608,5309.586159621943,55.24704241662038
1.988,712.9065680265974,False,0.6036556825014386,0.9107467338138657,2.5611357225368945,5201.622401183075,53.303920084589805
1.988,719.6976808682359,False,0.5813217131753545,0.8620449021213116,2.5353866177437285,5097.556199844458,51.56546068519027
1.988,726.4887937098746,False,0.5618291187531446,0.8191189583792564,2.5102974520474803,4997.16863742383,49.9992844960939
1.988,733.2799065515132,False,0.5446852902685982,0.7809766347167755,2.4858566313899932,4900.33522358141,48.57969325225785
1.988,740.0710193931518,False,0.5295052960381408,0.7468419885252536,2.462058060690739,4806.956762296663,47.28600108998823
1.988,746.8621322347906,False,0.5159839632241708,0.7160993704153517,2.438895564195582,4716.936640802542,46.10134787856352
1.988,753.6532450764291,False,0.5038762213495479,0.6882539663716141,2.4163610860698808,4630.173886245684,45.011838413218825
1.988,760.4443579180678,False,0.4929829886977207,0.6629034606309228,2.394444317430708,4546.562014003815,44.00590676961242
1.988,767.2354707597065,False,0.48314085944237434,0.639717324912403,2.37313286864328,4465.989977136846,43.073839399817814
1.988,774.026583601345,False,0.47421444834367105,0.6184214409014726,2.3524126295396113,4388.343752014363,42.2074121761275
1.988,780.8176964429838,False,0.46609062667828505,0.5987865186554112,2.3322681674264443,4313.5079676177165,41.39961056572341
1.988,787.6088092846223,False,0.4586741256724792,0.58061926018275,2.3126831008337123,4241.367351069795,40.64441135034459
1.988,794.399922126261,False,0.4518841431870592,0.5637555373347035,2.29364042604304,4171.807919674898,39.93661052252841
1.988,801.1910349678997,False,0.44565169624634315,0.548055067468494,2.2751227910330143,4104.717917569191,39.27168625289354
1.988,807.9821478095383,False,0.4399175348315943,0.5333972164426413,2.2571127192053178,4039.9885223763163,38.645688793568866
1.988,814.773260651177,False,0.4346304827953231,0.5196776596913235,2.2395927883365623,3977.5143560466468,38.05515128405712
1.988,821.5643734928155,False,0.4297461071940244,0.5068057032349427,2.22254577107664,3917.193834493989,37.49701693248332
1.988,828.3554863344542,False,0.42522564257893675,0.49470211713495005,2.2059547431738653,3858.92938757044,36.9685791392854
1.988,835.1465991760929,False,0.4210351149877785,0.48329737043172233,2.189803165031286,3802.62757663203,36.46743193426469
1.988,841.9377120177315,False,0.41714462366057015,0.4725301832579571,2.174074941476309,3748.1991325262056,35.991428694969365
1.988,848.7288248593702,False,0.41352774829612166,0.46234633147813325,2.1587544638948986,3695.558932746948,35.538647562345815
1.988,855.5199377010088,False,0.4101610569610829,0.4526976538499043,2.143826638206579,3644.6259329360496,35.10736230888359
1.988,862.3110505426475,False,0.4070236952490569,0.44354122271718355,2.1292769015595567,3595.323064885537,34.6960176737277
1.988,869.1021633842861,False,0.40409704144889325,0.43483864760131513,2.1150912301134763,3547.577110690316,34.30320837898102
1.988,875.8932762259248,False,0.4013644156645986,0.42655548744990446,2.1012561398444753,3501.3185606459074,33.927661196516645
1.988,882.6843890675634,False,0.39881083328345907,0.41866075223238447,2.087758681946621,3456.4814608227057,33.568219555935144
1.988,889.475501909202,False,0.3964227950949639,0.4111264784004353,2.0745864341046136,3413.0032549069724,33.22383027985016
1.988,896.2666147508407,False,0.39418810785371444,0.40392736572641247,2.061727488666882,3370.8246238272513,32.89353210843233
1.988,903.0577275924793,False,0.392095730252933,0.3970404653911051,2.049170438546097,3329.889325829576,32.57644573556058
1.988,909.848840434118,False,0.39013564020476815,0.390444911060561,2.03690436150962,3290.1440389889035,32.27176512741001
1.988,916.6399532757566,False,0.3882987200642404,0.38412168618076314,2.0249188033876186,3251.538207608609,31.978749933412537
1.988,923.4310661173952,False,0.3865766570273344,0.3780534219125639,2.0132037606174165,3214.0238935406114,31.696718831254486
1.988,930.222178959034,False,0.38496185641188474,0.3722242210909863,2.0017496624538476,3177.55563313061,31.425043673428444
1.988,937.0132918006725,False,0.38344736591724055,0.36661950437208163,1.990547353103354,3142.090300237726,31.163144324041657
1.988,943.8044046423112,False,0.38202680927371535,0.3612258753644554,1.9795880739814367,3107.5869755815556,30.91048409200287
1.988,950.5955174839498,False,0.380694327950566,0.35603100206113997,1.968863446246075,3074.0068225192717,30.666565681118797
1.988,957.3866303255885,False,0.37944452980266763,0.3510235123131943,1.9583654537218436,3041.3129692416364,30.430927589573397
1.988,964.1777431672272,False,0.3782724437105965,0.34619290143773923,1.9480864262992257,3009.4703972926277,30.203140901225765
1.988,970.9688560088657,False,0.377173479413226,0.3415294503439869,1.938019023869131,2978.44583625499,29.98280641948571
1.988,977.7599688505044,False,0.3761433918520421,0.3370241528027199,1.9281562208333713,2948.207664400486,29.769552101517
1.988,984.551081692143,False,0.37517824944656275,0.3326686506865347,1.918491291216416,2918.7258150734856,29.56303075640547
1.988,991.3421945337817,False,0.374274405804118,0.32845517617722036,1.9090177943915716,2889.971688557232,29.362917975903542
1.988,998.1333073754204,False,0.373428474437787,0.3243765000787986,1.8997295614254137,2861.9180691619,29.168910270584856
1.988,1004.924420217059,False,0.37263730612566365,0.32042588549454115,1.8906206820365798,2834.5390472680674,28.98072338782817
1.988,1011.7155330586976,False,0.37189796859492935,0.3165970462277081,1.8816854921598825,2807.8099460611643,28.798090791113612
1.988,1018.5066459003363,False,0.37120772825682646,0.31288410935175864,1.8729185621019038,2781.7072526948064,28.620762282732123
1.988,1025.297758741975,False,0.37056403375492686,0.309281581469036,1.864314685271624,2756.208553629195,28.448502754257497
1.988,1032.0888715836136,False,0.369964501120042,0.3057843182394273,1.8558688674668913,2731.2924738977404,28.28109105106294
1.988,1038.8799844252521,False,0.3694069003516282,0.30238749681400834,1.8475763166964967,2706.9386200663,28.118318938832186
1.988,1045.6710972668907,False,0.3688891432682468,0.2990865908545934,1.83943243351623,2683.1275266587445,27.9599901614558
1.988,1052.4622101085295,False,0.3684092724892344,0.295877347859647,1.8314328018571429,2659.8406058346563,27.805919580955372
1.988,1059.2533229501682,False,0.36796545142655696,0.29275576855107144,1.8235731803238444,2637.0601001154873,27.655932391161393
1.988,1066.0444357918068,False,0.36755595518042816,0.2897180881058761,1.8158494939408334,2614.769037966877,27.50986339781784
1.988,1072.8355486334453,False,0.3671791622448864,0.28676075904227394,1.8082578263253493,2592.951192056312,27.367556358610706
1.988,1079.6266614750841,False,0.36683354694049797,0.28388043559194187,1.8007944122654964,2571.5910400153916,27.228863377339614
1.988,1086.4177743167227,False,0.3665176725009005,0.28107395940950614,1.7934556306830851,2550.673727546619,27.09364434708366
1.988,1093.2088871583614,False,0.3662301847482174,0.2783383464871617,1.7862379979614402,2530.1850337248816,26.961766437767853
1.988,1100.0,False,0.36596980629966014,0.27567077515708177,1.7791381616189796,2510.1113383527695,26.833103624025046
2.0069999999999997,420.8887158361356,False,,,,,
2.0069999999999997,427.67982867777425,False,,,,,
2.0069999999999997,434.47094151941286,False,,,,,
2.0069999999999997,441.2620543610515,False,,,,,
2.0069999999999997,448.0531672026902,False,,,,,
2.0069999999999997,454.8442800443288,False,,,,,
2.0069999999999997,461.63539288596746,False,,,,,
2.0069999999999997,468.4265057276061,False,,,,,
2.0069999999999997,475.21761856924473,False,,,,,
2.0069999999999997,482.0087314108834,False,,,,,
2.0069999999999997,488.799844252522,False,,,,,
2.0069999999999997,495.5909570941607,False,,,,,
2.0069999999999997,502.38206993579934,False,,,,,
2.0069999999999997,509.17318277743794,False,,,,,
2.0069999999999997,515.9642956190767,False,,,,,
2.0069999999999997,522.7554084607152,False,,,,,
2.0069999999999997,529.5465213023539,False,,,,,
2.0069999999999997,536.3376341439925,False,,,,,
2.0069999999999997,543.1287469856312,False,,,,,
2.0069999999999997,549.9198598272699,False,,,,,
2.0069999999999997,556.7109726689084,False,,,,,
2.0069999999999997,563.5020855105471,False,,,,,
2.0069999999999997,570.2931983521858,False,,,,,
2.0069999999999997,577.0843111938244,False,,,,,
2.0069999999999997,583.8754240354631,False,,,,,
2.0069999999999997,590.6665368771016,False,,,,,
2.0069999999999997,597.4576497187403,False,,,,,
2.0069999999999997,604.248762560379,False,,,,,
2.0069999999999997,611.0398754020176,False,,,,,
2.0069999999999997,617.8309882436563,False,98.62955487853155,197.31613637287208,inf,inf,920.7219565331776
2.0069999999999997,624.6221010852948,False,4.951870115960409,9.68425710787024,inf,inf,199.84733699879206
2.0069999999999997,631.4132139269336,False,2.6575752471284657,5.083225584123029,inf,inf,142.19490928067177
2.0069999999999997,638.2043267685722,False,1.8675991017044475,3.4954263413827418,inf,inf,116.02830102341886
2.0069999999999997,644.9954396102108,False,1.4677742193275978,2.689277947018319,inf,inf,100.30989794288966
2.0069999999999997,651.7865524518495,False,1.2263905944227094,2.2006667762820604,inf,inf,89.56130069572082
2.0069999999999997,658.5776652934882,False,1.0649202079289366,1.872289642920535,inf,inf,81.63323362574528
2.0069999999999997,665.3687781351268,False,0.9493824963130929,1.636070183912719,inf,inf,75.4865800633186
2.0069999999999997,672.1598909767654,False,0.8626770821395132,1.4577437481919941,inf,inf,70.549244566644
2.0069999999999997,678.951003818404,False,0.7952587272451247,1.3181798594919703,inf,inf,66.47679131335941
2.0069999999999997,685.7421166600427,False,0.7413791765233374,1.2058546582628389,2.6800747638141993,5695.966859324883,63.04779786896457
2.0069999999999997,692.5332295016814,False,0.6973694708940724,1.113410264169132,2.644536796430281,5545.910588145907,60.11258868181172
2.0069999999999997,699.32434234332,False,0.6607774457388934,1.0359270454585705,2.6155348518504953,5424.936484417914,57.56588272243691
2.0069999999999997,706.1154551849586,False,0.6299017214718754,0.9699900671653406,2.587764769300125,5310.350990684335,55.33119586270939
2.0069999999999997,712.9065680265974,False,0.6035246613694678,0.9131540859234633,2.5608088260028032,5200.294643498964,53.35145777283444
2.0069999999999997,719.6976808682359,False,0.5807517635533563,0.8636217491919306,2.534563486917551,5094.246823283209,51.58311357750811
2.0069999999999997,726.4887937098746,False,0.560911073657742,0.8200420314634062,2.5089987139883867,4991.999262582144,49.99227700501128
2.0069999999999997,733.2799065515132,False,0.5434879805880555,0.7813795563059359,2.4841048171138165,4893.431002074743,48.55214171773304
2.0069999999999997,740.0710193931518,False,0.5280816763960531,0.7468273230344601,2.4598765630657144,4798.442162884778,47.241191719892235
2.0069999999999997,746.8621322347906,False,0.514375321823609,0.715746895359106,2.4363079479217347,4706.932811822755,46.041934814817985
2.0069999999999997,753.6532450764291,False,0.5021151340180616,0.6876264690610179,2.4133906200499653,4618.797010146785,44.93998757476433
2.0069999999999997,760.4443579180678,False,0.49109543053870824,0.6620508767016753,2.3911136591154274,4533.922327606738,43.923402090075314
2.0069999999999997,767.2354707597065,False,0.4811477395908096,0.6386797424684931,2.3694638560917607,4452.1912499102355,42.98216248275369
2.0069999999999997,774.026583601345,False,0.4721327422394261,0.6172313140566664,2.348426151036783,4373.483081046335,42.10780283539934
2.0069999999999997,780.8176964429838,False,0.4639342227914799,0.5974703207533197,2.3279840871980753,4297.67578992124,41.29311340688404
2.0069999999999997,787.6088092846223,False,0.45645446653636534,0.5791987338153213,2.308120225228117,4224.647602266622,40.531912014411525
2.0069999999999997,794.399922126261,False,0.44961071619331666,0.5622486501714752,2.288816498657668,4154.278288116145,39.81886417571943
2.0069999999999997,801.1910349678997,False,0.4433324133057991,0.5464767506956424,2.2700545082407753,4086.450157326704,39.149340191884484
2.0069999999999997,807.9821478095383,False,0.43755902886236436,0.5317599406801439,2.2518157597352038,4021.048799003192,38.51930053692251
2.0069999999999997,814.773260651177,False,0.4322383412927998,0.5179918880965448,2.234081852200627,3957.9636066460503,37.925203166809
2.0069999999999997,821.5643734928155,False,0.4273250577297926,0.5050802508736049,2.216834624363718,3897.0881292311174,37.363927966866015
2.0069999999999997,828.3554863344542,False,0.42277970123247,0.4929444381531531,2.200056266153631,3838.32028385283,36.83271471990092
2.0069999999999997,835.1465991760929,False,0.4185677059501939,0.48151378913795123,2.1837294017072986,3781.5624601647614,36.329111830229515
2.0069999999999997,841.9377120177315,False,0.4146586762387374,0.47072608128114596,2.1678371492494577,3726.7215416089175,35.850933670665086
2.0069999999999997,848.7288248593702,False,0.41102577606734203,0.4605263002720902,2.1523631623920396,3673.70886373539,35.396224892712446
2.0069999999999997,855.5199377010088,False,0.4076452227313746,0.45086561966669186,2.1372916566230185,3622.4401258949874,34.96323039786721
2.0069999999999997,862.3110505426475,False,0.4044958646463924,0.441700549564794,2.122607424084309,3572.8352692369867,34.550369940723044
2.0069999999999997,869.1021633842861,False,0.40155882736195025,0.4329922224877253,2.1082958391688864,3524.8183311918447,34.15621654441028
2.0069999999999997,875.8932762259248,False,0.3988172152648097,0.4247057912923584,2.0943428569921756,3478.3172843888024,33.77947807154417
2.0069999999999997,882.6843890675634,False,0.39625585900541493,0.4168099191029551,2.0807350063991805,3433.2638661638566,33.4189814209001
2.0069999999999997,889.475501909202,False,0.3938611006698714,0.4092763452323237,2.067459378845321,3389.593403379808,33.07365891993966
2.0069999999999997,896.2666147508407,False,0.39162061027247613,0.40207951418050414,2.054503614224356,3347.2446361409147,32.74253656240759
2.0069999999999997,903.0577275924793,False,0.38952322836463604,0.39519625724986024,2.041855884501079,3306.159543083475,32.42472380323139
2.0069999999999997,909.848840434118,False,0.3875588305217619,0.38860551825456013,2.0295048758311323,3266.2831702140297,32.119404673446795
2.0069999999999997,916.6399532757566,False,0.38571821023843567,0.38228811634611215,2.017439769708061,3227.563464710548,31.825830018567267
2.0069999999999997,923.4310661173952,False,0.3839929773773497,0.37622654021236646,2.0056502235627782,3189.951114668564,31.543310696778516
2.0069999999999997,930.222178959034,False,0.38237546981268794,0.37040476890217144,1.9941263511475076,3153.399395437431,31.271211600186795
2.0069999999999997,937.0132918006725,False,0.38085867630916914,0.3648081153327306,1.9828587029615041,3117.86402293334,31.008946384315227
2.0069999999999997,943.8044046423112,False,0.3794361690035021,0.35942308919104743,1.9718382469153486,3083.3030141171985,30.755972809093844
2.0069999999999997,950.5955174839498,False,0.37810204412103277,0.35423727647554654,1.961056349382427,3049.6765546765864,30.51178860950313
2.0069999999999997,957.3866303255885,False,0.3768508697784269,0.3492392333625456,1.9505047567472322,3016.9468738387045,30.275927826382986
2.0069999999999997,964.1777431672272,False,0.37567763990306524,0.34441839244386385,1.9401755775293734,2985.078126160059,30.04795753821335
2.0069999999999997,970.9688560088657,False,0.37457773344851386,0.33976497968100117,1.930061265137481,2954.0362800798607,29.827474943267962
2.0069999999999997,977.7599688505044,False,0.37354687820894256,0.3352699406698684,1.920154601287612,2923.789012983464,29.614104748753476
2.0069999999999997,984.551081692143,False,0.37258111863838583,0.3309248750173681,1.910448680105773,2894.3056124969844,29.40749682961825
2.0069999999999997,991.3421945337817,False,0.37167678716686176,0.3267219778045641,1.9009368929217638,2865.556883717421,29.207324124838625
2.0069999999999997,998.1333073754204,False,0.3708304785777688,0.3226539872569369,1.8916129137526572,2837.5150620766362,29.01328074333662
2.0069999999999997,1004.924420217059,False,0.37003902707190384,0.31871413786498604,1.8824706854668274,2810.153731535627,28.82508025537381
2.0069999999999997,1011.7155330586976,False,0.36929948569498666,0.31489611830227526,1.8735044066143134,2783.447747809883,28.64245414841461
2.0069999999999997,1018.5066459003363,False,0.36860910784925643,0.3111940335760558,1.8647085189052146,2757.3731663332505,28.465150429143783
2.0069999999999997,1025.297758741975,False,0.36796533064683884,0.30760237092048903,1.8560776953150657,2731.9071746774266,28.29293235562996
2.0069999999999997,1032.0888715836136,False,0.3673657598942936,0.3041159690064062,1.847606828794096,2707.0280291549893,28.125577285613574
2.0069999999999997,1038.8799844252521,False,0.36680815652480575,0.3007299900961616,1.8392910215562193,2682.7149953465696,27.962875628604916
2.0069999999999997,1045.6710972668907,False,0.3662904243177482,0.2974398948190558,1.8311255749227442,2658.948292304993,27.804629890959298
2.0069999999999997,1052.4622101085295,False,0.36581059876530564,0.2942414192831052,1.8231059796956213,2635.709040202454,27.650653804375025
2.0069999999999997,1059.2533229501682,False,0.3653668369630614,0.29113055427370355,1.8152279070352666,2612.9792112002074,27.500771529372727
2.0069999999999997,1066.0444357918068,False,0.36495740841633195,0.28810352631976693,1.8074871998180821,2590.7415833322993,27.354816926282147
2.0069999999999997,1072.8355486334453,False,0.36458068666690535,0.28515678043398107,1.7998798644496465,2568.9796972082636,27.212632887106714
2.0069999999999997,1079.6266614750841,False,0.36423514165603577,0.28228696435637807,1.792402063109996,2547.6778153511013,27.074070722374632
2.0069999999999997,1086.4177743167227,False,0.36391933274925,0.2794909141501217,1.7850501064083841,2526.8208839989343,26.938989597730398
2.0069999999999997,1093.2088871583614,False,0.36363190235703324,0.2767656410155556,1.7778204464256715,2506.3944972095087,26.80725601558984
2.0069999999999997,1100.0,False,0.3633715700928331,0.27410831920353357,1.770709670123438,2486.3848631172937,26.67874333767865
2.026,420.8887158361356,False,,,,,
2.026,427.67982867777425,False,,,,,
2.026,434.47094151941286,False,,,,,
2.026,441.2620543610515,False,,,,,
2.026,448.0531672026902,False,,,,,
2.026,454.8442800443288,False,,,,,
2.026,461.63539288596746,False,,,,,
2.026,468.4265057276061,False,,,,,
2.026,475.21761856924473,False,,,,,
2.026,482.0087314108834,False,,,,,
2.026,488.799844252522,False,,,,,
2.026,495.5909570941607,False,,,,,
2.026,502.38206993579934,False,,,,,
2.026,509.17318277743794,False,,,,,
2.026,515.9642956190767,False,,,,,
2.026,522.7554084607152,False,,,,,
2.026,529.5465213023539,False,,,,,
2.026,536.3376341439925,False,,,,,
2.026,543.1287469856312,False,,,,,
2.026,549.9198598272699,False,,,,,
2.026,556.7109726689084,False,,,,,
2.026,563.5020855105471,False,,,,,
2.026,570.2931983521858,False,,,,,
2.026,577.0843111938244,False,,,,,
2.026,583.8754240354631,False,,,,,
2.026,590.6665368771016,False,,,,,
2.026,597.4576497187403,False,,,,,
2.026,604.248762560379,False,,,,,
2.026,611.0398754020176,False,,,,,
2.026,617.8309882436563,False,,,,,
2.026,624.6221010852948,False,6.069967174742841,11.914547616573705,inf,inf,222.5858049607958
2.026,631.4132139269336,False,2.9044253546917482,5.575366325203668,inf,inf,149.42803848096472
2.026,638.2043267685722,False,1.9684386944187886,3.6971279258000354,inf,inf,119.66484447882871
2.026,644.9954396102108,False,1.5200403782296228,2.7946392134395466,inf,inf,102.49169687021794
2.026,651.7865524518495,False,1.257035675872335,2.263271615480477,inf,inf,90.99598163213808
2.026,658.5776652934882,False,1.084219376686405,1.912526074451573,inf,inf,82.62865169693991
2.026,665.3687781351268,False,0.9620589678471069,1.6632917248682133,inf,inf,76.20014253633802
2.026,672.1598909767654,False,0.8711882585334323,1.4768073490383347,inf,inf,71.07053408166752
2.026,678.951003818404,False,0.8010013621125212,1.3318407323687453,inf,inf,66.86084407591173
2.026,685.7421166600427,False,0.7452017043392462,1.2157831133129904,2.6813592057982487,5701.427820507404,63.330425710914156
2.026,692.5332295016814,False,0.6998146564255613,1.1206727203547369,2.6459132391877107,5551.685221396423,60.31816106271845
2.026,699.32434234332,False,0.6622072322425494,1.041233220547862,2.616379025376243,5428.438886074075,57.71158837011899
2.026,706.1154551849586,False,0.6305658282379513,0.9738286307193007,2.5880751525557986,5311.624941776148,55.42952027420076
2.026,712.9065680265974,False,0.6036003432233827,0.9158711888383965,2.56059767153016,5199.437086159458,53.411695264791796
2.026,719.6976808682359,False,0.580367901101448,0.8654685467028216,2.533849038630013,5091.375273233527,51.612328117612726
2.026,726.4887937098746,False,0.5601633265440749,0.8212045396033285,2.5078025303501006,4987.240452332545,49.99593392346395
2.026,733.2799065515132,False,0.5424486296272211,0.7819980201533168,2.4824502520262666,4886.914526878091,48.53453531147305
2.026,740.0710193931518,False,0.5268061959399222,0.747009134575912,2.4577877699158686,4790.296471513633,47.20574208593225
2.026,746.8621322347906,False,0.5129068764126596,0.7155754207247882,2.433809198549519,4697.282624558231,45.99139849500001
2.026,753.6532450764291,False,0.5004877213972091,0.6871672108878101,2.4105058364786336,4607.761692251535,44.8766099687971
2.026,760.4443579180678,False,0.4893361206752666,0.6613558586513365,2.3878660960003533,4521.614924481601,43.84902965326096
2.026,767.2354707597065,False,0.47927829704539465,0.6377906822712686,2.3658758920156897,4438.717984497668,42.89832660313411
2.026,774.026583601345,False,0.4701708198328561,0.6161819551877817,2.344519158899207,4358.943172815644,42.01578341482613
2.026,780.8176964429838,False,0.4618942520787362,0.5962881696852054,2.3237783620142842,4282.16149458135,41.193987665563256
2.026,787.6088092846223,False,0.4543483304974897,0.577906370739349,2.3036349533339395,4208.2443994772,40.42659238257325
2.026,794.399922126261,False,0.4474482632634429,0.5608647293044101,2.284069756440238,4137.065164760285,39.70812802027203
2.026,801.1910349678997,False,0.44112185431246426,0.5450167717369889,2.265063281562815,4068.4999487054133,39.03385336090453
2.026,807.9821478095383,False,0.4353072465161244,0.5302368495405204,2.246595977491691,4002.4285611448786,38.39963617191778
2.026,814.773260651177,False,0.4299511336536325,0.5164165488574943,2.2286484291492594,3938.735000865402,37.801856856023136
2.026,821.5643734928155,False,0.42500733131777385,0.5034618196412459,2.211201509649925,3877.307805885446,37.237330043063935
2.026,828.3554863344542,False,0.42043562537178397,0.4912906614643873,2.1942364949127016,3818.0402564856013,36.70324031037963
2.026,835.1465991760929,False,0.41620083700769717,0.47983124383821074,2.177735147849455,3760.830464307443,36.197089123228366
2.026,841.9377120177315,False,0.412272058293112,0.4690203686296756,2.161679778076637,3705.5813747350617,35.71665075590291
2.026,848.7288248593702,False,0.40862202298572453,0.45880220397907245,2.146053282101366,3652.2007044485777,35.25993545405711
2.026,855.5199377010088,False,0.40522658547529167,0.4491272353074861,2.1308391680556413,3600.600831554908,34.82515847589373
2.026,862.3110505426475,False,0.40206428676509964,0.4399513911286604,2.1160215683030597,3550.69865200466,34.41071393698065
2.026,869.1021633842861,False,0.39911599097977246,0.43123531054626346,2.1015852426147976,3502.41541300337,34.01515260390956
2.026,875.8932762259248,False,0.39636457937368785,0.42294372630632976,2.0875155740910474,3455.6765317099303,33.6371629526319
2.026,882.6843890675634,False,0.3937946914942302,0.41504494264605446,2.073798559577421,3410.4114055903106,33.27555494035573
2.026,889.475501909202,False,0.3913925052290983,0.4075103913396826,2.060420795976649,3366.553219265185,32.92924604437349
2.026,896.2666147508407,False,0.3891455490850112,0.4003142525864953,2.047369463572413,3324.03875148434,32.59724920379737
2.026,903.0577275924793,False,0.38704254131553234,0.3934331299333716,2.034632307252319,3282.8081849132514,32.278662365902356
2.026,909.848840434118,False,0.38507325151941196,0.38684577043750107,2.022197616330884,3242.8049206751807,31.972659391375224
2.026,916.6399532757566,False,0.383228381128814,0.38053282287549794,2.0100542035236724,3203.975399016055,31.678482115115003
2.026,923.4310661173952,False,0.3814994598445749,0.37447662808495236,1.9981913835028944,3166.268927012611,31.395433393487583
2.026,930.222178959034,False,0.3798787555885307,0.36866103655365046,1.9865989513676214,3129.637513900483,31.122870996816175
2.026,937.0132918006725,False,0.37835919595727135,0.3630712492034102,1.9752671612841108,3094.035714337301,30.86020222866887
2.026,943.8044046423112,False,0.37693429949818963,0.3576936779910887,1.96418670548929,3059.4204797172247,30.606879172214082
2.026,950.5955174839498,False,0.3755981154032899,0.3525158235007401,1.9533486938007045,3025.7510175052844,30.362394479349444
2.026,957.3866303255885,False,0.37434517044126053,0.34752616715293494,1.942744633736771,2992.9886584515352,30.12627763109262
2.026,964.1777431672272,False,0.37317042213358786,0.3427140760294877,1.9323664113196284,2961.096731466379,29.898091608356456
2.026,970.9688560088657,False,0.37206921733362075,0.3380697186195862,1.9222062726081455,2930.0404458842027,29.677429921107766
2.026,977.7599688505044,False,0.3710372554946354,0.33358399004883943,1.9122568059891492,2899.786780806321,29.463913951353533
2.026,984.551081692143,False,0.37007055601876454,0.32924844556559363,1.9025109252397616,2870.3043811922867,29.25719057165139
2.026,991.3421945337817,False,0.36916542916726935,0.3250552412369884,1.8929618533619657,2841.563460357261,29.056930006129114
2.026,998.1333073754204,False,0.3683184500868432,0.3209970809566058,1.883603107181502,2813.5357085298924,28.862823905465305
2.026,1004.924420217059,False,0.3675264355692211,0.3170671689914468,1.8744284826964732,2786.1942071280628,28.674583611085076
2.026,1011.7155330586976,False,0.36678642321419497,0.31325916740231075,1.865432041155953,2759.5133484168878,28.491938587062094
2.026,1018.5066459003363,False,0.3660956527108556,0.3095671577617268,1.8566080958454079,2733.468760224003,28.31463500098137
2.026,1025.297758741975,False,0.3654515489899792,0.3059856066702595,1.8479511995530666,2708.0372353990983,28.142434437391536
2.026,1032.0888715836136,False,0.36485170703283176,0.30250933463726637,1.8394561326899943,2683.196665719206,27.97511272950812
2.026,1038.8799844252521,False,0.36429387814944136,0.2991334879480847,1.8311178920355624,2658.9259799555007,27.81245889658784
2.026,1045.6710972668907,False,0.3637759575630849,0.2958535131874635,1.8229316800796753,2635.205085832543,27.654274175906906
2.026,1052.4622101085295,False,0.36329597315816947,0.2926651341302255,1.8148928949331617,2612.014815626068,27.500371139589767
2.026,1059.2533229501682,False,0.3628520752662725,0.2895643307456141,1.806997120778201,2589.336875160618,27.350572887674574
2.026,1066.0444357918068,False,0.36244252738026617,0.2865473200923958,1.7992401188310994,2567.153795982414,27.204712309790693
2.026,1072.8355486334453,False,0.36206569769961355,0.28361053890833593,1.791617818790629,2545.4488904973077,27.062631408689256
2.026,1079.6266614750841,False,0.361720051421314,0.2807506277206747,1.7841263107460568,2524.2062098771357,26.92418067962147
2.026,1086.4177743167227,False,0.36140414370089297,0.27796441632426533,1.7767618375199234,2503.410504550514,26.789218540220848
2.026,1093.2088871583614,False,0.36111661321646465,0.27524891049148054,1.7695207874217225,2483.0471871064087,26.657610806124424
2.026,1100.0,False,0.3608561762764544,0.27260127979326326,1.7623996873897063,2463.102297450377,26.529230208079316
2.045,420.8887158361356,False,,,,,
2.045,427.67982867777425,False,,,,,
2.045,434.47094151941286,False,,,,,
2.045,441.2620543610515,False,,,,,
2.045,448.0531672026902,False,,,,,
2.045,454.8442800443288,False,,,,,
2.045,461.63539288596746,False,,,,,
2.045,468.4265057276061,False,,,,,
2.045,475.21761856924473,False,,,,,
2.045,482.0087314108834,False,,,,,
2.045,488.799844252522,False,,,,,
2.045,495.5909570941607,False,,,,,
2.045,502.38206993579934,False,,,,,
2.045,509.17318277743794,False,,,,,
2.045,515.9642956190767,False,,,,,
2.045,522.7554084607152,False,,,,,
2.045,529.5465213023539,False,,,,,
2.045,536.3376341439925,False,,,,,
2.045,543.1287469856312,False,,,,,
2.045,549.9198598272699,False,,,,,
2.045,556.7109726689084,False,,,,,
2.045,563.5020855105471,False,,,,,
2.045,570.2931983521858,False,,,,,
2.045,577.0843111938244,False,,,,,
2.045,583.8754240354631,False,,,,,
2.045,590.6665368771016,False,,,,,
2.045,597.4576497187403,False,,,,,
2.045,604.248762560379,False,,,,,
2.045,611.0398754020176,False,,,,,
2.045,617.8309882436563,False,,,,,
2.045,624.6221010852948,False,7.928220945419563,15.619109849707524,inf,inf,255.96012204658098
2.045,631.4132139269336,False,3.2146697411799208,6.193042747524751,inf,inf,158.05405800702374
2.045,638.2043267685722,False,2.0856296181168394,3.930981456433695,inf,inf,123.75752478439315
2.045,644.9954396102108,False,1.578677583885793,2.9124158516478538,inf,inf,104.88429517540867
2.045,651.7865524518495,False,1.2907872993831324,2.331860051367029,inf,inf,92.54811164924122
2.045,658.5776652934882,False,1.1052702615979395,1.9560864656940142,inf,inf,83.69787619097282
2.045,665.3687781351268,False,0.9758321926551311,1.6925559540188195,inf,inf,76.9642326618964
2.045,672.1598909767654,False,0.8804437951153957,1.4972265332882209,inf,inf,71.62873592616762
2.045,678.951003818404,False,0.8072830180878396,1.346458023480963,inf,inf,67.2732825160907
2.045,685.7421166600427,False,0.7494359364668117,1.226421156672405,2.6832471142249315,5709.459241971741,63.6358090754878
2.045,692.5332295016814,False,0.7025885572314694,1.1284842399259563,2.6474426458058935,5558.10511297928,60.54261036720243
2.045,699.32434234332,False,0.6639093546530745,1.0469796002461418,2.6173591248057217,5432.506650201723,57.87340416694632
2.045,706.1154551849586,False,0.631462606757158,0.9780309084095766,2.5885112727543826,5313.415231444553,55.54192246078659
2.045,712.9065680265974,False,0.6038799410384413,0.9188965847793648,2.5605040647190815,5199.056945355345,53.48447968363331
2.045,719.6976808682359,False,0.5801665537854855,0.8675823873259345,2.5332450598290936,5088.94835971901,51.6529110718454
2.045,726.4887937098746,False,0.5595817951970309,0.8226026473897592,2.5067106181422094,4982.898449213835,50.01003439061028
2.045,733.2799065515132,False,0.5415628224858503,0.782827598000192,2.4808945597581276,4880.79142090669,48.52663412626564
2.045,740.0710193931518,False,0.525674224138062,0.7473826220107854,2.455793202429842,4782.524691704594,47.17939913491583
2.045,746.8621322347906,False,0.511573859367833,0.7155799192701974,2.431400733358974,4687.990487786427,45.949476846686544
2.045,753.6532450764291,False,0.4989891322109564,0.6868710377524109,2.4077080511433904,4597.071781001377,44.82143743186602
2.045,760.4443579180678,False,0.4877001609340213,0.6608131932933835,2.384702846577767,4509.6431291583185,43.782517307807275
2.045,767.2354707597065,False,0.47752761220771517,0.6370449186153759,2.362370102398853,4425.5730160241565,42.822057147391455
2.045,774.026583601345,False,0.46832375782654817,0.615268158143184,2.340692691322123,4344.726403846865,41.93107795430456
2.045,780.8176964429838,False,0.4599657998814884,0.5952349008880796,2.319651946599149,4266.9670260483545,41.10195685581132
2.045,787.6088092846223,False,0.4523508200835298,0.5767370629888029,2.2992281601729645,4192.159277400944,40.328176049040785
2.045,794.399922126261,False,0.44539190996686145,0.5595987334095469,2.2794009978966376,4120.169693083586,39.60412617871507
2.045,801.1910349678997,False,0.43901517180632366,0.5436701624248944,2.2601498356205423,4050.868059233516,38.924950741836085
2.045,807.9821478095383,False,0.4331573698448922,0.5288230520017423,2.241454025347365,3984.1282129760048,38.28642178323342
2.045,814.773260651177,False,0.4277640729801243,0.5149468302757338,2.223293102018404,3919.828589981443,37.68483971665471
2.045,821.5643734928155,False,0.4227881729217574,0.5019456780406536,2.205646941097603,3857.852571634853,37.11695193382466
2.045,828.3554863344542,False,0.41818869210646387,0.4897361357186701,2.1884958760241533,3798.088676102617,36.57988618074699
2.045,835.1465991760929,False,0.4139298173192678,0.47824516261206235,2.1718207833106002,3740.4306298026036,36.07109564099692
2.045,841.9377120177315,False,0.40998011066227785,0.46740855162698186,2.155603141798894,3684.7773487815152,35.58831337430314
2.045,848.7288248593702,False,0.40631186100554795,0.45716962565640595,2.139825071446423,3631.0328535142876,35.12951428698384
2.045,855.5199377010088,False,0.40290054756352905,0.4474781588349822,2.124469356028595,3579.1061356684245,34.69288320854901
2.045,862.3110505426475,False,0.3997243936012927,0.4382894786077855,2.109519453313423,3528.9109913231423,34.27678795102702
2.045,869.1021633842861,False,0.396763993073688,0.42956371416020583,2.0949594955740474,3480.365831872089,33.879756459238564
2.045,875.8932762259248,False,0.3940019966525485,0.42126516406675096,2.080774282738584,3433.3934812365537,33.500457339242736
2.045,882.6843890675634,False,0.39142284639893377,0.41336176162617766,2.066949270014592,3387.9209659546827,33.13768319155454
2.045,889.475501909202,False,0.3890125505033741,0.40582462068767294,2.0534705514505314,3343.8793030882985,32.790336285022285
2.045,896.2666147508407,False,0.38675849120378303,0.39862764815086005,2.040324840593461,3301.203289615698,32.4574161935439
2.045,903.0577275924793,False,0.38464926031301416,0.39174721197120566,2.0274994491577596,3259.831295984815,32.138009086358174
2.045,909.848840434118,False,0.3826745178315022,0.385161855592976,2.0149822644231286,3219.705065729445,31.83127841745538
2.045,916.6399532757566,False,0.38082486994884324,0.37885205139194555,2.0027617259223764,3180.7695224548615,31.53645680371335
2.045,923.4310661173952,False,0.37909176339969763,0.3727999870359706,1.9908268018528927,3142.972585040436,31.252838916983666
2.045,930.222178959034,False,0.37746739367062615,0.3669893797364629,1.9791669655449895,3106.264991558568,30.979775244296974
2.045,937.0132918006725,False,0.37594462498322373,0.36140531422355454,1.967772172239142,3070.6001321435233,30.71666659398711
2.045,943.8044046423112,False,0.3745169203268401,0.3560341009754678,1.9566328363604715,3035.9338908479067,30.462959244927585
2.045,950.5955174839498,False,0.3731782800976864,0.35086315180140076,1.945739809427357,3002.224496377463,30.21814065204875
2.045,957.3866303255885,False,0.371923188133391,0.34588087034321796,1.9350843586911735,2969.4323814911654,29.9817356345325
2.045,964.1777431672272,False,0.37074656412302165,0.3410765554445189,1.924658146572023,2937.520050778588,29.75330298406949
2.045,970.9688560088657,False,0.36964372153035574,0.3364403156523401,1.9144532109306682,2906.451956477616,29.532432439733714
2.045,977.7599688505044,False,0.36861033029898416,0.33196299337940555,1.904461946197368,2876.1943819639087,29.318741983708787
2.045,984.551081692143,False,0.36764238371672037,0.32763609747354355,1.8946770853633195,2846.71533252627,29.111875418552565
2.045,991.3421945337817,False,0.36673616890775496,0.3234517431236532,1.885091682829015,2817.984433035569,28.91150019212942
2.045,998.1333073754204,False,0.3658882404973137,0.31940259818493866,1.875699098095136,2789.9728321159187,28.717305440947328
2.045,1004.924420217059,False,0.36509539705769267,0.3154818351350741,1.8664929802752188,2762.653112433729,28.52900022654153
2.045,1011.7155330586976,False,0.3643546599987873,0.3116830879819631,1.8574672534046353,2735.9992067311014,28.346311942881094
2.045,1018.5066459003363,False,0.36366325461205096,0.3080004135359569,1.8486161025174654,2709.9863192445864,28.168984875612846
2.045,1025.297758741975,False,0.36301859301579575,0.30442825653780925,1.8399339604602882,2684.5908521647257,27.996778896393884
2.045,1032.0888715836136,False,0.3624182587829435,0.3009614182004352,1.8314154954112403,2659.790336810303,27.82946827765514
2.045,1038.8799844252521,False,0.36185999306067007,0.29759502777959834,1.8230555990716761,2635.563369207254,27.666840614937357
2.045,1045.6710972668907,False,0.3613416820156713,0.29432451683756417,1.8148493754979491,2611.8895497803874,27.508695845496305
2.045,1052.4622101085295,False,0.3608613454596482,0.29114559590576944,1.8067921305412278,2588.7494268835385,27.354845353219126
2.045,1059.2533229501682,False,0.36041712652753716,0.2880542332887263,1.798879361863766,2566.124443910243,27.20511115105916
2.045,1066.0444357918068,False,0.36000728229653856,0.28504663578264133,1.791106749501093,2543.996889743952,27.059325133213004
2.045,1072.8355486334453,False,0.35963017524739,0.2821192311092589,1.7834701469405023,2522.3498523221406,26.91732839014658
2.045,1079.6266614750841,False,0.35928426548096043,0.2792686518888945,1.7759655726874224,2501.167175103846,26.778970580348897
2.045,1086.4177743167227,False,0.35896810361335435,0.276491720997026,1.7685892022924963,2480.4334162444716,26.644109353369004
2.045,1093.2088871583614,False,0.3586803242815091,0.2737854381665689,1.7613373608133218,2460.133810294739,26.512609819282815
2.045,1100.0,False,0.3584196401989617,0.2711469677134914,1.7542065156862177,2440.254232253769,26.384344060258343
2.064,420.8887158361356,False,,,,,
2.064,427.67982867777425,False,,,,,
2.064,434.47094151941286,False,,,,,
2.064,441.2620543610515,False,,,,,
2.064,448.0531672026902,False,,,,,
2.064,454.8442800443288,False,,,,,
2.064,461.63539288596746,False,,,,,
2.064,468.4265057276061,False,,,,,
2.064,475.21761856924473,False,,,,,
2.064,482.0087314108834,False,,,,,
2.064,488.799844252522,False,,,,,
2.064,495.5909570941607,False,,,,,
2.064,502.38206993579934,False,,,,,
2.064,509.17318277743794,False,,,,,
2.064,515.9642956190767,False,,,,,
2.064,522.7554084607152,False,,,,,
2.064,529.5465213023539,False,,,,,
2.064,536.3376341439925,False,,,,,
2.064,543.1287469856312,False,,,,,
2.064,549.9198598272699,False,,,,,
2.064,556.7109726689084,False,,,,,
2.064,563.5020855105471,False,,,,,
2.064,570.2931983521858,False,,,,,
2.064,577.0843111938244,False,,,,,
2.064,583.8754240354631,False,,,,,
2.064,590.6665368771016,False,,,,,
2.064,597.4576497187403,False,,,,,
2.064,604.248762560379,False,,,,,
2.064,611.0398754020176,False,,,,,
2.064,617.8309882436563,False,,,,,
2.064,624.6221010852948,False,11.617801270121841,22.971484665806774,inf,inf,311.83114679107445
2.064,631.4132139269336,False,3.615590059175312,6.9903138102680815,inf,inf,168.55416216962604
2.064,638.2043267685722,False,2.2232133522683166,4.204955542906648,inf,inf,128.39740328760428
2.064,644.9954396102108,False,1.6447641865412213,3.044725381040275,inf,inf,107.51640136029214
2.064,651.7865524518495,False,1.3280326848306139,2.4071907541360256,inf,inf,94.22937119052371
2.064,658.5776652934882,False,1.1282384333880588,2.0032955869456734,inf,inf,84.84641175896864
2.064,665.3687781351268,False,0.9907810210087347,1.724018625517792,inf,inf,77.78168075322037
2.064,672.1598909767654,False,0.8904836593318711,1.519081615747408,inf,inf,72.22537282961564
2.064,678.951003818404,False,0.8141244144527211,1.3620748784845182,inf,inf,67.71493115501376
2.064,685.7421166600427,False,0.754092324505605,1.2377922055085129,2.685550772543759,5719.266977683721,63.964374047401144
2.064,692.5332295016814,False,0.7056958219148382,1.1368571505412997,2.6491255790176367,5565.173740332389,60.78612331126667
2.064,699.32434234332,False,0.6658850299996255,1.0531719942642817,2.6184766586655024,5437.146675437213,58.05136709031431
2.064,706.1154551849586,False,0.6325911714659784,0.9825987442595329,2.5890748984478122,5315.729382763201,55.668342686429035
2.064,712.9065680265974,False,0.6043612450941126,0.9222296412145244,2.560529823644551,5199.1615519410925,53.56968723665373
2.064,719.6976808682359,False,0.5801446608011736,0.8699610632976237,2.5327533255942782,5086.97289568439,51.704695391312065
2.064,726.4887937098746,False,0.5591628642627746,0.8242331344067874,2.5057246656865733,4978.979421031834,50.03438173212786
2.064,733.2799065515132,False,0.5408265800472692,0.7838644171083289,2.4794393224049966,4875.067173727323,48.52822101352154
2.064,740.0710193931518,False,0.5246815435848985,0.7479434961075822,2.453894329948115,4775.131647736593,47.161931516143696
2.064,746.8621322347906,False,0.5103718990412514,0.7157558423986254,2.429083909299355,4679.060594584424,45.915928692769185
2.064,753.6532450764291,False,0.497614897720395,0.6867332479065903,2.4049985124562356,4586.730880142617,44.77422205961685
2.064,760.4443579180678,False,0.48618302481576,0.6604180983298263,2.381625056096942,4498.009998556699,43.72361264545589
2.064,767.2354707597065,False,0.4758911281281196,0.6364376386688297,2.358947535103199,4412.75889413279,42.753098815556626
2.064,774.026583601345,False,0.4665869878934475,0.6144851141592726,2.3369477043427467,4330.834851539913,41.853429441426165
2.064,780.8176964429838,False,0.45814429984646465,0.5943057336084142,2.315605710207014,4252.0940195768335,41.01676312124064
2.064,787.6088092846223,False,0.45045738024392723,0.5756860743030029,2.2949006326135386,4176.393454508548,40.23640495608309
2.064,794.399922126261,False,0.44343711902832333,0.5584459819322158,2.2748109312431026,4103.5926958988675,39.506600868782584
2.064,801.1910349678997,False,0.43700785071431025,0.5424323053712586,2.255314803089759,4033.5549335760375,38.82237518176087
2.064,807.9821478095383,False,0.4311049089294273,0.5275139986141028,2.2363904629968228,3966.1478355405643,38.17940110929721
2.064,814.773260651177,False,0.4256726963891616,0.513578253677121,2.21801635960913,3901.2441035508295,37.57389657129352
2.064,821.5643734928155,False,0.4206631477992921,0.5005274196153509,2.200171338311909,3838.721814810902,37.00253968629754
2.064,828.3554863344542,False,0.4160344953728277,0.4882765271136216,2.1828347612808763,3778.464598644681,36.46239970318531
2.064,835.1465991760929,False,0.4117502696259461,0.4767512840249664,2.1659865932089595,3720.3616879735123,35.95088015068252
2.064,841.9377120177315,False,0.40777848471921735,0.4658864404044065,2.149607459810111,3664.307877462625,35.46567173447155
2.064,848.7288248593702,False,0.40409096974406494,0.45562444583580475,2.133678684909191,3610.203413515992,35.004713070023975
2.064,855.5199377010088,False,0.4006628163172836,0.44591433976446293,2.1181823108273234,3557.9538358168634,34.56615775887816
2.064,862.3110505426475,False,0.3974719195335195,0.43671082891600066,2.1031011058553752,3507.46978568738,34.148346634328604
2.064,869.1021633842861,False,0.3944985943613749,0.4279735159502376,2.0884185618541578,3458.666793010503,33.749784245988515
2.064,875.8932762259248,False,0.3917252533942601,0.41966625114838707,2.0741188844050034,3411.4650506621406,33.369118840519405
2.064,882.6843890675634,False,0.38913613479727777,0.4117565847920035,2.0601869774362997,3365.789183202949,33.005125241844866
2.064,889.475501909202,False,0.3867170715531029,0.4042153024161298,2.046608423849587,3321.5680148581173,32.65669014850073
2.064,896.2666147508407,False,0.38445529486840097,0.3970160286373369,2.0333694633456387,3278.734340472984,32.32279945592007
2.064,903.0577275924793,False,0.3823392659791494,0.3901348880123412,2.020456968391883,3237.2247020935315,32.00252728298217
2.064,909.848840434118,False,0.38035853167825806,0.38355021355438246,2.007858419065111,3196.9791730192524,31.695026439265835
2.064,916.6399532757566,False,0.3785035997491989,0.377242295256706,1.9955618773377262,3157.941150560821,31.399520115306203
2.064,923.4310661173952,False,0.3767658311756218,0.37119316234644756,1.9835559612437776,3120.0571582666694,31.11529461518731
2.064,930.222178959034,False,0.3751373465473076,0.36538639409440543,1.9718298192560781,3083.2766580286698,30.841692980857935
2.064,937.0132918006725,False,0.3736109445266565,0.3598069548951815,1.9603731051221176,3047.5518722115153,30.578109382079234
2.064,943.8044046423112,False,0.37218003059959337,0.35444105005277393,1.9491759533407809,3012.837615755648,30.323984166008362
2.064,950.5955174839498,False,0.3708385546277006,0.349275999293704,1.9382289554095105,2979.0911380607063,30.078799476968765
2.064,957.3866303255885,False,0.36958095595803725,0.34430012551009637,1.927523136930801,2946.271974356549,29.842075370640107
2.064,964.1777431672272,False,0.368402115044048,0.33950265662996504,1.9170499356347936,2914.3418061999764,29.613366358261548
2.064,970.9688560088657,False,0.3672973106934479,0.33487363883782395,1.906801180349901,2883.2643306911787,29.39225832591126
2.064,977.7599688505044,False,0.36626218219368206,0.33040385963889185,1.8967690709340328,2853.0051379776696,29.178365781852936
2.064,984.551081692143,False,0.3652926956774831,0.32608477948481107,1.8869461591645043,2823.5315966021776,28.97132939159066
2.064,991.3421945337817,False,0.36438511418464337,0.3219084708665374,1.8773253305734197,2794.812746248716,28.770813765887397
2.064,998.1333073754204,False,0.36353597095439366,0.31786756393728255,1.8678997872071836,2766.819197447303,28.576505471740994
2.064,1004.924420217059,False,0.3627420455486958,0.3139551978606935,1.8586630312828587,2739.5230378092397,28.388111240336684
2.064,1011.7155330586976,False,0.36200034246231744,0.3101649771910682,1.8496088497098868,2712.897744379941,28.2053563494196
2.064,1018.5066459003363,False,0.361308071922548,0.30649093268684385,1.840731299442841,2686.9181017137284,28.027983160449654
2.064,1025.297758741975,False,0.36066263262135895,0.3029274860388436,1.8320246936293134,2661.560125294533,27.855749793405245
2.064,1032.0888715836136,False,0.3600615961567744,0.29946941806306265,1.823483588516231,2636.80098994648,27.68842892424729
2.064,1038.8799844252521,False,0.35950269298921567,0.29611183996609497,1.8151027710775711,2612.6189628981933,27.52580669190192
2.064,1045.6710972668907,False,0.3589837997434285,0.2928501673412813,1.806877247326917,2588.993341185161,27.367681703215037
2.064,1052.4622101085295,False,0.3585029277079219,0.2896800965965456,1.7988022312790293,2565.9043930943753,27.21386412571071
2.064,1059.2533229501682,False,0.35805821240216995,0.2865975835518046,1.7908731345253681,2543.3333033738472,27.06417485917939
2.064,1066.0444357918068,False,0.3576479040976774,0.2835988239757168,1.7830855563899763,2521.262121948852,26.918444778162268
2.064,1072.8355486334453,False,0.3572703591926747,0.280680235859093,1.775435274633178,2499.6737159033974,26.776514038302
2.064,1079.6266614750841,False,0.3569240323520844,0.2778384432462018,1.7679182366720765,2478.5517245023952,26.638231440320215
2.064,1086.4177743167227,False,0.35660746933470283,0.2750702614659773,1.7605305512882181,2457.8805170454243,26.503453846073658
2.064,1093.2088871583614,False,0.3563193004385001,0.2723726836232153,1.7532684807943049,2437.645153357829,26.37204564174505
2.064,1100.0,False,0.35605823450279495,0.2697428682256609,1.7461284336332232,2417.8313467384583,26.243878243758914
2.083,420.8887158361356,False,,,,,
2.083,427.67982867777425,False,,,,,
2.083,434.47094151941286,False,,,,,
2.083,441.2620543610515,False,,,,,
2.083,448.0531672026902,False,,,,,
2.083,454.8442800443288,False,,,,,
2.083,461.63539288596746,False,,,,,
2.083,468.4265057276061,False,,,,,
2.083,475.21761856924473,False,,,,,
2.083,482.0087314108834,False,,,,,
2.083,488.799844252522,False,,,,,
2.083,495.5909570941607,False,,,,,
2.083,502.38206993579934,False,,,,,
2.083,509.17318277743794,False,,,,,
2.083,515.9642956190767,False,,,,,
2.083,522.7554084607152,False,,,,,
2.083,529.5465213023539,False,,,,,
2.083,536.3376341439925,False,,,,,
2.083,543.1287469856312,False,,,,,
2.083,549.9198598272699,False,,,,,
2.083,556.7109726689084,False,,,,,
2.083,563.5020855105471,False,,,,,
2.083,570.2931983521858,False,,,,,
2.083,577.0843111938244,False,,,,,
2.083,583.8754240354631,False,,,,,
2.083,590.6665368771016,False,,,,,
2.083,597.4576497187403,False,,,,,
2.083,604.248762560379,False,,,,,
2.083,611.0398754020176,False,,,,,
2.083,617.8309882436563,False,,,,,
2.083,624.6221010852948,False,22.449452386034835,44.55031926946718,inf,inf,436.34511549470085
2.083,631.4132139269336,False,4.152816951308751,8.057594167508734,inf,inf,181.68247679035002
2.083,638.2043267685722,False,2.3867058560455976,4.529924304758958,inf,inf,133.7040565892879
2.083,644.9954396102108,False,1.719647835638095,3.194212899599647,inf,inf,110.422947519427
2.083,651.7865524518495,False,1.3692330486794835,2.4901663889335355,inf,inf,96.05340412067173
2.083,658.5776652934882,False,1.1533155836656646,2.054528602898221,inf,inf,86.0805409545903
2.083,665.3687781351268,False,1.006995295306526,1.7578564447113654,inf,inf,78.65567939007511
2.083,672.1598909767654,False,0.901353125731703,1.5424628482282254,inf,inf,72.86215919026213
2.083,678.951003818404,False,0.821549152590608,1.3787397025332042,inf,inf,68.18672761307505
2.083,685.7421166600427,False,0.7591830615801081,1.2499227457287636,2.6882659403290634,5730.837505133629,64.31662027535998
2.083,692.5332295016814,False,0.7091422602630906,1.1458057382390334,2.6509630729628397,5572.896680775078,61.04893881901695
2.083,699.32434234332,False,0.6681363211465433,1.0598175693649188,2.6197332563050537,5442.366462335244,58.245554089817325
2.083,706.1154551849586,False,0.6339513012366922,0.9875349943357136,2.589767838847353,5318.575168776278,55.80875381288189
2.083,712.9065680265974,False,0.6050426003012124,0.9258705291326685,2.5606767730960405,5199.75833144718,53.667222080783446
2.083,719.6976808682359,False,0.5802996463159638,0.8726030381066645,2.5323755976109474,5085.455694059843,51.767538924966765
2.083,726.4887937098746,False,0.5589033571751718,0.8260933636623404,2.5048463335208684,4975.489467511555,50.06880209024357
2.083,733.2799065515132,False,0.540236330051893,0.7851051272327437,2.478086082969748,4869.747154170466,48.53910016978243
2.083,740.0710193931518,False,0.5238243207570892,0.7486879460519634,2.4520925734433443,4768.122001213639,47.15312814747913
2.083,746.8621322347906,False,0.5092969905013914,0.7160990867623411,2.4268600272276024,4670.496941752049,45.890532310816006
2.083,753.6532450764291,False,0.49636090261971433,0.6867495589616917,2.402378406269515,4576.742370304745,44.73473476770145
2.083,760.4443579180678,False,0.4847805286416605,0.6601661899347527,2.3786338018437063,4486.718345282137,43.67208156849045
2.083,767.2354707597065,False,0.474364621952983,0.6359644107206444,2.3556091655357796,4400.277907702001,42.69121419821244
2.083,774.026583601345,False,0.46495626844953275,0.6138283808125181,2.333285077839921,4317.270320092904,41.78259839968524
2.083,780.8176964429838,False,0.45642550603240895,0.593496240570226,2.3116404429148734,4237.543828190778,40.93816583544739
2.083,787.6088092846223,False,0.4486637707899289,0.5747490105054907,2.2906530759239803,4160.947860914741,40.15103800713064
2.083,794.399922126261,False,0.4415796630949386,0.557402126161498,2.270300181194709,4087.334704021041,39.41531102934976
2.083,801.1910349678997,False,0.43509568143479715,0.5412989057168023,2.2505587317018794,4016.560722890643,38.725886031678016
2.083,807.9821478095383,False,0.4291456752699158,0.5263054539006614,2.231405764150841,3948.4872167045273,38.07833419360974
2.083,814.773260651177,False,0.4236728386969867,0.5123066464384863,2.2128186040567703,3882.980979872787,37.468788363837284
2.083,821.5643734928155,False,0.4186281154682128,0.49920293657736575,2.1947750338680754,3819.9146357894497,36.8938552977559
2.083,828.3554863344542,False,0.41396892016992304,0.4869077935985096,2.177253415365124,3759.166796600513,36.35054403947518
2.083,835.1465991760929,False,0.4096581047443452,0.4753456318845588,2.1602327757251407,3700.62209224257,35.83620705766497
2.083,841.9377120177315,False,0.40566311711081726,0.46445012418661025,2.1436928649671865,3644.171103056392,35.34849153985751
2.083,848.7288248593702,False,0.40195531145594676,0.45416281831583943,2.127614191039876,3589.710222861012,34.88529884019043
2.083,855.5199377010088,False,0.3985093792071171,0.44443199534234856,2.1119780375947514,3537.1414733573633,34.44475051830326
2.083,862.3110505426475,False,0.39530287673605236,0.43521172142670683,2.0967664684814733,3486.372285920165,34.025159742249095
2.083,869.1021633842861,False,0.39231583112512214,0.42646105596656714,2.0819623221795736,3437.3152630284762,33.62500708426681
2.083,875.8932762259248,False,0.389530409337511,0.41814338674751167,2.0675491987161148,3389.887928590859,33.24291993539495
2.083,882.6843890675634,False,0.38693063919753967,0.41022586891080554,2.053511441083182,3344.01247408269,32.87765491791848
2.083,889.475501909202,False,0.3845021729496769,0.4026789492707846,2.039834112739131,3299.615505593366,32.52808279427392
2.083,896.2666147508407,False,0.38223208599886643,0.39547596117991796,2.0265029724343164,3256.627795475293,32.19317546522921
2.083,903.0577275924793,False,0.38010870486867515,0.38859277800567715,2.013504447327331,3214.984041201333,31.871994724794003
2.083,909.848840434118,False,0.37812145954230675,0.3820075155394868,2.0008256051398807,3174.6226332086335,31.56368249883598
2.083,916.6399532757566,False,0.3762607562452611,0.37570027544511775,1.988454125924651,3135.485432874093,31.267452342117732
2.083,923.4310661173952,False,0.3745178674403985,0.36965292327784616,1.9763782738831184,3097.517561289892,30.98258200696926
2.083,930.222178959034,False,0.37288483637663444,0.36384889574684204,1.9645868695611992,3060.667199149549,30.708406928033018
2.083,937.0132918006725,False,0.3713543939919524,0.3582730328125721,1.9530692626647785,3024.8853977908593,30.44431449295656
2.083,943.8044046423112,False,0.3699198863434511,0.3529114309555095,1.9418153056693883,2990.125901249076,30.18973898974162
2.083,950.5955174839498,False,0.36857521103976265,0.3477513145582445,1.9308153283453313,2956.3449790366644,29.944157138591084
2.083,957.3866303255885,False,0.3673147613985919,0.34278092283842865,1.920060113278077,2923.5012692708465,29.707084130254135
2.083,964.1777431672272,False,0.3661333772552145,0.3379894101767258,1.9095408724314902,2891.5556317072733,29.478070104613177
2.083,970.9688560088657,False,0.3650263015152209,0.3333667580193936,1.8992492247767994,2860.4710102004283,29.25669701303809
2.083,977.7599688505044,False,0.3639891416834696,0.32890369681294823,1.8891771749911197,2830.2123040912343,29.042575816214363
2.083,984.551081692143,False,0.36301783571641383,0.3245916366592907,1.8793170932151486,2800.746248016583,28.835343976014343
2.083,991.3421945337817,False,0.3621086216410972,0.3204226055723902,1.869661695848849,2772.041299638994,28.63466320576109
2.083,998.1333073754204,False,0.3612580104646138,0.31638919437904056,1.8602040273563605,2744.067534806262,28.440217448119935
2.083,1004.924420217059,False,0.360462761965448,0.31248450744184564,1.8509374430458507,2716.796549666959,28.251711053992963
2.083,1011.7155330586976,False,0.35971986301509845,0.30870211849695683,1.8418555927862679,2690.201369287036,28.06886713931274
2.083,1018.5066459003363,False,0.359026508126612,0.3050360309958497,1.8329524056207775,2664.256362334782,27.891426099635282
2.083,1025.297758741975,False,0.35838008196752974,0.3014806424225166,1.8242220752353886,2638.9371614241127,27.719144265000814
2.083,1032.0888715836136,False,0.35777814360957094,0.2980307121273525,1.815659046240993,2614.2205887297973,27.55179267973684
2.083,1038.8799844252521,False,0.35721841231701407,0.29468133227859916,1.8072580012271067,2590.084586511002,27.38915599376983
2.083,1045.6710972668907,False,0.35669875470118523,0.29142790158330995,1.7990138485465583,2566.5081522031305,27.231031453650314
2.083,1052.4622101085295,False,0.35621717309022904,0.2882661014735706,1.7909217107912492,2543.471277759564,27.077227982907097
2.083,1059.2533229501682,False,0.355771794982072,0.2851918744914047,1.782976913920464,2520.95489294635,26.92756534257111
2.083,1066.0444357918068,False,0.35536086346467977,0.2822014046383187,1.7751749770048275,2498.940812313576,26.78187336377439
2.083,1072.8355486334453,False,0.35498272850164686,0.2792910994835359,1.7675116025503623,2477.411685585774,26.639991245254567
2.083,1079.6266614750841,False,0.3546358389932815,0.27645757384934,1.7599826673689303,2456.350951232321,26.501766909404143
2.083,1086.4177743167227,False,0.3543187355338394,0.273697634913105,1.7525842139629797,2435.742792995785,26.36705641120957
2.083,1093.2088871583614,False,0.35403004379473174,0.271008268584026,1.7453124423941135,2415.572099171874,26.23572339504573
2.083,1100.0,False,0.353768468471479,0.268386627028622,1.7381637026067804,2395.8244244499597,26.10763859483326
2.102,420.8887158361356,False,,,,,
2.102,427.67982867777425,False,,,,,
2.102,434.47094151941286,False,,,,,
2.102,441.2620543610515,False,,,,,
2.102,448.0531672026902,False,,,,,
2.102,454.8442800443288,False,,,,,
2.102,461.63539288596746,False,,,,,
2.102,468.4265057276061,False,,,,,
2.102,475.21761856924473,False,,,,,
2.102,482.0087314108834,False,,,,,
2.102,488.799844252522,False,,,,,
2.102,495.5909570941607,False,,,,,
2.102,502.38206993579934,False,,,,,
2.102,509.17318277743794,False,,,,,
2.102,515.9642956190767,False,,,,,
2.102,522.7554084607152,False,,,,,
2.102,529.5465213023539,False,,,,,
2.102,536.3376341439925,False,,,,,
2.102,543.1287469856312,False,,,,,
2.102,549.9198598272699,False,,,,,
2.102,556.7109726689084,False,,,,,
2.102,563.5020855105471,False,,,,,
2.102,570.2931983521858,False,,,,,
2.102,577.0843111938244,False,,,,,
2.102,583.8754240354631,False,,,,,
2.102,590.6665368771016,False,,,,,
2.102,597.4576497187403,False,,,,,
2.102,604.248762560379,False,,,,,
2.102,611.0398754020176,False,,,,,
2.102,617.8309882436563,False,,,,,
2.102,624.6221010852948,False,663.3294876643072,1321.1428311498632,inf,inf,2388.1540581173685
2.102,631.4132139269336,False,4.908866764792053,9.558382079972949,inf,inf,198.7037276771956
2.102,638.2043267685722,False,2.583835317005038,4.921121274185914,inf,inf,139.83811326841104
2.102,644.9954396102108,False,1.8050340895531733,3.3642247796102707,inf,inf,113.64689763630972
2.102,651.7865524518495,False,1.4149415198378263,2.5818685594890622,inf,inf,98.03623693960984
2.102,658.5776652934882,False,1.1807244337486795,2.110220609051982,inf,inf,87.40745219133444
2.102,665.3687781351268,False,1.0245774839906645,1.794270238145983,inf,inf,79.58982984147575
2.102,672.1598909767654,False,0.913103392591346,1.5674716214761781,inf,inf,73.54101979524548
2.102,678.951003818404,False,0.8295839652563215,1.3965066549812974,inf,inf,68.6897305161314
2.102,685.7421166600427,False,0.7647221831354086,1.2628425422810776,2.691545392867613,5744.828288454071,64.6931241952203
2.102,692.5332295016814,False,0.7129348786275914,1.155346333096594,2.652956547014574,5581.281257744933,61.33134904988813
2.102,699.32434234332,False,0.6706661413746731,1.0669248766816273,2.6211306418779183,5448.174009850414,58.45608201957949
2.102,706.1154551849586,False,0.6355434287199284,0.9928435253966156,2.5905919333998955,5321.960573537716,55.96316066007108
2.102,712.9065680265974,False,0.6059228877438307,0.9298202071417987,2.560946740734571,5200.854791953819,53.777015374136774
2.102,719.6976808682359,False,0.5806293969505109,0.8755074231099516,2.532113623739629,5084.403569243936,51.84132330115492
2.102,726.4887937098746,False,0.5588005115372494,0.828181254407286,2.5040772559608455,4972.434629530977,50.11314321148661
2.102,733.2799065515132,False,0.5397888814410337,0.786546871631018,2.4768363481842433,4864.836624342589,48.55909587390817
2.102,740.0710193931518,False,0.523099079910162,0.74961260974388,2.4503893092059674,4761.50026828871,47.152796927138596
2.102,746.8621322347906,False,0.5083454693163647,0.7166059644635054,2.4247303362113297,4662.303349293651,45.87308413441816
2.102,753.6532450764291,False,0.49522335889630126,0.6869160783409497,2.399848860656526,4567.109430210662,44.70276399169504
2.102,760.4443579180678,False,0.48348880559791857,0.6600534536523391,2.375730098306019,4475.770760216569,43.62770699369592
2.102,767.2354707597065,False,0.47294417921320964,0.6356211556294201,2.3523559021369214,4388.132108581996,42.63618248780415
2.102,774.026583601345,False,0.4634276592168506,0.6132938540707616,2.32970562130184,4304.034365217817,41.71836160911378
2.102,780.8176964429838,False,0.45480546776115255,0.5928023206498882,2.307756861636716,4223.317548246408,40.865940333110096
2.102,787.6088092846223,False,0.446966041536679,0.5739217928041894,2.2864861200077766,4145.823164679849,40.07184980893358
2.102,794.399922126261,False,0.4398156001660883,0.5564631231465034,2.265869295399942,4071.395983212587,39.330031073909005
2.102,801.1910349678997,False,0.4332747355484505,0.540265965647787,2.2458820908592174,3999.885312331213,38.635257911337256
2.102,807.9821478095383,False,0.42727575776879395,0.5251934714551634,2.2265003233154643,3931.145879137384,37.982996160833395
2.102,814.773260651177,False,0.42176060866392723,0.5111281176457516,2.207700157758181,3865.0383943730385,37.36929094664716
2.102,821.5643734928155,False,0.4166792062027468,0.4979683960039124,2.189458280372276,3801.4298757055294,36.790675513575685
2.102,828.3554863344542,False,0.41198811929638846,0.4856261615878919,2.1717520230290455,3740.1937879841385,36.24409694952148
2.102,835.1465991760929,False,0.40764949853383814,0.4740244924501503,2.1545594493889384,3681.210047305665,35.726855224339964
2.102,841.9377120177315,False,0.40363020694520024,0.4630959489764728,2.137859410970281,3624.3649257133793,35.23655281749402
2.102,848.7288248593702,False,0.3999011084310127,0.4527811483026805,2.121631579918325,3569.5508851648615,34.77105283137678
2.102,855.5199377010088,False,0.3964364814517651,0.4430275891241282,2.105856463862113,3516.6663628266742,34.32844395438757
2.102,862.3110505426475,False,0.39321353296988104,0.43378867697023876,2.0905154071456793,3465.615524542021,33.907010990890456
2.102,869.1021633842861,False,0.39021199318656524,0.4250229110888939,2.0755905818276963,3416.307999219455,33.505209944335746
2.102,875.8932762259248,False,0.3874137758172966,0.4166932024685513,2.061064971126211,3368.6586036933095,33.12164684675985
2.102,882.6843890675634,False,0.38480269185716554,0.4087662989266673,2.046922347410595,3322.587065123954,32.75505968824511
2.102,889.475501909202,False,0.38236420725510484,0.4012122981187846,2.0331472463843125,3278.0177460879136,32.404302925110365
2.102,896.2666147508407,False,0.3800852368294039,0.39400423314217514,2.0197249387377494,3234.8793760348553,32.06833414403745
2.102,903.0577275924793,False,0.37795396825060623,0.38711771839038855,2.00664140026059,3193.1047916602965,31.746202537232307
2.102,909.848840434118,False,0.3759597110919804,0.38053064565971234,1.9938832811739895,3152.6306878860546,31.437038905759703
2.102,916.6399532757566,False,0.37409276687634296,0.3742229223633598,1.9814378752614754,3113.3973804931843,31.14004695788613
2.102,923.4310661173952,False,0.3723443167869258,0.36817624518542935,1.969293089234285,3075.3485809668455,30.854495709303666
2.102,930.222178959034,False,0.3707063243013591,0.36237390368834865,1.9574374126542688,3038.431183753476,30.57971282453951
2.102,937.0132918006725,False,0.36917145048357347,0.3568006093384254,1.945859888649085,3002.595065868113,30.31507876525134
2.102,943.8044046423112,False,0.36773298005329175,0.3514423461834625,1.9345500855850335,2967.7928986007487,30.06002163270632
2.102,950.5955174839498,False,0.3663847566655287,0.3462862400418017,1.9234980698091686,2933.9799709396875,29.81401260948787
2.102,957.3866303255885,False,0.3651211260879271,0.3413204435729811,1.912694379530356,2901.1140242408746,29.576561920122153
2.102,964.1777431672272,False,0.3639368861732711,0.3365340350193452,1.9021299998767787,2869.155097616566,29.347215242459484
2.102,970.9688560088657,False,0.3628272426971135,0.33191692875331347,1.8917963391428352,2838.065383485545,29.125550511751193
2.102,977.7599688505044,False,0.3617877702732314,0.3274597960507932,1.881685206219784,2807.8090927141043,28.911175067805214
2.102,984.551081692143,False,0.3608143776781767,0.3231539947486007,1.871788789190545,2778.352328777051,28.703723102682904
2.102,991.3421945337817,False,0.3599032770150611,0.31899150664172865,1.8620996350591015,2749.6629703784765,28.502853372358945
2.102,998.1333073754204,False,0.35905095622938143,0.3149648816419332,1.852610630577632,2721.710561988415,28.308247140794936
2.102,1004.924420217059,False,0.35825415455914716,0.3110671878582634,1.8433149841296415,2694.466211773052,28.11960632914122
2.102,1011.7155330586976,False,0.35750984056005075,0.3072919668773846,1.8342062086243345,2667.902496420761,27.936651846402494
2.102,1018.5066459003363,False,0.3568151923958486,0.3036331936206457,1.8252781053554925,2641.993372391627,27.759122080989904
2.102,1025.297758741975,False,0.35616758012603206,0.30008524023890065,1.816524748777667,2616.7140931456474,27.586771535222493
2.102,1032.0888715836136,False,0.3555645497585085,0.2966428435775803,1.8079404721525127,2592.0411319314767,27.419369587103887
2.102,1038.8799844252521,False,0.35500380886537025,0.29330107580547005,1.7995198540186752,2567.9521097437755,27.2566993656436
2.102,1045.6710972668907,False,0.35448321358585305,0.2900553178528491,1.7912577054399856,2544.4257280835764,27.098556727671657
2.102,1052.4622101085295,False,0.3540007568628227,0.2869012353493474,1.7831490579880263,2521.4417061804593,26.94474932554076
2.102,1059.2533229501682,False,0.35355455777832023,0.2838347567903902,1.7751891524168504,2498.980722359097,26.795095756367658
2.102,1066.0444357918068,False,0.35314285187018035,0.2808520536942492,1.7673734279894382,2477.024359255123,26.649424784553204
2.102,1072.8355486334453,False,0.3527639823260022,0.27794952254039573,1.7596975124174088,2455.555052606501,26.50757463026897
2.102,1079.6266614750841,False,0.3524163919631119,0.27512376830469004,1.752157212377325,2434.556043366132,26.369392317425447
2.102,1086.4177743167227,False,0.35209861591386166,0.27237158942849715,1.7447485045689717,2414.0113329002806,26.23473307535899
2.102,1093.2088871583614,False,0.35180927494494835,0.26968996407759244,1.7374675272828675,2393.9056410546727,26.103459789107923
2.102,1100.0,False,0.3515470693475471,0.26707603756307374,1.7303105724459644,2374.224366885784,25.975442493703163
2.121,420.8887158361356,False,,,,,
2.121,427.67982867777425,False,,,,,
2.121,434.47094151941286,False,,,,,
2.121,441.2620543610515,False,,,,,
2.121,448.0531672026902,False,,,,,
2.121,454.8442800443288,False,,,,,
2.121,461.63539288596746,False,,,,,
2.121,468.4265057276061,False,,,,,
2.121,475.21761856924473,False,,,,,
2.121,482.0087314108834,False,,,,,
2.121,488.799844252522,False,,,,,
2.121,495.5909570941607,False,,,,,
2.121,502.38206993579934,False,,,,,
2.121,509.17318277743794,False,,,,,
2.121,515.9642956190767,False,,,,,
2.121,522.7554084607152,False,,,,,
2.121,529.5465213023539,False,,,,,
2.121,536.3376341439925,False,,,,,
2.121,543.1287469856312,False,,,,,
2.121,549.9198598272699,False,,,,,
2.121,556.7109726689084,False,,,,,
2.121,563.5020855105471,False,,,,,
2.121,570.2931983521858,False,,,,,
2.121,577.0843111938244,False,,,,,
2.121,583.8754240354631,False,,,,,
2.121,590.6665368771016,False,,,,,
2.121,597.4576497187403,False,,,,,
2.121,604.248762560379,False,,,,,
2.121,611.0398754020176,False,,,,,
2.121,617.8309882436563,False,,,,,
2.121,624.6221010852948,False,,,,,
2.121,631.4132139269336,False,6.0498411908102,11.821788192791072,inf,inf,221.94533758617865
2.121,638.2043267685722,False,2.8257723885228048,5.400563843792651,inf,inf,147.02127266701248
2.121,644.9954396102108,False,1.9031125984369721,3.559056004289191,inf,inf,117.24174736993076
2.121,651.7865524518495,False,1.4658265949998488,2.6836035476889286,inf,inf,100.19681556703623
2.121,658.5776652934882,False,1.2107248391788534,2.170878484069446,inf,inf,88.83539618278289
2.121,665.3687781351268,False,1.043644647984862,1.8334887626948404,inf,inf,80.5881972387027
2.121,672.1598909767654,False,0.9257923101853525,1.5942218792374983,inf,inf,74.26411175920053
2.121,678.951003818404,False,0.8382590097570192,1.4154362259287492,inf,inf,69.22512878446665
2.121,685.7421166600427,False,0.7707256878206012,1.2765848856881263,inf,inf,65.09454294373568
2.121,692.5332295016814,False,0.7170819260466353,1.1654974133177083,2.655107753640846,5590.336330356439,61.63370082761198
2.121,699.32434234332,False,0.673478265691903,1.0745038898490398,2.6226706153509904,5454.577741116463,58.68310784119525
2.121,706.1154551849586,False,0.637368634548067,0.9985292208197639,2.5915490441628664,5325.893764736563,56.13159957301053
2.121,712.9065680265974,False,0.6070015101443076,0.9340804110769774,2.5613415546762885,5202.458517817524,53.899024500563065
2.121,719.6976808682359,False,0.5811322426762789,0.8786739587015848,2.531969138393481,5083.823341845303,51.92595296342218
2.121,726.4887937098746,False,0.5588519576228582,0.8304952589485959,2.503419043128046,4969.82090016497,50.1672733774996
2.121,733.2799065515132,False,0.5394814016339388,0.7881872617115085,2.4756915915879922,4860.3407545586,48.588051360138614
2.121,740.0710193931518,False,0.5225026797805153,0.7507145474888748,2.4487858726328366,4755.270837150754,47.160763576413196
2.121,746.8621322347906,False,0.5075139880486448,0.7172731764678131,2.4226960378363613,4654.483479735783,45.8633975818405
2.121,753.6532450764291,False,0.4941987823286675,0.6872292768009445,2.39741095061456,4557.835057369191,44.67811451148224
2.121,760.4443579180678,False,0.48230428235746975,0.6600762182444639,2.3729149021963862,4465.169634309704,43.590287678453976
2.121,767.2354707597065,False,0.4716261706378323,0.6354041211183085,2.3491885916718425,4376.323334302346,42.58779831009329
2.121,774.026583601345,False,0.46199749826585135,0.6128777430992833,2.3262100793509677,4291.128317630582,41.66051094530487
2.121,780.8176964429838,False,0.4532805069065842,0.5922201742224877,2.3039556158555903,4209.416043602463,40.7998767578787
2.121,787.6088092846223,False,0.4453605098454602,0.5732006336867671,2.2824003253218454,4131.019796573469,39.99862952904756
2.121,794.399922126261,False,0.4381412513886401,0.5556252121370433,2.2615187505274035,4055.776559462849,39.250549758012625
2.121,801.1910349678997,False,0.43154134386194964,0.5393297613709387,2.2412852778744985,3983.528346770868,38.55027958675934
2.121,807.9821478095383,False,0.42549150101609123,0.5241743714359922,2.221674462169989,3914.1231064107606,37.893176104359625
2.121,814.773260651177,False,0.4199323675131589,0.5100390360894828,2.2026612698747283,3847.4152860126665,37.275193978035105
2.121,821.5643734928155,False,0.414812799776765,0.4968202183160259,2.184221257076652,3783.266143109117,36.692790734450824
2.121,828.3554863344542,False,0.41008849230909455,0.4844281049046419,2.1663306958094495,3721.543863177109,36.14284970807244
2.121,835.1465991760929,False,0.40572087106143284,0.4727843938215684,2.1489666598819115,3662.1235361025756,35.622616896090236
2.121,841.9377120177315,False,0.4016761951539655,0.4618204973717787,2.1321070792417203,3604.8870304996226,35.129648852965694
2.121,848.7288248593702,False,0.3979248225451931,0.45147607263723966,2.115730770098087,3549.722796313281,34.66176941805927
2.121,855.5199377010088,False,0.3944406057495227,0.4416978115953119,2.0998174465475223,3496.5256189720335,34.21703356301034
2.121,862.3110505426475,False,0.39120039148663616,0.4324384388328141,2.0843477182461645,3445.196342723246,33.793697017486316
2.121,869.1021633842861,False,0.38818360397560375,0.42365587638828167,2.0693030777059893,3395.6415763885475,33.39019061497394
2.121,875.8932762259248,False,0.3853718959916704,0.4153125440345919,2.0546658800199666,3347.7733913683105,33.00509851754981
2.121,882.6843890675634,False,0.3827488551605964,0.4073747700061183,2.0404193172064735,3301.5090190959922,32.63713964665503
2.121,889.475501909202,False,0.3802997555444927,0.3998122923166462,2.026547388875283,3256.7705531256643,32.28515177793526
2.121,896.2666147508407,False,0.37801134656948787,0.39259783479537586,2.013034870531366,3213.4846594960595,31.94807786108093
2.121,903.0577275924793,False,0.37587167290205015,0.3857067450727223,1.9998672805276447,3171.582297844455,31.624954206909603
2.121,909.848840434118,False,0.3738699201024496,0.3791166841847229,1.9870308464372954,3130.9984548605507,31.3149002485991
2.121,916.6399532757566,False,0.3719962818489626,0.3728073593905055,1.9745124714270514,3091.671891009338,31.017109635726282
2.121,923.4310661173952,False,0.3702418452934488,0.36676029332800014,1.9622997010644678,3053.5449009612666,30.730842461407242
2.121,930.222178959034,False,0.368598491722014,0.3609586238568769,1.9503806908756267,3016.5630878078023,30.45541845652039
2.121,937.0132918006725,False,0.3670588101873033,0.3553869299216223,1.9387441748791991,2980.675150881761,30.19021101239431
2.121,943.8044046423112,False,0.3656160221770744,0.3500310795627051,1.927379435251984,2945.832686818384,29.934641915727802
2.121,950.5955174839498,False,0.364263915707053,0.3448780968496126,1.9162762732265328,2911.9900033687504,29.688176697895724
2.121,957.3866303255885,False,0.3629967874897373,0.33991604503640127,1.9054249812793695,2879.1039453961066,29.450320515947904
2.121,964.1777431672272,False,0.3618093920470671,0.3351339236724732,1.8948163166361647,2847.133732437569,29.220614495169055
2.121,970.9688560088657,False,0.3606968968127147,0.33052157775686136,1.8844414760960697,2816.0408071904894,28.998632473502862
2.121,977.7599688505044,False,0.3596548424168629,0.326069617318389,1.8742920721591527,2785.7886942767354,28.78397809686211
2.121,984.551081692143,False,0.3586791074683324,0.3217693460480999,1.8643601104277658,2756.3428686460743,28.57628222164751
2.121,991.3421945337817,False,0.3577658772506009,0.3176126978137352,1.8546379682429688,2727.670632995804,28.37520058694089
2.121,998.1333073754204,False,0.35691161583320824,0.313592180056071,1.8451183745107727,2699.741003607247,28.18041172401821
2.121,1004.924420217059,False,0.35611304117137793,0.3097008232096828,1.8357943906685519,2672.5246040262323,27.991615075217087
2.121,1011.7155330586976,False,0.3553671028266787,0.30593213541086545,1.8266593927395203,2645.993566044352,27.808529297917772
2.121,1018.5066459003363,False,0.3546709619922741,0.30228006185699197,1.817707054422035,2620.121437468446,27.6308907325714
2.121,1025.297758741975,False,0.3540219735492353,0.2987389482676359,1.8089313311602486,2594.8830961965364,27.458452016420807
2.121,1032.0888715836136,False,0.35341766991690926,0.29530350797093824,1.8003264451433898,2570.254670149484,27.290980826883068
2.121,1038.8799844252521,False,0.35285574649142815,0.29196879220105443,1.7918868711819786,2546.213462637071,27.12825874055839
2.121,1045.6710972668907,False,0.35233404849303895,0.2887301632458418,1.783607323411089,2522.7378827666867,26.970080195550473
2.121,1052.4622101085295,False,0.351850559065726,0.28558327012965695,1.7754827427723832,2499.807380529521,26.816251546268646
2.121,1059.2533229501682,False,0.3514033884921467,0.2825240265554014,1.7675082852288946,2477.4023862258773,26.666590201166283
2.121,1066.0444357918068,False,0.35099076440380095,0.27954859086382916,1.759679310668599,2455.504253915495,26.520923834987716
2.121,1072.8355486334453,False,0.3506110228808883,0.2766533477973578,1.751991372455061,2434.0952086019656,26.379089668064932
2.121,1079.6266614750841,False,0.3502626003489253,0.2738348918809497,1.7444402075856011,2413.158296881749,26.240933806051665
2.121,1086.4177743167227,False,0.349944026190126,0.2710900122546078,1.7370217274197073,2392.6773408086424,26.106310634221835
2.121,1093.2088871583614,False,0.3496539159970631,0.2684156788111425,1.729732008942467,2372.636894743026,25.975082261106056
2.121,1100.0,False,0.34939096540439424,0.2658090295095223,1.7225672865299293,2353.0222049727195,25.847118006806937
2.1399999999999997,420.8887158361356,False,,,,,
2.1399999999999997,427.67982867777425,False,,,,,
2.1399999999999997,434.47094151941286,False,,,,,
2.1399999999999997,441.2620543610515,False,,,,,
2.1399999999999997,448.0531672026902,False,,,,,
2.1399999999999997,454.8442800443288,False,,,,,
2.1399999999999997,461.63539288596746,False,,,,,
2.1399999999999997,468.4265057276061,False,,,,,
2.1399999999999997,475.21761856924473,False,,,,,
2.1399999999999997,482.0087314108834,False,,,,,
2.1399999999999997,488.799844252522,False,,,,,
2.1399999999999997,495.5909570941607,False,,,,,
2.1399999999999997,502.38206993579934,False,,,,,
2.1399999999999997,509.17318277743794,False,,,,,
2.1399999999999997,515.9642956190767,False,,,,,
2.1399999999999997,522.7554084607152,False,,,,,
2.1399999999999997,529.5465213023539,False,,,,,
2.1399999999999997,536.3376341439925,False,,,,,
2.1399999999999997,543.1287469856312,False,,,,,
2.1399999999999997,549.9198598272699,False,,,,,
2.1399999999999997,556.7109726689084,False,,,,,
2.1399999999999997,563.5020855105471,False,,,,,
2.1399999999999997,570.2931983521858,False,,,,,
2.1399999999999997,577.0843111938244,False,,,,,
2.1399999999999997,583.8754240354631,False,,,,,
2.1399999999999997,590.6665368771016,False,,,,,
2.1399999999999997,597.4576497187403,False,,,,,
2.1399999999999997,604.248762560379,False,,,,,
2.1399999999999997,611.0398754020176,False,,,,,
2.1399999999999997,617.8309882436563,False,,,,,
2.1399999999999997,624.6221010852948,False,,,,,
2.1399999999999997,631.4132139269336,False,7.967135589120095,15.623310636251126,inf,inf,256.3137468409864
2.1399999999999997,638.2043267685722,False,3.129284453366912,6.0012986898268705,inf,inf,155.56972850524497
2.1399999999999997,644.9954396102108,False,2.0167408457523837,3.784310317146539,inf,inf,121.27505081591477
2.1399999999999997,651.7865524518495,False,1.5227032317049252,2.796962939318589,inf,inf,102.55770046398509
2.1399999999999997,658.5776652934882,False,1.2436214384551254,2.2370957339273354,inf,inf,90.37387846466831
2.1399999999999997,665.3687781351268,False,1.0643308172769996,1.8757733036673476,inf,inf,81.65537635777291
2.1399999999999997,672.1598909767654,False,0.939485241781484,1.6228417850948627,inf,inf,75.03385022601488
2.1399999999999997,678.951003818404,False,0.8476082115545645,1.4355959072314135,inf,inf,69.7942524822996
2.1399999999999997,685.7421166600427,False,0.7772116805812186,1.291186879044726,inf,inf,65.5216190220987
2.1399999999999997,692.5332295016814,False,0.7215929517434652,1.1762797291422828,2.657418752950615,5600.07219575081,61.95639748727236
2.1399999999999997,699.32434234332,False,0.6765773489501963,1.0825660542901996,2.6243550388026757,5461.5864513020715,58.926829096726166
2.1399999999999997,706.1154551849586,False,0.6394286462561205,1.0045979937385654,2.5926410502688597,5330.3830749847775,56.31413818759511
2.1399999999999997,712.9065680265974,False,0.6082783810168286,0.9386536488789669,2.5618630421347377,5204.577167748781,54.033232456457895
2.1399999999999997,719.6976808682359,False,0.5818069408567548,0.8821029997266322,2.5319438635065414,5083.72184580658,52.021354348468165
2.1399999999999997,726.4887937098746,False,0.5590556997111918,0.8330343431212612,2.502873283308331,4967.654237005414,50.23108046620465
2.1399999999999997,733.2799065515132,False,0.5393113964462699,0.79002435497786,2.474653256770022,4856.2646388302555,48.62582781411028
2.1399999999999997,740.0710193931518,False,0.5220322928017127,0.7519912187431411,2.4472835620669815,4749.437985580397,47.17687060038763
2.1399999999999997,746.8621322347906,False,0.5067994951728773,0.718097788896332,2.4207582904745832,4647.040857120772,45.86130199910179
2.1399999999999997,753.6532450764291,False,0.4932839713377297,0.6876859646956178,2.395065702660406,4548.922088148849,44.66060638735247
2.1399999999999997,760.4443579180678,False,0.48122365799862854,0.660231132170014,2.370189117311879,4454.917179514045,43.55963715635251
2.1399999999999997,767.2354707597065,False,0.4704072312168083,0.635309858607077,2.3461080243133843,4364.853229723825,42.54587066327188
2.1399999999999997,774.026583601345,False,0.4606623812651473,0.612576547520577,2.322799137021181,4278.553305319325,41.60885232446931
2.1399999999999997,780.8176964429838,False,0.45184719735387935,0.5917462808870725,2.300237293073852,4195.839968424787,40.73977901485004
2.1399999999999997,787.6088092846223,False,0.4438437403023722,0.5725820151264253,2.278396188482861,4116.537973346588,39.93117985658042
2.1399999999999997,794.399922126261,False,0.4365531809574531,0.5548848932713677,2.257248958013793,4040.4762426651296,39.176669148746065
2.1399999999999997,801.1910349678997,False,0.4298920765281237,0.5384868222764102,2.236768623847318,3967.4892548238595,38.47075294863749
2.1399999999999997,807.9821478095383,False,0.4237894856242288,0.5232447201928014,2.216928435559658,3897.417967307022,37.808676073673496
2.1399999999999997,814.773260651177,False,0.4181847094735798,0.5090360103409103,2.1977021224295257,3830.1103818267375,37.18629991851741
2.1399999999999997,821.5643734928155,False,0.4130255062073496,0.4957550577883919,2.179064076069884,3765.421838678805,36.60000402139785
2.1399999999999997,828.3554863344542,False,0.4082666664595455,0.48331032570736343,2.1609894783006367,3703.2151097631536,36.04660611828877
2.1399999999999997,835.1465991760929,False,0.40386886772316355,0.4716220872680403,2.143454386381901,3643.3603447210135,35.523296723215175
2.1399999999999997,841.9377120177315,False,0.3997977457907006,0.4606205702796185,2.126435785331813,3585.7349123200793,35.02758522047309
2.1399999999999997,848.7288248593702,False,0.3960231367285579,0.4502444418797001,2.109911615063545,3530.2231693575845,34.557255153267995
2.1399999999999997,855.5199377010088,False,0.3925184539084609,0.4404395626113077,2.0938607784546135,3476.716181572708,34.11032691401631
2.1399999999999997,862.3110505426475,False,0.38926017281391223,0.4311579555375612,2.078263135156119,3425.111414988813,33.68502643350041
2.1399999999999997,869.1021633842861,False,0.38622740246414017,0.42235694823589276,2.063099484906014,3375.312411400546,33.27975876380372
2.1399999999999997,875.8932762259248,False,0.38340152691751134,0.4139984547110195,2.0483515432811314,3327.2284580963374,32.89308567808601
2.1399999999999997,882.6843890675634,False,0.3807659038309679,0.4060483712645036,2.03400191216637,3280.7742591305564,32.52370658648166
2.1399999999999997,889.475501909202,False,0.3783056097478949,0.39847606572781635,2.020034046700843,3235.8696133412363,32.17044220457245
2.1399999999999997,896.2666147508407,False,0.37600722387040636,0.39125394361634513,2.0064322200526696,3192.4391027035235,31.83222051841473
2.1399999999999997,903.0577275924793,False,0.373858643694297,0.3843570779938068,1.993181487053207,3150.4117933977536,31.50806467498122
2.1399999999999997,909.848840434118,False,0.37184892715641693,0.37776289237036215,1.9802676474698184,3109.720951063908,31.197082494293497
2.1399999999999997,916.6399532757566,False,0.36996815694749696,0.37145088795730663,1.9676772094990684,3070.3037710399904,30.898457353407753
2.1399999999999997,923.4310661173952,False,0.3682073234397475,0.3654024081887029,1.9553973539086447,3032.1011238878355,30.611440235721215
2.1399999999999997,930.222178959034,False,0.3665582233144377,0.3596004346881966,1.9434158991362767,2995.057316150808,30.335342774071712
2.1399999999999997,937.0132918006725,False,0.3650133714851338,0.35402940987736564,1.9317212675609265,2959.1198660332016,30.069531144536217
2.1399999999999997,943.8044046423112,False,0.36356592432430707,0.3486750822438777,1.9203024530899109,2924.2392935159564,29.81342069104823
2.1399999999999997,950.5955174839498,False,0.3622096125352342,0.3435243709546095,1.9091489901500693,2890.3689243056833,29.5664711799951
2.1399999999999997,957.3866303255885,False,0.3609386822835578,0.33856524704258756,1.8982509241292678,2857.464706942676,29.32818259964675
2.1399999999999997,964.1777431672272,False,0.35974784342588867,0.3337866288418604,1.8875987832824195,2825.485042353698,29.098091432246928
2.1399999999999997,970.9688560088657,False,0.35863222385630344,0.3291782897107316,1.8771835520925098,2794.390625120694,28.87576733738685
2.1399999999999997,977.7599688505044,False,0.35758732914307856,0.32473077638636005,1.8669966460595626,2764.144295739128,28.66081019427824
2.1399999999999997,984.551081692143,False,0.3566090067535914,0.3204353365646748,1.8570298878778455,2734.710903154631,28.45284745807476
2.1399999999999997,991.3421945337817,False,0.3556934142699094,0.31628385450852237,1.8472754849527122,2706.0571768900536,28.25153179172362
2.1399999999999997,998.1333073754204,False,0.3548369910849146,0.3122687936615627,1.8377260082028821,2678.151608105162,28.056538940165602
2.1399999999999997,1004.924420217059,False,0.354036433142053,0.3083831453918669,1.8283743720900936,2650.964338963279,27.867565818218075
2.1399999999999997,1011.7155330586976,False,0.35328867034340833,0.30462038311240935,1.819213815816405,2624.4670597145678,27.684328787309084
2.1399999999999997,1018.5066459003363,False,0.35259084630280174,0.30097442112967915,1.8102378856288215,2598.632912940949,27.506562099492903
2.1399999999999997,1025.297758741975,False,0.35194030016464783,0.2974395776597662,1.8014404181714394,2573.436404443264,27.334016489964917
2.1399999999999997,1032.0888715836136,False,0.3513345502466895,0.29401054152613304,1.7928155248264157,2548.853320285693,27.16645790167866
2.1399999999999997,1038.8799844252521,False,0.35077127929659396,0.29068234211707444,1.7843575769868418,2524.8606495461286,27.003666327717266
2.1399999999999997,1045.6710972668907,False,0.3502483211795753,0.2874503222353619,1.7760611922065819,2501.436512352947,26.845434758834966
2.1399999999999997,1052.4622101085295,False,0.3497636488375503,0.2843101135192875,1.7679212211746167,2478.560092819446,26.691568225107687
2.1399999999999997,1059.2533229501682,False,0.34931536338030017,0.28125761415441336,1.7599327354636043,2456.211576515078,26.541882921947764
2.1399999999999997,1066.0444357918068,False,0.3489016841863904,0.27828896862991737,1.7520910160052285,2434.3720921403924,26.396205411882534
2.1399999999999997,1072.8355486334453,False,0.3485209399064231,0.275400549323225,1.744391542247136,2413.0236570968127,26.254371894487676
2.1399999999999997,1079.6266614750841,False,0.3481715602741058,0.2725889397224691,1.7368299819490587,2392.1491266665657,26.11622753773413
2.1399999999999997,1086.4177743167227,False,0.3478520686417424,0.26985091911868947,1.7294021815779324,2371.732146539081,25.981625864761124
2.1399999999999997,1093.2088871583614,False,0.3475610751664796,0.26718344861918125,1.7221041572644393,2351.7571084409433,25.850428190751447
2.1399999999999997,1100.0,False,0.3472972705820533,0.2645836583503456,1.7149320862855049,2332.2091086446285,25.722503105162744
2.159,420.8887158361356,False,,,,,
2.159,427.67982867777425,False,,,,,
2.159,434.47094151941286,False,,,,,
2.159,441.2620543610515,False,,,,,
2.159,448.0531672026902,False,,,,,
2.159,454.8442800443288,False,,,,,
2.159,461.63539288596746,False,,,,,
2.159,468.4265057276061,False,,,,,
2.159,475.21761856924473,False,,,,,
2.159,482.0087314108834,False,,,,,
2.159,488.799844252522,False,,,,,
2.159,495.5909570941607,False,,,,,
2.159,502.38206993579934,False,,,,,
2.159,509.17318277743794,False,,,,,
2.159,515.9642956190767,False,,,,,
2.159,522.7554084607152,False,,,,,
2.159,529.5465213023539,False,,,,,
2.159,536.3376341439925,False,,,,,
2.159,543.1287469856312,False,,,,,
2.159,549.9198598272699,False,,,,,
2.159,556.7109726689084,False,,,,,
2.159,563.5020855105471,False,,,,,
2.159,570.2931983521858,False,,,,,
2.159,577.0843111938244,False,,,,,
2.159,583.8754240354631,False,,,,,
2.159,590.6665368771016,False,,,,,
2.159,597.4576497187403,False,,,,,
2.159,604.248762560379,False,,,,,
2.159,611.0398754020176,False,,,,,
2.159,617.8309882436563,False,,,,,
2.159,624.6221010852948,False,,,,,
2.159,631.4132139269336,False,11.855355607880243,23.32989540803351,inf,inf,314.71430250656437
2.159,638.2043267685722,False,3.520739440686797,6.77529210664043,inf,inf,165.9530853775554
2.159,644.9954396102108,False,2.1497185848198908,4.047438131121581,inf,inf,125.83351284997008
2.159,651.7865524518495,False,1.5865746388248763,2.923905100358823,inf,inf,105.14597813778157
2.159,658.5776652934882,False,1.2797733164355913,2.3095712400494905,inf,inf,92.03389806586223
2.159,665.3687781351268,False,1.0867898772305817,1.9214232540751557,inf,inf,82.79657036162794
2.159,672.1598909767654,False,0.9542560835082482,1.6534756923888057,inf,inf,75.85293850213637
2.159,678.951003818404,False,0.8576696662219229,1.457060973284543,inf,inf,70.39858544339754
2.159,685.7421166600427,False,0.7842005405597332,1.3066897705874563,inf,inf,65.97518578234266
2.159,692.5332295016814,False,0.7264788748262525,1.187716448316986,2.659891910567486,5610.5005905663675,62.2999011630241
2.159,699.32434234332,False,0.6799689509477621,1.0911243481722412,2.6261858268195937,5469.209272609742,59.18748465477014
2.159,706.1154551849586,False,0.6417258418431062,1.011056807419175,2.5938698439573815,5335.436989614443,56.51087539013885
2.159,712.9065680265974,False,0.6097539173265482,0.9435432005758448,2.5625130288432807,5207.218476106306,54.17964739113026
2.159,719.6976808682359,False,0.5826526632045087,0.8857955048892179,2.5320395099266,5084.105937244154,52.1274751959546
2.159,726.4887937098746,False,0.5594101000080067,0.83579797013529,2.5024415455342535,4965.940575336722,50.3044711323296
2.159,733.2799065515132,False,0.5392766923977773,0.7920566359756152,2.473722760704787,4852.613310645617,48.67230348057493
2.159,740.0710193931518,False,0.5216853865818507,0.7534404616171828,2.4458836426361557,4744.0058983800955,47.20097635532332
2.159,746.8621322347906,False,0.5061992161654192,0.71907721190457,2.41891821348002,4639.978885564493,45.866641706189675
2.159,753.6532450764291,False,0.4924759879428971,0.6882832706978695,2.3928140992971567,4540.373217166501,44.6500739965832
2.159,760.4443579180678,False,0.48024388497551956,0.6605151424179232,2.3675535992182644,4445.01544882964,43.53558277119225
2.159,767.2354707597065,False,0.4692842412714746,0.6353352023106104,2.3431149385101966,4353.723267632678,42.51022195373579
2.159,774.026583601345,False,0.45941914270097695,0.612387036864739,2.3194734247865574,4266.310274610593,41.5632047436601
2.159,780.8176964429838,False,0.4505023463946891,0.5913773793146553,2.2966024239855134,4182.589788664133,40.68546381687902
2.159,787.6088092846223,False,0.4424125263024894,0.5720626688487389,2.2744741475695296,4102.37771956798,39.86931605556586
2.159,794.399922126261,False,0.43504817789348577,0.5542389082681651,2.253060269484159,4025.494648761067,39.108203685716326
2.159,801.1910349678997,False,0.4283237250178818,0.5377339120521719,2.232332399191554,3951.767271248823,38.39649208121589
2.159,807.9821478095383,False,0.42216651039057795,0.5224013117951326,2.2122624371198754,3881.029338432388,37.72931015121937
2.159,814.773260651177,False,0.41651444412793415,0.5081158706834208,2.1928228360183275,3813.1222196983363,37.102423115646516
2.159,821.5643734928155,False,0.4113141482823927,0.49476978487065865,2.173986788064842,3747.895178108356,36.51213018845792
2.159,828.3554863344542,False,0.40651947939437,0.4822697371877105,2.1557283540091965,3685.205435480219,35.95518161217543
2.159,835.1465991760929,False,0.402090342110579,0.4705345302873451,2.1380225474752828,3624.9180853674425,35.428710868915125
2.159,841.9377120177315,False,0.3979917290566734,0.45949317032344045,2.1208453848792748,3566.905898863756,34.93017889818245
2.159,848.7288248593702,False,0.39419293814349565,0.44908330405082164,2.1041739092293783,3511.049057391181,34.45732789110366
2.159,855.5199377010088,False,0.390666930170557,0.4392499354597739,2.0879861943023035,3457.2348382074165,34.008142780696424
2.159,862.3110505426475,False,0.38738979821911823,0.4299443652153174,2.0722613342753324,3405.3572718382393,33.580818960872485
2.159,869.1021633842861,False,0.38434032676362356,0.4211233089701285,2.0569794227686238,3355.316785615912,33.1737350801022
2.159,875.8932762259248,False,0.3814996232760196,0.4127481602574885,2.0421215243635573,3307.0198436579067,32.785429995256926
2.159,882.6843890675634,False,0.37885080877812444,0.4047843709918696,2.027669640962882,3260.378590691286,32.414583155927126
2.159,889.475501909202,False,0.37637875661569314,0.3972009282121268,2.0136066748091586,3215.310504911173,32.059997833113506
2.159,896.2666147508407,False,0.3740698709030642,0.38996991003062087,1.9999163895464762,3171.7380633881558,31.72058671860835
2.159,903.0577275924793,False,0.37191189777837425,0.3830661071171669,1.9865833703741458,3129.5884222904965,31.395359509997693
2.159,909.848840434118,False,0.36989376393302636,0.37646669868170646,1.9735929840775082,3088.7931132555377,31.0834121665087
2.159,916.6399532757566,False,0.3680054379222315,0.3701509739963707,1.9609313395165453,3049.2877565618205,30.78391757704393
2.159,923.4310661173952,False,0.36623781059035243,0.3641000921443672,1.9485852489935844,3011.0117912553055,30.49611742679113
2.159,930.222178959034,False,0.36458259160436834,0.3582968739968361,1.9365421907984717,2973.908222028568,30.21931508516951
2.159,937.0132918006725,False,0.3630322196176599,0.35272562147254455,1.9247902731343867,2937.9233824030875,29.952869367385095
2.159,943.8044046423112,False,0.3615797840128137,0.3473719599851355,1.9133181995544808,2903.0067135970153,29.696189045941264
2.159,950.5955174839498,False,0.3602189565177317,0.34222270067147376,1.902115235984197,2869.110558354507,29.448728008176936
2.159,957.3866303255885,False,0.3589439312707296,0.33726571955565615,1.8911711793617352,2836.1899689493084,29.209980972141725
2.159,964.1777431672272,False,0.3577493721405323,0.33248985126235153,1.880476327897813,2804.202528546354,28.979479686543357
2.159,970.9688560088657,False,0.3566303662962473,0.32788479527045994,1.870021452932537,2773.1081850992937,28.75678955164854
2.159,977.7599688505044,False,0.35558238317846164,0.3234410330094939,1.8597977723503891,2742.86909697341,28.541506607306626
2.159,984.551081692143,False,0.3546012381519691,0.3191497543592114,1.8497969255025368,2713.449489506905,28.33325484203938
2.159,991.3421945337817,False,0.35368306022814533,0.31500279232770895,1.840010949577534,2684.815521754509,28.13168378366338
2.159,998.1333073754204,False,0.35282426333482614,0.3109925648625325,1.8304322573564928,2656.93516269395,27.93646633741327
2.159,1004.924420217059,False,0.3520215206867661,0.30711202289962475,1.8210536162860151,2629.7780762152147,27.747296842182543
2.159,1011.7155330586976,False,0.35127174187298,0.30335460388128394,1.8118681288010152,2603.315514252915,27.563889319440808
2.159,1018.5066459003363,False,0.35057205233064936,0.29971419008095673,1.8028692138297369,2577.520217462874,27.385975892742895
2.159,1025.297758741975,False,0.34991977492039483,0.29618507116292414,1.7940505894144223,2552.3663228842133,27.213305358607542
2.159,1032.0888715836136,False,0.3493124133560508,0.29276191048158384,1.7854062563828206,2527.829278066905,27.045641891994517
2.159,1038.8799844252521,False,0.3487476372746747,0.28943971469026064,1.7769304830080128,2503.8857611820254,26.882763871710225
2.159,1045.6710972668907,False,0.3482232687603856,0.2862138062852283,1.768617790596595,2480.5136066672453,26.72446281288322
2.159,1052.4622101085295,False,0.34773727015945355,0.2830797987583238,1.76046293994805,2457.6917359934705,26.570542395210293
2.159,1059.2533229501682,False,0.3472877330445338,0.2800335740725301,1.7524609186309927,2435.400093169767,26.420817577025538
2.159,1066.0444357918068,False,0.3468728682035291,0.277071262210153,1.7446069290249364,2413.6195846330525,26.27511378641338
2.159,1072.8355486334453,False,0.34649099654377064,0.2741892225736773,1.7368963770790256,2392.3320231960106,26.133266181605396
2.159,1079.6266614750841,False,0.3461405408153301,0.27138402704570475,1.7293248617421615,2371.5200757523025,25.99511897378498
2.159,1086.4177743167227,False,0.3458200180686749,0.26865244453722403,1.721888165021517,2351.167214461082,25.86052480619888
2.159,1093.2088871583614,False,0.34552803277174265,0.2659914268732789,1.7145822426293622,2331.2576711551787,25.729344184148278
2.159,1100.0,False,0.34526327052016,0.26339809588241825,1.7074032151802994,2311.776394736311,25.601444951027958
2.178,420.8887158361356,False,,,,,
2.178,427.67982867777425,False,,,,,
2.178,434.47094151941286,False,,,,,
2.178,441.2620543610515,False,,,,,
2.178,448.0531672026902,False,,,,,
2.178,454.8442800443288,False,,,,,
2.178,461.63539288596746,False,,,,,
2.178,468.4265057276061,False,,,,,
2.178,475.21761856924473,False,,,,,
2.178,482.0087314108834,False,,,,,
2.178,488.799844252522,False,,,,,
2.178,495.5909570941607,False,,,,,
2.178,502.38206993579934,False,,,,,
2.178,509.17318277743794,False,,,,,
2.178,515.9642956190767,False,,,,,
2.178,522.7554084607152,False,,,,,
2.178,529.5465213023539,False,,,,,
2.178,536.3376341439925,False,,,,,
2.178,543.1287469856312,False,,,,,
2.178,549.9198598272699,False,,,,,
2.178,556.7109726689084,False,,,,,
2.178,563.5020855105471,False,,,,,
2.178,570.2931983521858,False,,,,,
2.178,577.0843111938244,False,,,,,
2.178,583.8754240354631,False,,,,,
2.178,590.6665368771016,False,,,,,
2.178,597.4576497187403,False,,,,,
2.178,604.248762560379,False,,,,,
2.178,611.0398754020176,False,,,,,
2.178,617.8309882436563,False,,,,,
2.178,624.6221010852948,False,,,,,
2.178,631.4132139269336,False,23.94337221071475,47.283175845185674,inf,inf,450.28321021901905
2.178,638.2043267685722,False,4.04412110755602,7.809225728320553,inf,inf,178.90547593246606
2.178,644.9954396102108,False,2.307209864423678,4.358563709469141,inf,inf,131.0305404559268
2.178,651.7865524518495,False,1.658689311267358,3.066866366898785,inf,inf,107.9944731515048
2.178,658.5776652934882,False,1.3196063248392214,2.389133156971244,inf,inf,93.82824580970549
2.178,665.3687781351268,False,1.1111990933323979,1.970782923349886,inf,inf,84.01768549285086
2.178,672.1598909767654,False,0.9701884756647754,1.686286479831402,inf,inf,76.72440344431752
2.178,678.951003818404,False,0.868486109418067,1.4799153901669508,inf,inf,71.03977993363317
2.178,685.7421166600427,False,0.7917151169608949,1.323139337980628,inf,inf,66.45617382555739
2.178,692.5332295016814,False,0.7317520672341093,1.1998333252515334,2.6625299186717366,5621.634791438606,62.66473554586664
2.178,699.32434234332,False,0.6836595687989623,1.1001933557147459,2.628164940182108,5477.455653072874,59.46535573619373
2.178,706.1154551849586,False,0.6442632579601095,1.0179137030040883,2.5952373277852305,5341.064139385982,56.72194146788639
2.178,712.9065680265974,False,0.6114290355183357,0.9487531232660977,2.5632933390446375,5210.390256542794,54.33830229389457
2.178,719.6976808682359,False,0.5836689854661898,0.8897530299571593,2.5322577791045187,5084.982504492701,52.244283981510485
2.178,726.4887937098746,False,0.5599138649439142,0.8387860875603648,2.5021253823099436,4964.685841850204,50.38737009783105
2.178,733.2799065515132,False,0.5393754211908035,0.7942829999881849,2.472901497127469,4849.391758833482,48.7273728729909
2.178,740.0710193931518,False,0.5214597074215104,0.7550604748821583,2.4445873500554893,4738.978684554628,47.23295421276493
2.178,746.8621322347906,False,0.5057106365458535,0.7202091808949431,2.417176891290154,4633.300867302596,45.87927513646561
2.178,753.6532450764291,False,0.49177214060553176,0.6890186227297925,2.3906570833385854,4532.191015953385,44.64636516063244
2.178,760.4443579180678,False,0.4793621519256162,0.6609254754507313,2.365009159752467,4435.466355453676,43.51796479959417
2.178,767.2354707597065,False,0.4682543093210977,0.6354772503669445,2.340210025638756,4342.9347682904445,42.48068711882494
2.178,774.026583601345,False,0.45826483885774916,0.6123062319796316,2.3162335233446236,4254.400010065454,41.52339940656733
2.178,780.8176964429838,False,0.44924297785273715,0.5911104489943177,2.293051487377251,4169.665802255091,40.63675981523589
2.178,787.6088092846223,False,0.44106387333693026,0.57163955844089,2.2706345871304747,4088.538888086186,39.81286510158224
2.178,794.399922126261,False,0.43362323949973214,0.5536842229098261,2.248952981857182,4010.8312204267086,39.044979324274635
2.178,801.1910349678997,False,0.4268332857468419,0.537068011542254,2.2279768188289815,3936.3614578186225,38.32732241246226
2.178,807.9821478095383,False,0.42061957609317085,0.521641151260533,2.2076766045493637,3864.9559252293325,37.654903609676275
2.178,814.773260651177,False,0.41491858037401136,0.5072756527019705,2.1880234751536265,3796.449169471973,37.02338896842174
2.178,821.5643734928155,False,0.409675745682378,0.49386147012740084,2.168989387804929,3730.684213278905,36.42899497418725
2.178,828.3554863344542,False,0.4048439634321292,0.48130344784910983,2.1505472508139065,3667.512589409421,35.868402429043876
2.178,835.1465991760929,False,0.4003823404367732,0.46951887121114944,2.1326710066620485,3606.7942175322924,35.338686194589535
2.178,841.9377120177315,False,0.39625520587009555,0.4584354867626926,2.115335679153008,3548.3971717050954,34.83725746019746
2.178,848.7288248593702,False,0.392431302891305,0.4479898898538176,2.0985173935108974,3492.1973745490554,34.36181598521128
2.178,855.5199377010088,False,0.3888831260498598,0.43812620237302213,2.0821933763156673,3438.0782451153427,33.91031034458795
2.178,862.3110505426475,False,0.3855863746736157,0.42879498139623745,2.066341940633824,3385.930320433382,33.48090464296556
2.178,869.1021633842861,False,0.382519499209796,0.4199523129566165,2.0509424604930175,3335.650865373246,33.071950491719065
2.178,875.8932762259248,False,0.37966332257296503,0.41155905524598263,2.035975337898462,3287.1434813801143,32.68196329523489
2.178,882.6843890675634,False,0.37700072240947,0.40358020321925314,2.0214219648444063,3240.317721556429,32.309602086407935
2.178,889.475501909202,False,0.3745163631353724,0.3959843524309398,2.007264682191566,3195.0887172469365,31.95365230172731
2.178,896.2666147508407,False,0.3721964688762815,0.3887432444476005,1.9934867368278124,3151.376819547114,31.613011003862116
2.178,903.0577275924793,False,0.370028630200684,0.381831379685464,1.980072238175662,3109.107257864376,31.2866741521768
2.178,909.848840434118,False,0.3680016389168241,0.37522568626337316,1.9670061148362987,3068.20981671296,30.97372559491563
2.178,916.6399532757566,False,0.3661053462878651,0.3689052356184563,1.9542740719467302,3028.6185312291145,30.673327515236775
2.178,923.4310661173952,False,0.36433054087900235,0.3628509973405882,1.9418625496628434,2990.271401396879,30.384712110142544
2.178,930.222178959034,False,0.36266884293444934,0.3570456270431145,1.9297586830545983,2953.1101246238886,30.10717431914661
2.178,937.0132918006725,False,0.36111261273036477,0.35147328217819274,1.9179502636026509,2917.0798460663536,29.8400654501576
2.178,943.8044046423112,False,0.35965487079124475,0.34611946158387735,1.9064257024120328,2882.1289259452415,29.582787575019744
2.178,950.5955174839498,False,0.3582892282147507,0.3409708652617378,1.8951739952023605,2848.208722998336,29.33478858759037
2.178,957.3866303255885,False,0.35700982564067957,0.3360152714628297,1.8841846890926748,2815.2733931628914,29.09555783404143
2.178,964.1777431672272,False,0.35581127963743414,0.331241428633238,1.8734478511674406,2783.2797025630566,28.86462223895609
2.178,970.9688560088657,False,0.3546886354744331,0.3266389601591438,1.8629540387881562,2752.186853882355,28.64154286230843
2.178,977.7599688505044,False,0.35363732540979315,0.3221982801719917,1.8526942715988348,2721.9563252221155,28.42591183200741
2.178,984.551081692143,False,0.3526531317557198,0.3179105189397588,1.8426600051625621,2692.5517205788306,28.217349604701447
2.178,991.3421945337817,False,0.35173215409476916,0.3137674565910729,1.8328431061593462,2663.938631113389,28.015502514271784
2.178,998.1333073754204,False,0.35087078011242373,0.3097614641030506,1.823235829071137,2636.084506428557,27.820040573105135
2.178,1004.924420217059,False,0.35006565958874203,0.305885450637975,1.8138307942780525,2608.9585351175424,27.63065549602417
2.178,1011.7155330586976,False,0.34931368115678474,0.3021328164435535,1.804620967489473,2582.531533892942,27.44705892081192
2.178,1018.5066459003363,False,0.34861195149023094,0.2984974106407537,1.79559964043452,2556.775844651447,27.268980802714076
2.178,1025.297758741975,False,0.34795777662892063,0.29497349331570055,1.7867604127383738,2531.665238875033,27.09616796324727
2.178,1032.0888715836136,False,0.3473486451903093,0.2915557014105454,1.7780971749131727,2507.1748288121553,26.928382776157164
2.178,1038.8799844252521,False,0.34678221324822023,0.28823901797497054,1.7696040923952379,2483.2809849240384,26.76540197552753
2.178,1045.6710972668907,False,0.34625629068879865,0.28501874439699787,1.7612755905632678,2459.961259119331,26.607015572899343
2.178,1052.4622101085295,False,0.34576882887795507,0.2818904752805247,1.7531063406756955,2437.194313337645,26.453025871858596
2.178,1059.2533229501682,False,0.3453179094954918,0.27885007567886066,1.7450912466684523,2414.9598530757767,26.303246569934462
2.178,1066.0444357918068,False,0.34490173440912836,0.27589366042956764,1.7372254327579089,2393.238565482649,26.15750193884985
2.178,1072.8355486334453,False,0.3445186164771352,0.27301757536695087,1.729504231796887,2372.0120616780505,26.015626075206292
2.178,1079.6266614750841,False,0.3441669711817018,0.27021838021541084,1.7219231743349588,2351.2628229778556,25.87746221459193
2.178,1086.4177743167227,False,0.34384530900680066,0.2674928329901579,1.7144779783370954,2330.9741507329522,25.742862102893163
2.178,1093.2088871583614,False,0.34355222848436495,0.2648378757519815,1.707164539517907,2311.130119513008,25.61168541927988
2.178,1100.0,False,0.3432864098414136,0.2622506215804034,1.6999789222513482,2291.7155333870996,25.483799245942343
2.197,420.8887158361356,False,,,,,
2.197,427.67982867777425,False,,,,,
2.197,434.47094151941286,False,,,,,
2.197,441.2620543610515,False,,,,,
2.197,448.0531672026902,False,,,,,
2.197,454.8442800443288,False,,,,,
2.197,461.63539288596746,False,,,,,
2.197,468.4265057276061,False,,,,,
2.197,475.21761856924473,False,,,,,
2.197,482.0087314108834,False,,,,,
2.197,488.799844252522,False,,,,,
2.197,495.5909570941607,False,,,,,
2.197,502.38206993579934,False,,,,,
2.197,509.17318277743794,False,,,,,
2.197,515.9642956190767,False,,,,,
2.197,522.7554084607152,False,,,,,
2.197,529.5465213023539,False,,,,,
2.197,536.3376341439925,False,,,,,
2.197,543.1287469856312,False,,,,,
2.197,549.9198598272699,False,,,,,
2.197,556.7109726689084,False,,,,,
2.197,563.5020855105471,False,,,,,
2.197,570.2931983521858,False,,,,,
2.197,577.0843111938244,False,,,,,
2.197,583.8754240354631,False,,,,,
2.197,590.6665368771016,False,,,,,
2.197,597.4576497187403,False,,,,,
2.197,604.248762560379,False,,,,,
2.197,611.0398754020176,False,,,,,
2.197,617.8309882436563,False,,,,,
2.197,624.6221010852948,False,,,,,
2.197,631.4132139269336,False,,,,,
2.197,638.2043267685722,False,4.778684651748314,9.259290438643184,inf,inf,195.6541333233743
2.197,644.9954396102108,False,2.496414344163977,4.731800950909071,inf,inf,137.01779173396898
2.197,651.7865524518495,False,1.7406202082519333,3.228915397483963,inf,inf,111.14338495242997
2.197,658.5776652934882,False,1.3636289482656057,2.476769681921578,inf,inf,95.77188051256316
2.197,665.3687781351268,False,1.1377634420803018,2.024249898966497,inf,inf,85.32544555113176
2.197,672.1598909767654,False,0.9873772462384903,1.7214583311113714,inf,inf,77.65163711881078
2.197,678.951003818404,False,0.8801054666713679,1.5042528757660432,inf,inf,71.7196736660585
2.197,685.7421166600427,False,0.7997809566963153,1.3405863316903028,inf,inf,66.96561841927979
2.197,692.5332295016814,False,0.7374264512149994,1.2126588964228329,2.6653358432099097,5633.489827958619,63.05148914824592
2.197,699.32434234332,False,0.6876566769644703,1.1097893537224082,2.630294382337492,5486.335347096553,59.760767229832275
2.197,706.1154551849586,False,0.6470446027737847,1.0251778348472447,2.5967454127257734,5347.27329691704,56.94749845003698
2.197,712.9065680265974,False,0.613305150822961,0.9542882610645383,2.5642057958832063,5214.100407336908,54.50925482277487
2.197,719.6976808682359,False,0.5848558796833204,0.8939777246133271,2.5326003649805684,5086.3584789608285,52.37176946574208
2.197,726.4887937098746,False,0.5605660336716147,0.8419991172508182,2.5019263324155165,4963.89596865515,50.47971954406241
2.197,733.2799065515132,False,0.5396060061712167,0.7967027392664456,2.4721908399051182,4846.604943351638,48.790946076436
2.197,740.0710193931518,False,0.5213532656804651,0.7568498022574977,2.4433958943683853,4734.36039415298,47.27269181166166
2.197,746.8621322347906,False,0.5053314866784779,0.7214917398415883,2.4155353774165746,4627.010020177226,45.89907406051651
2.197,753.6532450764291,False,0.4911699687691482,0.6898897308836687,2.3885955620823642,4524.37795088028,44.64934035422347
2.197,760.4443579180678,False,0.4785758681260644,0.661459620045577,2.3625565713394936,4426.271691037187,43.50663565356295
2.197,767.2354707597065,False,0.46731475655958293,0.6357333477867643,2.3373939344406893,4332.488917963671,42.45711282795905
2.197,774.026583601345,False,0.4571967323764002,0.6123313881981546,2.3130799681591734,4242.823153245196,41.48927892640351
2.197,780.8176964429838,False,0.44806631675915287,0.5909426936800369,2.289584914766283,4157.068158089065,40.59350680622053
2.197,787.6088092846223,False,0.4397949838046465,0.5713098631109834,2.266877842908747,4075.02117918199,39.76166489331386
2.197,794.399922126261,False,0.4322755563191936,0.5532180111295567,2.2449273421486837,3996.4852463748675,38.986832752756214
2.197,801.1910349678997,False,0.42541794518322196,0.5364863031661975,2.223702047064634,3921.2707227413493,38.26307993740602
2.197,807.9821478095383,False,0.4191458707484636,0.5209614393041948,2.2031710245500293,3849.1962814822177,37.58529214160544
2.197,814.773260651177,False,0.4133943118298419,0.5065125823566321,2.183304053261461,3780.089452507883,36.94903316331594
2.197,821.5643734928155,False,0.4081075005292973,0.4930273696270711,2.164071819110343,3713.786851825693,36.35043428405139
2.197,828.3554863344542,False,0.4032373312514037,0.4804087472012603,2.1454460460538964,3650.1341815177307,35.78610486420246
2.197,835.1465991760929,False,0.39874208735861766,0.46857243519449104,2.1273995774781187,3588.9860674718475,35.253059514710564
2.197,841.9377120177315,False,0.39458541381737827,0.45744488176661463,2.109906420201163,3530.2057856901024,34.748658337485544
2.197,848.7288248593702,False,0.39073548208728204,0.4469615992217861,2.0929417604923266,3473.6649152636096,34.27055755561182
2.197,855.5199377010088,False,0.3871643065263052,0.43706580133866113,2.0764819594062542,3419.2429462891832,33.816668468057266
2.197,862.3110505426475,False,0.3838471811602888,0.42770728007354725,2.0605045330772676,3366.8268634980877,33.38512312274236
2.197,869.1021633842861,False,0.38076221277925,0.41884147389539594,2.044988122320378,3316.310720666065,32.97424544869117
2.197,875.8932762259248,False,0.3778899316596182,0.41042869060212483,2.029912454870015,3267.5952165641656,32.58252685237257
2.197,882.6843890675634,False,0.37521296525087744,0.4024334554852569,2.015258302796386,3220.5872799717054,32.208605486581575
2.197,889.475501909202,False,0.3727157632482452,0.3948239618305803,2.0010074370237443,3175.199668850468,31.851248557670534
2.197,896.2666147508407,False,0.37038436484532666,0.3875716054527925,1.987142580397332,3131.350586980552,31.509337159857523
2.197,903.0577275924793,False,0.36820620079954286,0.3806505886139359,1.9736473603759188,3088.9633200318913,31.181853221954515
2.197,909.848840434118,False,0.36616992437872375,0.37403758152693434,1.960506262141064,3047.965892076685,30.867868228310236
2.197,916.6399532757566,False,0.3642652663854908,0.36771143188700056,1.9477045826939223,3008.2907428490366,30.56653343663809
2.197,923.4310661173952,False,0.362482910348376,0.36165291464682725,1.935228386341315,2969.8744255625666,30.277071364159465
2.197,930.222178959034,False,0.3608143846786252,0.3558445156626153,1.9230644618433286,2932.657324753203,29.99876835276992
2.197,937.0132918006725,False,0.3592519691597688,0.3502702439674653,1.9112002813960636,2896.5833933838467,29.730968055743094
2.197,943.8044046423112,False,0.35778861359416425,0.3449154683375978,1.8996239615486619,2861.5999083016977,29.473065714375654
2.197,950.5955174839498,False,0.3564178668004228,0.339766774552189,1.8883242260979087,2827.6572430549977,29.22450311415431
2.197,957.3866303255885,False,0.3551338144560714,0.3348118403453168,1.877290370962069,2794.7086570361776,28.984764127422384
2.197,964.1777431672272,False,0.35393102452517294,0.33003932553676585,1.8665122310054572,2762.7100999119916,28.753370763886092
2.197,970.9688560088657,False,0.3528044992118561,0.3254387752289919,1.8559801487634295,2731.620030316732,28.52987966219986
2.197,977.7599688505044,False,0.35174963254652614,0.3210005342876479,1.8456849450025368,2701.3992478166006,28.313878965776873
2.197,984.551081692143,False,0.350762172848611,0.3167156715961405,1.835617891040459,2672.010737194891,28.104985534240537
2.197,991.3421945337817,False,0.3498381894236436,0.31257591280160074,1.8257706827442073,2643.4195241559955,27.902842448873457
2.197,998.1333073754204,False,0.3489740429473586,0.30857358045877975,1.8161354161219292,2615.592541598369,27.707116776253713
2.197,1004.924420217059,False,0.3481663590689627,0.30470154063673816,1.8067045644224318,2588.498505659306,27.5174975591998
2.197,1011.7155330586976,False,0.347412004832362,0.3009531551861081,1.7974709566572915,2562.107800788167,27.33369400831662
2.197,1018.5066459003363,False,0.3467080675703692,0.29732223897679233,1.7884277574619143,2536.3923731559985,27.155433870985842
2.197,1025.297758741975,False,0.3460518359743198,0.2938030215106239,1.7795684482146406,2511.3256317601767,26.982461957663812
2.197,1032.0888715836136,False,0.34544078308182957,0.290390112393877,1.770886809335982,2486.8823566301667,26.814538807937875
2.197,1038.8799844252521,False,0.34487255095959735,0.2870784702227898,1.7623769036936388,2463.0386135859408,26.651439481004605
2.197,1045.6710972668907,False,0.3443449368873762,0.2838633744935738,1.7540330610425632,2439.771675042842,26.49295245714021
2.197,1052.4622101085295,False,0.34385588087415914,0.2807404001982027,1.7458498634331678,2417.0599463965177,26.338878638372382
2.197,1059.2533229501682,False,0.34340345435904956,0.2777053948100616,1.73782213152455,2394.8828975583597,26.18903043798287
2.197,1066.0444357918068,False,0.3429858499676489,0.2747544574002747,1.729944911743409,2373.220999246331,26.043230949695598
2.197,1072.8355486334453,False,0.34260137221067594,0.2718839196572633,1.7222134642328837,2352.055663667397,25.901313188473786
2.197,1079.6266614750841,False,0.3422484290252125,0.2690903286094676,1.7146232515391573,2331.3691892573306,25.763119395775707
2.197,1086.4177743167227,False,0.34192552407082727,0.26637043087490037,1.7071699279870913,2311.144709170649,25.628500402927813
2.197,1093.2088871583614,False,0.34163124970313036,0.2637211582818137,1.69984932969899,2291.366143237209,25.49731504698123
2.197,1100.0,False,0.34136428055626683,0.261139614722695,1.6926574652144202,2272.018153126894,25.36942963403698
2.216,420.8887158361356,False,,,,,
2.216,427.67982867777425,False,,,,,
2.216,434.47094151941286,False,,,,,
2.216,441.2620543610515,False,,,,,
2.216,448.0531672026902,False,,,,,
2.216,454.8442800443288,False,,,,,
2.216,461.63539288596746,False,,,,,
2.216,468.4265057276061,False,,,,,
2.216,475.21761856924473,False,,,,,
2.216,482.0087314108834,False,,,,,
2.216,488.799844252522,False,,,,,
2.216,495.5909570941607,False,,,,,
2.216,502.38206993579934,False,,,,,
2.216,509.17318277743794,False,,,,,
2.216,515.9642956190767,False,,,,,
2.216,522.7554084607152,False,,,,,
2.216,529.5465213023539,False,,,,,
2.216,536.3376341439925,False,,,,,
2.216,543.1287469856312,False,,,,,
2.216,549.9198598272699,False,,,,,
2.216,556.7109726689084,False,,,,,
2.216,563.5020855105471,False,,,,,
2.216,570.2931983521858,False,,,,,
2.216,577.0843111938244,False,,,,,
2.216,583.8754240354631,False,,,,,
2.216,590.6665368771016,False,,,,,
2.216,597.4576497187403,False,,,,,
2.216,604.248762560379,False,,,,,
2.216,611.0398754020176,False,,,,,
2.216,617.8309882436563,False,,,,,
2.216,624.6221010852948,False,,,,,
2.216,631.4132139269336,False,,,,,
2.216,638.2043267685722,False,5.883171401895951,11.438320222732663,inf,inf,218.44746844681362
2.216,644.9954396102108,False,2.7276784393517355,5.187431235322279,inf,inf,144.00349140125297
2.216,651.7865524518495,False,1.834376791011762,3.413971576055094,inf,inf,114.64253727544838
2.216,658.5776652934882,False,1.4124529613213368,2.5736691110812746,inf,inf,97.88240814972028
2.216,665.3687781351268,False,1.1667209684573954,2.0822853860877593,inf,inf,86.72753111077984
2.216,672.1598909767654,False,1.0059301379390029,1.759200056985221,inf,inf,78.63844599503065
2.216,678.951003818404,False,0.8925814973888383,1.530178138496217,inf,inf,72.44030955073173
2.216,685.7421166600427,False,0.8084265684054244,1.3590869862854258,inf,inf,67.50466806296097
2.216,692.5332295016814,False,0.7435176128981252,1.226224705094276,2.6683132041354978,5646.082838166216,63.46081912057562
2.216,699.32434234332,False,0.6919687754521622,1.119930412418583,2.6325761983788807,5495.858416609523,60.07408931235869
2.216,706.1154551849586,False,0.6500742736164937,1.0328595137659162,2.5983960169412783,5354.0733759469795,57.18774064107905
2.216,712.9065680265974,False,0.615384179790003,0.9601542600334517,2.565252222072191,5218.356917895351,54.69258727132762
2.216,719.6976808682359,False,0.5862137089091707,0.8984723328480709,2.5330689559904673,5088.2408464942555,52.5099403533799
2.216,726.4887937098746,False,0.5613659686126715,0.8454379480506973,2.5018459237426134,4963.576907403687,50.58147859875027
2.216,733.2799065515132,False,0.5399671506094655,0.7993155316085557,2.471592146384141,4844.257810933134,48.86294813640205
2.216,740.0710193931518,False,0.5213643228259438,0.7588073187880441,2.44231046360689,4730.155034710813,47.320090390851675
2.216,746.8621322347906,False,0.5050597281656347,0.7229232265346258,2.41399469831457,4621.109494537797,45.9259228867438
2.216,753.6532450764291,False,0.49066722892907666,0.690894572142968,2.386630411328144,4516.936400341596,44.658871988626274
2.216,760.4443579180678,False,0.4778826494330318,0.6621153118452653,2.3601965711242507,4417.433143067078,43.50145915534821
2.216,767.2354707597065,False,0.466463102778756,0.6361010710414489,2.334667275249296,4322.386786466282,42.43935675458265
2.216,774.026583601345,False,0.45621227822919863,0.6124599800842792,2.3100132537697924,4231.580220393072,41.460696598369154
2.216,780.8176964429838,False,0.4469697754183666,0.5908715263643898,2.2862030947848115,4144.796873818736,40.55555500629814
2.216,787.6088092846223,False,0.43860324319198607,0.571070962928122,2.2632042062949553,4061.824158478684,39.71556353170065
2.216,794.399922126261,False,0.43100249844015764,0.5528376405374582,2.24098355198772,3982.4558793508927,38.933610676467666
2.216,801.1910349678997,False,0.42407506628422936,0.5359861567388848,2.219508202159839,3906.4938387166626,38.20361050744344
2.216,807.9821478095383,False,0.4177427561802104,0.520359558453097,2.198745737450971,3833.7488274070024,37.52032115433682
2.216,814.773260651177,False,0.4119390035339209,0.5058240623871902,2.1786645373501874,3764.041159775648,36.87920097486421
2.216,821.5643734928155,False,0.4066067842154622,0.4922649116304288,2.1592339795850264,3697.2008752041565,36.27629349673663
2.216,828.3554863344542,False,0.4016969628445138,0.4795830927242332,2.140424571266989,3633.0677006642836,35.70813458094827
2.216,835.1465991760929,False,0.3971669730512438,0.46769271144663155,2.1222080282584312,3571.4908461232108,35.17167691441604
2.216,841.9377120177315,False,0.3929797543439016,0.45651887790248225,2.104557315632065,3512.3286867280844,34.664228140961335
2.216,848.7288248593702,False,0.3891028891632678,0.4459959890539855,2.087446659219024,3455.448371903195,34.18339981715334
2.216,855.5199377010088,False,0.38550789745552705,0.43606632407463686,2.0708515359690054,3400.725390931202,33.72706502798448
2.216,862.3110505426475,False,0.38216965618623117,0.4266788879083625,2.0547486490622267,3348.0431165641326,33.29332298154688
2.216,869.1021633842861,False,0.3790659187006872,0.417788453246787,2.039115892321452,3297.2923421532546,32.88046926698006
2.216,875.8932762259248,False,0.37617691443847256,0.40935476224375966,2.023932307389209,3248.3708232356767,32.48697073775859
2.216,882.6843890675634,False,0.37348501374294163,0.4013418576793746,2.0091780362960927,3201.182831118924,32.11144419558487
2.216,889.475501909202,False,0.37097444573243765,0.3937175196827638,1.9948342713959681,3155.638723480321,31.75263821507409
2.216,896.2666147508407,False,0.3686310596780651,0.38645278903812197,1.9808832041422555,3111.6545351374507,31.409417577963858
2.216,903.0577275924793,False,0.366442122251082,0.3795215619036967,1.967307973792873,3069.1515907848548,31.080749886487535
2.216,909.848840434118,False,0.36439614449839064,0.372900243740646,1.9540926168340005,3028.0561405066096,30.765694005290307
2.216,916.6399532757566,False,0.3624827335783509,0.3665674525780314,1.9412220176852522,2988.2990181724613,30.463390044683116
2.216,923.4310661173952,False,0.360692465216299,0.3605037635806099,1.9286818610746153,2949.8153223328045,30.173050648763923
2.216,930.222178959034,False,0.3590167735759989,0.35469148834903985,1.9164585863393266,2912.5441188935174,29.893953392758075
2.216,937.0132918006725,False,0.35744785583226896,0.3491144835517876,1.9045393438088636,2876.428164633359,29.62543412695484
2.216,943.8044046423112,False,0.3559785892033625,0.3437579844282628,1.8929119533509822,2841.4136504931826,29.366881131466847
2.216,950.5955174839498,False,0.3546024585841884,0.33860845946262996,1.8815648651062093,2807.449963496361,29.11772996798394
2.216,957.3866303255885,False,0.3533134932319577,0.33365348314483834,1.8704871223950712,2774.489466133433,28.877458932703124
2.216,964.1777431672272,False,0.3521062112092246,0.328881624239047,1.8596683267530023,2742.4872920504035,28.64558502947149
2.216,970.9688560088657,False,0.3509755704968811,0.32428234739241507,1.849098605027147,2711.401156908143,28.421660394476692
2.216,977.7599688505044,False,0.3499169258605895,0.31984592625714114,1.8387685784552077,2681.191183322985,28.205269114048537
2.216,984.551081692143,False,0.34892599069537994,0.3155633665796315,1.8286693336376385,2651.819738851043,27.99602438567176
2.216,991.3421945337817,False,0.34799880319032156,0.3114263379438925,1.818792395309451,2623.2512860365673,27.793565979460183
2.216,998.1333073754204,False,0.34713169625287105,0.3074271130506468,1.8091297008155471,2595.452243604524,27.597557963360934
2.216,1004.924420217059,False,0.34632127071405294,0.30355851357612973,1.7996735761936322,2568.390857938996,27.40768666042603
2.216,1011.7155330586976,False,0.3455643714041875,0.2998138617910024,1.7904167137700195,2542.037084048367,27.223658810789743
2.216,1018.5066459003363,False,0.34485806574647454,0.29618693723461803,1.7813521511764163,2516.3624752768737,27.045199914633212
2.216,1025.297758741975,False,0.34419962456446923,0.2926719378369618,1.7724732516989985,2491.3400810773182,26.872052735527944
2.216,1032.0888715836136,False,0.34358650484072545,0.28926344496281287,1.7637736858749056,2466.944352212325,26.703975946202938
2.216,1038.8799844252521,False,0.3430163341989444,0.28595639192259137,1.7552474142555774,2443.151052801424,26.540742901054724
2.216,1045.6710972668907,False,0.3424868969118339,0.28274603555395933,1.7468886712604488,2419.9371786769607,26.382140521672945
2.216,1052.4622101085295,False,0.3419961212624436,0.27962793052921303,1.7386919500489995,2397.2808815552776,26.2279682833382
2.216,1059.2533229501682,False,0.3415420681085952,0.27659790608717766,1.7306519883434184,2375.161398569431,26.078037291900213
2.216,1066.0444357918068,False,0.34112292051885046,0.27365204492587375,1.7227637551382753,2353.5589867464387,25.93216944170367
2.216,1072.8355486334453,False,0.34073697436464734,0.2707866640245828,1.715022438237815,2332.4548620464984,25.79019664632011
2.216,1079.6266614750841,False,0.34038262976724015,0.2679982971919025,1.7074234325650657,2311.831142612107,25.651960134794667
2.216,1086.4177743167227,False,0.3400583833101455,0.26528367916055634,1.6999623291910335,2291.670795904784,25.51730980694159
2.216,1093.2088871583614,False,0.33976282093835525,0.2626397310707708,1.6926349050356586,2271.957589433231,25.38610364194868
2.216,1100.0,False,0.33949461147465615,0.26006354720226654,1.6854371131952142,2252.6760448001605,25.25820715518048
2.235,420.8887158361356,False,,,,,
2.235,427.67982867777425,False,,,,,
2.235,434.47094151941286,False,,,,,
2.235,441.2620543610515,False,,,,,
2.235,448.0531672026902,False,,,,,
2.235,454.8442800443288,False,,,,,
2.235,461.63539288596746,False,,,,,
2.235,468.4265057276061,False,,,,,
2.235,475.21761856924473,False,,,,,
2.235,482.0087314108834,False,,,,,
2.235,488.799844252522,False,,,,,
2.235,495.5909570941607,False,,,,,
2.235,502.38206993579934,False,,,,,
2.235,509.17318277743794,False,,,,,
2.235,515.9642956190767,False,,,,,
2.235,522.7554084607152,False,,,,,
2.235,529.5465213023539,False,,,,,
2.235,536.3376341439925,False,,,,,
2.235,543.1287469856312,False,,,,,
2.235,549.9198598272699,False,,,,,
2.235,556.7109726689084,False,,,,,
2.235,563.5020855105471,False,,,,,
2.235,570.2931983521858,False,,,,,
2.235,577.0843111938244,False,,,,,
2.235,583.8754240354631,False,,,,,
2.235,590.6665368771016,False,,,,,
2.235,597.4576497187403,False,,,,,
2.235,604.248762560379,False,,,,,
2.235,611.0398754020176,False,,,,,
2.235,617.8309882436563,False,,,,,
2.235,624.6221010852948,False,,,,,
2.235,631.4132139269336,False,,,,,
2.235,638.2043267685722,False,7.72878992100095,15.077857884722302,inf,inf,251.9938234184903
2.235,644.9954396102108,False,3.0164236799727036,5.755683000108271,inf,inf,152.2827600181491
2.235,651.7865524518495,False,1.9425670035709328,3.6271207661315663,inf,inf,118.55453069906778
2.235,658.5776652934882,False,1.4668206496118747,2.6812726192008633,inf,inf,100.18069888151929
2.235,665.3687781351268,False,1.1983494625420368,2.145427089333795,inf,inf,88.23274993905926
2.235,672.1598909767654,False,1.0259698837238054,1.799749084536579,inf,inf,79.68910925071556
2.235,678.951003818404,False,0.9059745507784219,1.5578083284426434,inf,inf,73.20395864329886
2.235,685.7421166600427,False,0.8176837283895003,1.3787036102721002,inf,inf,68.07459435587772
2.235,692.5332295016814,False,0.750042933841871,1.2405655590037488,2.671466101119916,5659.433620768184,63.89345567415432
2.235,699.32434234332,False,0.6966054468275563,1.1306365118829766,2.635012476464748,5506.035242609414,60.405739390651945
2.235,706.1154551849586,False,0.6533573795984818,1.0409702586404574,2.6001910650694824,5361.473432787387,57.44289535051222
2.235,712.9065680265974,False,0.6176685460364875,0.9663575881813662,2.566434440734939,5223.167876020771,54.8884066716149
2.235,719.6976808682359,False,0.5877432242917991,0.9032401968284942,2.533665237128201,5090.636659001653,52.65882505790662
2.235,726.4887937098746,False,0.5623133479291345,0.8491039311508215,2.5018856761230523,4963.734643388363,50.692622911868945
2.235,733.2799065515132,False,0.540457827662261,0.8021214311350432,2.471106760675596,4842.355310450547,48.94331852700427
2.235,740.0710193931518,False,0.521491380017054,0.7609322191454,2.441332227358342,4726.366587254684,47.37506419520385
2.235,746.8621322347906,False,0.5048935416856085,0.7245022595756734,2.4125558571251386,4615.6023895442895,45.95971803189109
2.235,753.6532450764291,False,0.49026188208446553,0.6920313767359705,2.3847624792379265,4509.868671203462,44.67484376232248
2.235,760.4443579180678,False,0.4772803055583143,0.6628905194549454,2.357929864920824,4408.952311399282,43.502309877831365
2.235,767.2354707597065,False,0.46569705359405345,0.6365782141286447,2.3320306240108377,4312.6293437530185,42.42728691219654
2.235,774.026583601345,False,0.45530911096861687,0.6126896876005643,2.3070338378760336,4220.671619080562,41.437515735032754
2.235,780.8176964429838,False,0.4459509407241681,0.59089455562588,2.2829063773214404,4132.851852552811,40.52276438916266
2.235,787.6088092846223,False,0.4374862074814932,0.5709204253938157,2.2596139285213526,4048.947273677224,39.67441866014811
2.235,794.399922126261,False,0.4298016030119477,0.5525406592397418,2.237121771859057,3968.742152895553,38.885169161952106
2.235,801.1910349678997,False,0.4228021761259611,0.5355651165486396,2.215395360618751,3892.029459709498,38.14876917921113
2.235,807.9821478095383,False,0.4164077557662264,0.5198330603861002,2.194400741534138,3818.6118664141222,37.45984512376562
2.235,814.773260651177,False,0.4105501798087689,0.5052076599134512,2.174104852369916,3748.302268581499,36.81374662454264
2.235,821.5643734928155,False,0.4051711253820665,0.49157168444628013,2.1544757250042497,3680.9239553550588,36.2064268281668
2.235,828.3554863344542,False,0.400220393608264,0.47882409797311665,2.1354826165996528,3616.310531175946,35.63434597971205
2.235,835.1465991760929,False,0.39565454140748535,0.4668773415770187,2.117096086563179,3554.30566556204,35.094393123724444
2.235,841.9377120177315,False,0.3914357810583931,0.45565514671486407,2.099288033050786,3494.7627281041264,34.583822040688304
2.235,848.7288248593702,False,0.38753108827301735,0.44509076202014425,2.0820316996383084,3437.544350912149,34.100198463594616
2.235,855.5199377010088,False,0.38391147407125936,0.43512550505040365,2.06530166032145,3382.521949395013,33.64135630461489
2.235,862.3110505426475,False,0.38055138637824826,0.42570757145966565,2.04907378908799,3329.5752236902763,33.2053611326019
2.235,869.1021633842861,False,0.37742821513973074,0.4167910496624045,2.0333252188154245,3278.5916566322517,32.79047952649383
2.235,875.8932762259248,False,0.3745218806336642,0.4083351007054815,2.018034293094595,3229.466019351094,32.39515322163943
2.235,882.6843890675634,False,0.37181448909344983,0.4003032718528267,2.0031805136900327,3182.0998920355864,32.01797718973321
2.235,889.475501909202,False,0.3692900431340375,0.39266291907488454,1.9887444856625338,3136.401204766965,31.65768096580128
2.235,896.2666147508407,False,0.3669341970615237,0.3853847187650945,1.9747078616532054,3092.2838014100766,31.313112670137354
2.235,903.0577275924793,False,0.364734049148126,0.3784422529715221,1.9610532864243564,3049.667028153676,30.983225278479495
2.235,909.848840434118,False,0.3626779645125023,0.37181165551992434,1.9477643424440567,3008.4753472933226,30.667064776899892
2.235,916.6399532757566,False,0.36075542346669975,0.3654713088257037,1.934825497065883,2968.6379761461912,30.36375990394857
2.235,923.4310661173952,False,0.358956891154525,0.35940158310273196,1.9222220516766444,2930.08855050161,30.07251323538478
2.235,930.222178959034,False,0.3572737050710052,0.3535846111939794,1.909940093049973,2892.7648116877767,29.79259340926308
2.235,937.0132918006725,False,0.35569797766329525,0.34800409346033584,1.897966447042391,2856.60831613059,29.523328323430565
2.235,943.8044046423112,False,0.35422251170369096,0.3426451281368609,1.886288634693063,2821.564166162399,29.264099165344664
2.235,950.5955174839498,False,0.3528407265211252,0.3374940633510972,1.8748948307330493,2787.5807607832667,29.014335156858372
2.235,957.3866303255885,False,0.351546593498536,0.3325383676353307,1.8637738244696762,2754.6095650662664,28.77350891526842
2.235,964.1777431672272,False,0.35033457950516284,0.3277665162842463,1.8529149829832348,2722.604896918681,28.541132347287732
2.235,970.9688560088657,False,0.34919959714699966,0.3231678913348867,1.842308216553588,2691.5237299519754,28.316753005311842
2.235,977.7599688505044,False,0.34813696089490154,0.3187326932959307,1.83194394622156,2661.325511268618,28.09995084591529
2.235,984.551081692143,False,0.34714234829527946,0.31445186304241396,1.8218130733821862,2631.971993036835,27.890335339319154
2.235,991.3421945337817,False,0.3462117655890072,0.3103170125318808,1.8119069513031367,2603.4270767924195,27.687542885948023
2.235,998.1333073754204,False,0.3453415171645719,0.3063203631976298,1.802217358460369,2575.6566694754006,27.491234502390714
2.235,1004.924420217059,False,0.3445281783554106,0.3024546910416066,1.7927364735843303,2548.6285502790893,27.301093744304527
2.235,1011.7155330586976,False,0.34376857116170917,0.29871327758944904,1.7834568523122756,2522.3122474554534,27.116824838222435
2.235,1018.5066459003363,False,0.34305974253612276,0.29508986598796727,1.77437140534584,2496.6789242854993,26.938150997973562
2.235,1025.297758741975,False,0.3423989449228345,0.2915786216248011,1.7654733780172454,2471.7012734847012,26.764812904621813
2.235,1032.0888715836136,False,0.34178361878164465,0.2881740967342057,1.7567563311720897,2447.353419371079,26.596567331552457
2.235,1038.8799844252521,False,0.3412113768647198,0.2848711985244872,1.7482141232814272,2423.6108271772605,26.433185898672125
2.235,1045.6710972668907,False,0.3406799900442177,0.2816651604235848,1.7398408937009742,2400.4502189386117,26.274453941691988
2.235,1052.4622101085295,False,0.3401873745151422,0.2785515160913873,1.7316310469999832,2377.8494954355224,26.12016948418942
2.235,1059.2533229501682,False,0.3397315802201605,0.27552607589201966,1.7235792382873463,2355.7876637114905,25.970142301632347
2.235,1066.0444357918068,False,0.33931078036235257,0.27258490555769166,1.715680359466917,2334.2447697276434,25.824193067840394
2.235,1072.8355486334453,False,0.3389232618884076,0.26972430680872855,1.7079295263586103,2313.2018357510265,25.682152575473744
2.235,1079.6266614750841,False,0.3385674168390603,0.26694079972292106,1.700322066626557,2292.640802108665,25.54386102311197
2.235,1086.4177743167227,False,0.3382417344759445,0.264231106672036,1.6928535084587155,2272.5444729675705,25.409167362333346
2.235,1093.2088871583614,False,0.33794479410472683,0.2615921376647145,1.685519569946954,2252.8964658311343,25.277928698941828
2.235,1100.0,False,0.33767525852373476,0.25902097695363924,1.6783161491199168,2233.681164467279,25.15000974313853
2.254,420.8887158361356,False,,,,,
2.254,427.67982867777425,False,,,,,
2.254,434.47094151941286,False,,,,,
2.254,441.2620543610515,False,,,,,
2.254,448.0531672026902,False,,,,,
2.254,454.8442800443288,False,,,,,
2.254,461.63539288596746,False,,,,,
2.254,468.4265057276061,False,,,,,
2.254,475.21761856924473,False,,,,,
2.254,482.0087314108834,False,,,,,
2.254,488.799844252522,False,,,,,
2.254,495.5909570941607,False,,,,,
2.254,502.38206993579934,False,,,,,
2.254,509.17318277743794,False,,,,,
2.254,515.9642956190767,False,,,,,
2.254,522.7554084607152,False,,,,,
2.254,529.5465213023539,False,,,,,
2.254,536.3376341439925,False,,,,,
2.254,543.1287469856312,False,,,,,
2.254,549.9198598272699,False,,,,,
2.254,556.7109726689084,False,,,,,
2.254,563.5020855105471,False,,,,,
2.254,570.2931983521858,False,,,,,
2.254,577.0843111938244,False,,,,,
2.254,583.8754240354631,False,,,,,
2.254,590.6665368771016,False,,,,,
2.254,597.4576497187403,False,,,,,
2.254,604.248762560379,False,,,,,
2.254,611.0398754020176,False,,,,,
2.254,617.8309882436563,False,,,,,
2.254,624.6221010852948,False,,,,,
2.254,631.4132139269336,False,,,,,
2.254,638.2043267685722,False,11.433425296285204,22.38092068164787,inf,inf,308.53560544347897
2.254,644.9954396102108,False,3.386691432019547,6.483679370174155,inf,inf,162.29053987028124
2.254,651.7865524518495,False,2.0686372464691347,3.875083092932121,inf,inf,122.95926061718544
2.254,658.5776652934882,False,1.527641159452808,2.801344734758206,inf,inf,102.6916912556986
2.254,665.3687781351268,False,1.2329748475137663,2.214305392993802,inf,inf,89.85124712010516
2.254,672.1598909767654,False,1.0476367136542362,1.8433762725193583,inf,inf,80.80844816967435
2.254,678.951003818404,False,0.9203524554695102,1.5872747425627665,inf,inf,74.01314685736095
2.254,685.7421166600427,False,0.8275878351315091,1.3995052672084098,inf,inf,68.67680335219748
2.254,692.5332295016814,False,0.7570217428090337,1.2557198253605009,2.674799406159424,5673.565477208819,64.35020717568204
2.254,699.32434234332,False,0.7015774228164948,1.141929675654166,2.637605351814527,5516.876547738313,60.756184389567586
2.254,706.1154551849586,False,0.6568997694247,1.0495228569062716,2.602132487911102,5369.482669497042,57.71322382537382
2.254,712.9065680265974,False,0.6201611892394832,0.9729055606726474,2.5677542763409487,5228.54147562707,55.0968450328499
2.254,719.6976808682359,False,0.5894455644612092,0.9082852642199676,2.534390892021329,5093.553046173489,52.818471568135806
2.254,726.4887937098746,False,0.5634081598188568,0.8529988780010405,2.5020471041212082,4964.37520950615,50.813144315506136
2.254,733.2799065515132,False,0.5410772718960963,0.8051208611303754,2.4707360168729604,4840.902407988923,49.03201069303437
2.254,740.0710193931518,False,0.5217331680990587,0.7632240077114076,2.4404623402294674,4722.999021846272,47.43753994954326
2.254,746.8621322347906,False,0.504831316146128,0.7262277269781595,2.4112198372863993,4610.491768874899,46.000367355516644
2.254,753.6532450764291,False,0.48995208244335153,0.6932986159754548,2.3829925900414106,4503.177014540386,44.69715007303323
2.254,760.4443579180678,False,0.47676682855454494,0.66378343193949,2.3557571309833216,4400.830723974101,43.50907254442421
2.254,767.2354707597065,False,0.46501448884525526,0.6371627759732504,2.3294845261074912,4303.217475606507,42.42078104850038
2.254,774.026583601345,False,0.45448503312450705,0.6130183835583595,2.304142145205493,4210.097663870614,41.41960905870585
2.254,780.8176964429838,False,0.4450075626017059,0.5910095732143453,2.279695077430494,4121.232898500768,40.495004078859616
2.254,787.6088092846223,False,0.4364415916673763,0.5708559932125771,2.25610722460961,4036.389870183588,39.63809685998976
2.254,794.399922126261,False,0.4286705628502987,0.552324783822369,2.2333421250865575,3955.3429969497715,38.841373035791506
2.254,801.1910349678997,False,0.4215969546074784,0.5352208895680163,2.2113635612040543,3877.876136520996,38.09841961734364
2.254,807.9821478095383,False,0.41513854324516425,0.519379654377439,2.190135997078482,3803.783600629453,37.403727001429516
2.254,814.773260651177,False,0.4092255131713848,0.5046610951116383,2.1696248852808186,3732.8706580198154,36.752532692363395
2.254,821.5643734928155,False,0.4037981989324365,0.49094542533773033,2.1497968734023187,3664.953670064418,36.14069674770774
2.254,828.3554863344542,False,0.3988053034578936,0.4781295217090139,2.1306199349089727,3599.8599680918305,35.564601618887146
2.254,835.1465991760929,False,0.39420247924974816,0.46612410894477646,2.1120634432887773,3537.4275541073803,35.02107094295646
2.254,841.9377120177315,False,0.38995118903950976,0.45485149828668925,2.094098204173684,3477.5046854197913,34.507303195827895
2.254,848.7288248593702,False,0.38601778369009043,0.4442437563259184,2.076696456712165,3419.949387563466,34.020817101997096
2.254,855.5199377010088,False,0.3823727504710751,0.43424121144954475,2.059831852809363,3364.6289277276737,33.55940642029701
2.254,862.3110505426475,False,0.37899009605298795,0.4247912273369398,2.043479420789958,3311.4192717719493,33.121102263988654
2.254,869.1021633842861,False,0.3758468368500194,0.41584718932079634,2.027615518446041,3260.2045410960413,32.70414151819804
2.254,875.8932762259248,False,0.37292257551974695,0.407367661650548,2.012217779206301,3210.876480583024,32.30694022455322
2.254,882.6843890675634,False,0.37019914708064505,0.39931568290025193,1.9972650542213481,3163.333945111429,31.928071037567154
2.254,889.475501909202,False,0.36766032164177787,0.3916581737552604,1.982737352438228,3117.482409404834,31.56624403829897
2.254,896.2666147508407,False,0.3652915534450754,0.38436543676766627,1.968615780185697,3073.233504007456,31.22029033147212
2.254,903.0577275924793,False,0.36307976800908826,0.3774107318046876,1.9548824813708179,3030.50457874972,30.889147962329346
2.254,909.848840434118,False,0.361013180786684,0.37076991412875254,1.9415205790673495,2989.218294058115,30.57184977627515
2.254,916.6399532757566,False,0.35908114202022384,0.3644211245651281,1.9285141190338089,2949.302239760877,30.267512913198942
2.254,923.4310661173952,False,0.35727400347923904,0.3583445231966383,1.9158480155158368,2910.688580564351,29.97532968331238
2.254,930.222178959034,False,0.35558300355968786,0.35252205959819,1.9035079995503092,2873.3137270654815,29.694559615443602
2.254,937.0132918006725,False,0.3540001678571801,0.3469372738787898,1.8914805698861443,2837.118030976608,29.424522504338356
2.254,943.8044046423112,False,0.3525182228344455,0.34157512380543076,1.879752946561403,2802.045503137896,29.164592312410242
2.254,950.5955174839498,False,0.35113052061285777,0.3364218340951497,1.8683130271214317,2768.043552854231,28.91419180494713
2.254,957.3866303255885,False,0.34983097324969187,0.3314647646196712,1.857149345423549,2735.0627470986597,28.67278781708923
2.254,964.1777431672272,False,0.34861399513302616,0.32669229480309664,1.8462510329464636,2703.056588159758,28.439887066786564
2.254,970.9688560088657,False,0.34747445234732316,0.32209372193179087,1.835607782504451,2671.981308366035,28.21503244108547
2.254,977.7599688505044,False,0.34640761804434045,0.3176591714561141,1.8252098142548414,2641.7956805883086,27.99779969399777
2.254,984.551081692143,False,0.34540913300398224,0.3133795176612973,1.8150478438808375,2612.460843295544,27.787794503299924
2.254,991.3421945337817,False,0.34447497069387517,0.30924631333136565,1.8051130528295376,2583.9401390192706,27.584649841212215
2.254,998.1333073754204,False,0.3436014062397823,0.30525172723524574,1.795397060484575,2556.1989651586427,27.38802362029548
2.254,1004.924420217059,False,0.3427849888051838,0.30138848843552496,1.7858918981555059,2529.2046361372404,27.197596581280248
2.254,1011.7155330586976,False,0.34202251695066876,0.2976498365640105,1.776589984769311,2502.9262559965805,27.013070394096044
2.254,1018.5066459003363,False,0.3413110166044725,0.2940294773289582,1.7674841041538625,2477.334600582436,26.83416594722158
2.254,1025.297758741975,False,0.3406477213267925,0.290521542620812,1.7585673838084803,2452.4020085478523,26.660621803762446
2.254,1032.0888715836136,False,0.3400300545938443,0.2871205546695315,1.7498332750618795,2428.1022804589434,26.492192805461105
2.254,1038.8799844252521,False,0.3394556138644486,0.2838213937798529,1.7412755345236097,2404.4105853487945,26.328648808241915
2.254,1045.6710972668907,False,0.33892215622325983,0.2806192692331999,1.7328882067405755,2381.3033741187887,26.16977353495004
2.254,1052.4622101085295,False,0.3384275854215095,0.2775096929982426,1.7246656079758433,2358.758299237188,26.015363532713028
2.254,1059.2533229501682,False,0.33796994015902354,0.27448845593771176,1.7166023110319262,2336.754140229955,25.86522722387975
2.254,1066.0444357918068,False,0.3375473834709537,0.2715516062382737,1.7086931310467866,2315.2707345037397,25.71918404081287
2.254,1072.8355486334453,False,0.33715819309955536,0.2686954298239727,1.7009331121946376,2294.288913076964,25.57706363595443
2.254,1079.6266614750841,False,0.33680075274595245,0.2659164325428692,1.6933175152289694,2273.79044083244,25.438705159578802
2.254,1086.4177743167227,False,0.3364735441094494,0.26321132394167573,1.6858418058095146,2253.7579609373233,25.303956598513942
2.254,1093.2088871583614,False,0.33617513963288564,0.26057700246502713,1.6785016435582905,2234.174943104109,25.17267416986711
2.254,1100.0,False,0.335904195882032,0.2580105419349955,1.6712928717978321,2215.0256354045505,25.04472176445266
2.2729999999999997,420.8887158361356,False,,,,,
2.2729999999999997,427.67982867777425,False,,,,,
2.2729999999999997,434.47094151941286,False,,,,,
2.2729999999999997,441.2620543610515,False,,,,,
2.2729999999999997,448.0531672026902,False,,,,,
2.2729999999999997,454.8442800443288,False,,,,,
2.2729999999999997,461.63539288596746,False,,,,,
2.2729999999999997,468.4265057276061,False,,,,,
2.2729999999999997,475.21761856924473,False,,,,,
2.2729999999999997,482.0087314108834,False,,,,,
2.2729999999999997,488.799844252522,False,,,,,
2.2729999999999997,495.5909570941607,False,,,,,
2.2729999999999997,502.38206993579934,False,,,,,
2.2729999999999997,509.17318277743794,False,,,,,
2.2729999999999997,515.9642956190767,False,,,,,
2.2729999999999997,522.7554084607152,False,,,,,
2.2729999999999997,529.5465213023539,False,,,,,
2.2729999999999997,536.3376341439925,False,,,,,
2.2729999999999997,543.1287469856312,False,,,,,
2.2729999999999997,549.9198598272699,False,,,,,
2.2729999999999997,556.7109726689084,False,,,,,
2.2729999999999997,563.5020855105471,False,,,,,
2.2729999999999997,570.2931983521858,False,,,,,
2.2729999999999997,577.0843111938244,False,,,,,
2.2729999999999997,583.8754240354631,False,,,,,
2.2729999999999997,590.6665368771016,False,,,,,
2.2729999999999997,597.4576497187403,False,,,,,
2.2729999999999997,604.248762560379,False,,,,,
2.2729999999999997,611.0398754020176,False,,,,,
2.2729999999999997,617.8309882436563,False,,,,,
2.2729999999999997,624.6221010852948,False,,,,,
2.2729999999999997,631.4132139269336,False,,,,,
2.2729999999999997,638.2043267685722,False,22.638029935427006,44.464129254423774,inf,inf,437.13286423623214
2.2729999999999997,644.9954396102108,False,3.8781412845066505,7.44915493819512,inf,inf,174.7001569474504
2.2729999999999997,651.7865524518495,False,2.2172379695041116,4.1669255892785255,inf,inf,127.96055941693149
2.2729999999999997,658.5776652934882,False,1.5960397548809966,2.936068835682932,inf,inf,105.44545447534306
2.2729999999999997,665.3687781351268,False,1.2709818109001243,2.2896638650837136,inf,inf,91.59476619633968
2.2729999999999997,672.1598909767654,False,1.0710913994666171,1.8903917568320032,inf,inf,82.00190913737272
2.2729999999999997,678.951003818404,False,0.935791569785923,1.6187248354219839,inf,inf,74.87068613126718
2.2729999999999997,685.7421166600427,False,0.8381783204569334,1.4215685634573965,inf,inf,69.31284862430138
2.2729999999999997,692.5332295016814,False,0.7644754904571821,1.271729768302447,2.67831906014972,5688.506504556668,64.8319659910133
2.2729999999999997,699.32434234332,False,0.7068966614434149,1.1538341233483518,2.6403570136358034,5528.3934314681,61.125943412976525
2.2729999999999997,706.1154551849586,False,0.6607080647303463,1.0585314346051058,2.60422222244299,5378.110438476878,57.99902239441512
2.2729999999999997,712.9065680265974,False,0.6228655774399318,0.9798063704531671,2.569213555673019,5234.486024648673,55.31805971668744
2.2729999999999997,719.6976808682359,False,0.5913222571848595,0.9136120989735055,2.5352476049684713,5096.99722710019,52.98894741426218
2.2729999999999997,726.4887937098746,False,0.5646506985533915,0.857125060707769,2.5023317197671235,4965.504700008218,50.943050563634884
2.2729999999999997,733.2799065515132,False,0.5418249722717171,0.8083146088449427,2.470481242184997,4839.904101570953,49.128991661049206
2.2729999999999997,740.0710193931518,False,0.5220886388978965,0.7656824903220961,2.439701945202196,4720.056312656863,47.50745639521153
2.2729999999999997,746.8621322347906,False,0.5048716390404027,0.7280987762448786,2.4099876060134067,4605.7806758474735,46.04778965311513
2.2729999999999997,753.6532450764291,False,0.48973616726680264,0.6946949914556524,2.381321547587684,4496.86364067983,44.7256954857637
2.2729999999999997,760.4443579180678,False,0.47634038239545323,0.6647924475939683,2.3536790236038603,4393.069851749718,43.52164148314026
2.2729999999999997,767.2354707597065,False,0.4644134520596728,0.6378529490383695,2.3270294999895604,4294.151998462401,42.41972609233472
2.2729999999999997,774.026583601345,False,0.45373800463820746,0.6134441222278649,2.301338571175297,4199.858591050195,41.40685814554033
2.2729999999999997,780.8176964429838,False,0.4441375434654734,0.5912145427545448,2.27656947902053,4109.939731627368,40.47215179374634
2.2729999999999997,787.6088092846223,False,0.43546725926908036,0.5708755731446926,2.252684277084932,4024.1512056939378,39.60647309602996
2.2729999999999997,794.399922126261,False,0.4276072160251052,0.5521878883848793,2.22964470157135,3942.2572523721165,38.80209533282045
2.2729999999999997,801.1910349678997,False,0.4204572241231423,0.5349513346858146,2.207412808696965,3864.0323312328455,38.05243354603942
2.2729999999999997,807.9821478095383,False,0.4139329324787118,0.51899719673485,2.185951430139093,3789.26214525514,37.3518376698427
2.2729999999999997,814.773260651177,False,0.4079628141873001,0.5041822308607606,2.1652244888478265,3717.74412323497,36.695429576215425
2.2729999999999997,821.5643734928155,False,0.4024858159778334,0.49038401037525164,2.1451972088788134,3649.2875171081328,36.07897344163318
2.2729999999999997,828.3554863344542,False,0.39744950686324276,0.477497257955066,2.1258362455760693,3583.713231170766,35.49877168246252
2.2729999999999997,835.1465991760929,False,0.39280860645436877,0.46543092891260857,2.1071097564838097,3520.8534701709464,34.95158071452578
2.2729999999999997,841.9377120177315,False,0.38852380504574113,0.45410587168519173,2.0889874286421617,3460.5512702631886,34.43454223054367
2.2729999999999997,848.7288248593702,False,0.38456081010040066,0.4434529363446574,2.071440474224056,3402.659959428944,33.94512673267582
2.2729999999999997,855.5199377010088,False,0.38088956998852613,0.43341143398095566,2.054441603601702,3347.0425809192207,33.48108682339697
2.2729999999999997,862.3110505426475,False,0.37748363766561066,0.42392787318440667,2.0379649827181474,3293.5713035513995,33.04041832643407
2.2729999999999997,869.1021633842861,False,0.3743196456954129,0.4149549170785236,2.0219861799391636,3242.126835485981,32.621327735682634
2.2729999999999997,875.8932762259248,False,0.37137687051445256,0.4064505171827096,2.006482106258324,3192.597852799201,32.222204812576926
2.2729999999999997,882.6843890675634,False,0.36863686871369183,0.39837719002644556,1.9914309517327418,3144.880450278412,31.841599398683343
2.2729999999999997,889.475501909202,False,0.366083171812441,0.3907014097491483,1.9768121202679412,3098.877619039459,31.478201699914393
2.2729999999999997,896.2666147508407,False,0.36370102882813077,0.38339309551215056,1.9626061642928225,3054.498753527462,31.130825445907217
2.2729999999999997,903.0577275924793,False,0.36147718812542295,0.37642517685963145,1.9487947204276699,3011.6591890114983,30.79839344313582
2.2729999999999997,909.848840434118,False,0.3593997117203034,0.3697732235122003,1.9353604469160752,2970.279769663977,30.479925130855875
2.2729999999999997,916.6399532757566,False,0.3574578165378839,0.363415128694085,1.922286963342394,2930.286446618584,30.174525820717943
2.2729999999999997,923.4310661173952,False,0.35564173816374384,0.35733083715487995,1.9095587929686098,2891.6099049348645,29.881377358064878
2.2729999999999997,930.222178959034,False,0.3539426134531519,0.35150211067856935,1.8971613078850083,2854.185218103798,29.599729988785036
2.2729999999999997,937.0132918006725,False,0.35235237901937255,0.3459123251727893,1.8850806770660455,2817.9515285583284,29.32889525257124
2.2729999999999997,943.8044046423112,False,0.35086368314844346,0.3405462944731547,1.8733038173474517,2782.851752570215,29.068239753407383
2.2729999999999997,950.5955174839498,False,0.3494698091117068,0.335390116836958,1.8618183472865657,2748.832307894699,28.81717968252941
2.2729999999999997,957.3866303255885,False,0.3481646081904894,0.33043104078027113,1.8506125438298309,2715.842862547451,28.575175989097456
2.2729999999999997,964.1777431672272,False,0.3469424410065319,0.32565734746569247,1.8396753016854555,2683.836103150223,28.341730110260077
2.2729999999999997,970.9688560088657,False,0.3457981259799356,0.32105824730022897,1.8289960952824615,2652.7675213522593,28.116380185872
2.2729999999999997,977.7599688505044,False,0.3447268939237542,0.31662378877423203,1.8185649431875306,2622.595216916786,27.89869769439245
2.2729999999999997,984.551081692143,False,0.34372434793880696,0.3123447778786165,1.8083723748458744,2593.2797161486274,27.688284455871955
2.2729999999999997,991.3421945337817,False,0.34278642790018216,0.30821270669127415,1.7984093995114503,2564.783804429398,27.48476995577819
2.2729999999999997,998.1333073754204,False,0.3419093789332079,0.30421968993451187,1.7886674772332836,2537.0723717154065,27.287808949993266
2.2729999999999997,1004.924420217059,False,0.34108972336528076,0.3003584084812925,1.7791384917678024,2510.1122699390826,27.097079316851595
2.2729999999999997,1011.7155330586976,False,0.34032423571425874,0.2966220589355262,1.7698147252921885,2483.8721813385882,26.91228012677339
2.2729999999999997,1018.5066459003363,False,0.3396099203364312,0.2930043085354785,1.7606888347987724,2458.3224968170534,26.733129904011527
2.2729999999999997,1025.297758741975,False,0.3389439914097191,0.28949925473388055,1.7517538300571016,2433.4352035079364,26.55936505840676
2.2729999999999997,1032.0888715836136,False,0.3383238549721696,0.28610138889665115,1.7430030530360257,2409.183780789773,26.390738467920006
2.2729999999999997,1038.8799844252521,False,0.3377470927735831,0.28280556363716963,1.7344301586850213,2385.5431040585345,26.22701819517319
2.2729999999999997,1045.6710972668907,False,0.33721144773017,0.27960696336684576,1.7260290969798626,2362.4893556232164,26.067986323339415
2.2729999999999997,1052.4622101085295,False,0.33671481079952204,0.27650107769720433,1.7177940961441414,2339.9999421449825,25.913437898537282
2.2729999999999997,1059.2533229501682,False,0.3362552091166414,0.27348367737536117,1.70971964696431,2318.05341809034,25.763179967451023
2.2729999999999997,1066.0444357918068,False,0.3358307952518348,0.2705507924747538,1.7018004881208568,2296.6294147122685,25.617030700248257
2.2729999999999997,1072.8355486334453,False,0.335439837468604,0.26769869259745405,1.6940315924643616,2275.7085741168216,25.474818590041288
2.2729999999999997,1079.6266614750841,False,0.3350807108745485,0.264923868874072,1.6864081541693219,2255.272488008188,25.336381721153675
2.2729999999999997,1086.4177743167227,False,0.33475188937120953,0.2622230175729697,1.6789255767074256,2235.3036407505683,25.201567099342356
2.2729999999999997,1093.2088871583614,False,0.334451938319922,0.2595930251527399,1.6715794615746447,2215.785356385352,25.0702300378958
2.2729999999999997,1100.0,False,0.33417950785046013,0.25703095461126796,1.6643655977303498,2196.701749323553,24.94223359420684
2.292,420.8887158361356,False,,,,,
2.292,427.67982867777425,False,,,,,
2.292,434.47094151941286,False,,,,,
2.292,441.2620543610515,False,,,,,
2.292,448.0531672026902,False,,,,,
2.292,454.8442800443288,False,,,,,
2.292,461.63539288596746,False,,,,,
2.292,468.4265057276061,False,,,,,
2.292,475.21761856924473,False,,,,,
2.292,482.0087314108834,False,,,,,
2.292,488.799844252522,False,,,,,
2.292,495.5909570941607,False,,,,,
2.292,502.38206993579934,False,,,,,
2.292,509.17318277743794,False,,,,,
2.292,515.9642956190767,False,,,,,
2.292,522.7554084607152,False,,,,,
2.292,529.5465213023539,False,,,,,
2.292,536.3376341439925,False,,,,,
2.292,543.1287469856312,False,,,,,
2.292,549.9198598272699,False,,,,,
2.292,556.7109726689084,False,,,,,
2.292,563.5020855105471,False,,,,,
2.292,570.2931983521858,False,,,,,
2.292,577.0843111938244,False,,,,,
2.292,583.8754240354631,False,,,,,
2.292,590.6665368771016,False,,,,,
2.292,597.4576497187403,False,,,,,
2.292,604.248762560379,False,,,,,
2.292,611.0398754020176,False,,,,,
2.292,617.8309882436563,False,,,,,
2.292,624.6221010852948,False,,,,,
2.292,631.4132139269336,False,,,,,
2.292,638.2043267685722,False,,,,,
2.292,644.9954396102108,False,4.561189920509287,8.790127813366361,inf,inf,190.62275257029225
2.292,651.7865524518495,False,2.394798924776361,4.51518352395523,inf,inf,133.69625402024818
2.292,658.5776652934882,False,1.6734256609576705,3.0881786746912274,inf,inf,108.47861255437967
2.292,665.3687781351268,False,1.312827408931963,2.372385492399804,inf,inf,93.47697654378048
2.292,672.1598909767654,False,1.096518974564158,1.9411520902075712,inf,inf,83.27566342557378
2.292,678.951003818404,False,0.9523780261924717,1.6523245994504383,inf,inf,75.77971089730309
2.292,685.7421166600427,False,0.8494991270842793,1.4449785611371735,inf,inf,69.98444629945106
2.292,692.5332295016814,False,0.7724279501482912,1.288641934929579,2.682032539579438,5704.291626265338,65.33971517027958
2.292,699.32434234332,False,0.7125764358331623,1.1663764444824887,2.643269715618316,5540.5974206799365,61.51559081158634
2.292,706.1154551849586,False,0.6647896993269246,1.0680115367985465,2.6064622121155416,5387.366248321057,58.30062383536759
2.292,712.9065680265974,False,0.6257857227651425,0.9870691245626685,2.5708141087746803,5241.009952941351,55.55223395160611
2.292,719.6976808682359,False,0.5933752232812394,0.9192258956306453,2.5362370629207134,5100.976521724634,53.17033973191279
2.292,726.4887937098746,False,0.5660415621973279,0.8614852148744259,2.5027410352114576,4967.1292839710895,51.08236514855718
2.292,733.2799065515132,False,0.5427006665052441,0.8117038221728307,2.470343759975277,4839.36543551303,49.234241715405915
2.292,740.0710193931518,False,0.5225569577204521,0.7683077675691352,2.439052176878053,4717.542452572342,47.58476388478169
2.292,746.8621322347906,False,0.505013287906908,0.7301148058123669,2.4088601176475364,4601.472147972145,46.10191420323065
2.292,753.6532450764291,False,0.4896126477518669,0.6962194254937555,2.379750138747902,4490.9307335858875,44.76039425213529
2.292,760.4443579180678,False,0.47599929355079884,0.6659161638747183,2.3516961765439843,4385.671122891987,43.53992013009201
2.292,767.2354707597065,False,0.46389214087809827,0.6386471090353423,2.324666040625368,4285.433673419243,42.42401764869447
2.292,774.026583601345,False,0.45306613323490724,0.6139651289993608,2.2986234853568766,4189.954572484954,41.399152916652916
2.292,780.8176964429838,False,0.4433389285957499,0.5915075894616565,2.273529838333294,4098.972001375466,40.4540933366341
2.292,787.6088092846223,False,0.43456121274664294,0.5709772258374232,2.2493452394691373,4012.2304638018923,39.57943020755539
2.292,794.399922126261,False,0.42660953633546667,0.552127994523209,2.226029561298584,3929.4836844382676,38.767216789187295
2.292,801.1910349678997,False,0.41938094010935023,0.5347544528616074,2.2035430774166143,3850.496430599518,38.01069024491861
2.292,807.9821478095383,False,0.4127888680764455,0.5186836811359332,2.181846936077086,3775.0455418478527,37.30405544161108
2.292,814.773260651177,False,0.4067600221764913,0.5037690632647253,2.160903485178445,3702.9203885750053,36.6423149945129
2.292,821.5643734928155,False,0.4012319146251269,0.48988544514453286,2.1406764851411073,3633.9229272668817,36.02113431945761
2.292,828.3554863344542,False,0.3961509437174824,0.47692532688757777,2.121131238049558,3567.8674777506703,35.43673349010834
2.292,835.1465991760929,False,0.39147086689977484,0.46479583991719614,2.1022346548894566,3504.580314943303,34.88579983678735
2.292,841.9377120177315,False,0.3871515785408425,0.4534163262066943,2.083955277555781,3443.899142703393,34.36541675158549
2.292,848.7288248593702,False,0.3831581237024533,0.4427163840312077,2.0662632683004727,3385.6724986637323,33.87300527046828
2.292,855.5199377010088,False,0.37945989636558225,0.43263427845610697,2.0491303761964508,3329.7591249600982,33.40627581318661
2.292,862.3110505426475,False,0.3760299830517469,0.4231156394161171,2.0325298878230114,3276.027329430778,32.96318806174112
2.292,869.1021633842861,False,0.3728446219587468,0.41411238835746067,2.016436567564546,3224.3543542449493,32.54191740704899
2.292,875.8932762259248,False,0.3698827545516189,0.40558184788028656,2.000826591532372,3174.6257633412065,32.14082673258538
2.292,882.6843890675634,False,0.3671256516671904,0.39748599892191855,1.9856774780686808,3126.7348560017845,31.758442562276784
2.292,889.475501909202,False,0.3645566000644817,0.3897908576707097,1.9709680169937425,3080.5821109589683,31.393434798634296
2.292,896.2666147508407,False,0.3621606383104856,0.38246595024071817,1.9566781991539766,3036.074663338346,31.044599431076886
2.292,903.0577275924793,False,0.359924333166398,0.3754838676323165,1.9427891473725827,2993.1258152668333,30.710843714574136
2.292,909.848840434118,False,0.35783558940347987,0.36881988698919366,1.929283049561499,2951.6545799502123,30.39117341320661
2.292,916.6399532757566,False,0.35588348735506786,0.36245164788395284,1.9161430944965399,2911.5852583332944,30.08468177799415
2.292,923.4310661173952,False,0.35405814359376153,0.35635887450414966,1.9033534105663483,2872.8470470062,29.790539987861237
2.292,930.222178959034,False,0.352350590979103,0.35052313630343473,1.890899007663958,2835.373675743789,29.507988830284916
2.292,937.0132918006725,False,0.35075267500241597,0.34492764102978907,1.8787657222867093,2799.103072916766,29.236331436573654
2.292,943.8044046423112,False,0.34925696390072125,0.3395570551212977,1.8669401658348412,2763.977056949644,28.974926917821406
2.292,950.5955174839498,False,0.3478566704504424,0.33439734732797216,1.8554096760464873,2729.941052002497,28.723184772897287
2.292,957.3866303255885,False,0.3465455837064332,0.3294356521203095,1.8441622714698187,2696.9438260947,28.480559960530442
2.292,964.1777431672272,False,0.34531800924032335,0.3246601500162305,1.833186608848857,2664.9372499590863,28.246548544562867
2.292,970.9688560088657,False,0.34416871666772025,0.3200599624243912,1.8224719432844458,2633.8760750022284,28.020683835481464
2.292,977.7599688505044,False,0.34309289344700755,0.31562505898450754,1.8120080910233187,2603.7177288424964,27.802532962974766
2.292,984.551081692143,False,0.3420861040916943,0.31134617570070894,1.801785394725142,2574.4221269991426,27.591693823944233
2.292,991.3421945337817,False,0.3411442540699166,0.30721474242483743,1.791794691057661,2545.9514994069214,27.38779235848478
2.292,998.1333073754204,False,0.3402635577740925,0.30322281846342536,1.7820272804729367,2518.2702305300513,27.190480113133415
2.292,1004.924420217059,False,0.3394405100348877,0.2993630352628385,1.772474899022505,2491.344711945493,26.99943205638887
2.292,1011.7155330586976,False,0.3386718607299177,0.29562854527836163,1.7631296920750343,2465.143206356105,26.8143446163221
2.292,1018.5066459003363,False,0.3379545921016993,0.2920129762601052,1.7539841898067643,2439.635722080034,26.634933914179868
2.292,1025.297758741975,False,0.33728589845328777,0.28851039029567205,1.745031284342137,2414.793897142863,26.460934171349166
2.292,1032.0888715836136,False,0.33666316793564893,0.28511524704006713,1.7362642084290656,2390.590892172748,26.292096270006123
2.292,1038.8799844252521,False,0.33608396617948993,0.28182237064011917,1.7276765155403826,2367.0012913670325,26.12818645029938
2.292,1045.6710972668907,False,0.33554602155713337,0.27862691992599187,1.7192620613007434,2344.0010108638307,25.968985129083087
2.292,1052.4622101085295,False,0.33504721188805464,0.27552436149807047,1.711014986144079,2321.5672139071503,25.81428582707507
2.292,1059.2533229501682,False,0.3345855524256972,0.2725104453851972,1.7029296991139307,2299.678232249145,25.66389419292137
2.292,1066.0444357918068,False,0.3341591849837152,0.2695811829910908,1.6950008627244035,2278.3134932793305,25.517627114032074
2.292,1072.8355486334453,False,0.3337663680774921,0.26673282708097396,1.6872233788093092,2257.4534524255337,25.37531190525523
2.292,1079.6266614750841,False,0.33340546797199555,0.26396185359073077,1.679592375280803,2237.079530379975,25.236785567496153
2.292,1086.4177743167227,False,0.3330749505402124,0.2612649450671411,1.6721031937436093,2217.1740547934955,25.10189410929717
2.292,1093.2088871583614,False,0.3327733738477858,0.2586389755704211,1.6647513778960532,2197.7202060613404,24.970491925182046
2.292,1100.0,False,0.3324993813893884,0.25608099689003394,1.6575326626655147,2178.7019668864946,24.84244122526163
2.311,420.8887158361356,False,,,,,
2.311,427.67982867777425,False,,,,,
2.311,434.47094151941286,False,,,,,
2.311,441.2620543610515,False,,,,,
2.311,448.0531672026902,False,,,,,
2.311,454.8442800443288,False,,,,,
2.311,461.63539288596746,False,,,,,
2.311,468.4265057276061,False,,,,,
2.311,475.21761856924473,False,,,,,
2.311,482.0087314108834,False,,,,,
2.311,488.799844252522,False,,,,,
2.311,495.5909570941607,False,,,,,
2.311,502.38206993579934,False,,,,,
2.311,509.17318277743794,False,,,,,
2.311,515.9642956190767,False,,,,,
2.311,522.7554084607152,False,,,,,
2.311,529.5465213023539,False,,,,,
2.311,536.3376341439925,False,,,,,
2.311,543.1287469856312,False,,,,,
2.311,549.9198598272699,False,,,,,
2.311,556.7109726689084,False,,,,,
2.311,563.5020855105471,False,,,,,
2.311,570.2931983521858,False,,,,,
2.311,577.0843111938244,False,,,,,
2.311,583.8754240354631,False,,,,,
2.311,590.6665368771016,False,,,,,
2.311,597.4576497187403,False,,,,,
2.311,604.248762560379,False,,,,,
2.311,611.0398754020176,False,,,,,
2.311,617.8309882436563,False,,,,,
2.311,624.6221010852948,False,,,,,
2.311,631.4132139269336,False,,,,,
2.311,638.2043267685722,False,,,,,
2.311,644.9954396102108,False,5.573994259385903,10.777386227566739,inf,inf,212.05780043679735
2.311,651.7865524518495,False,2.6104691702534044,4.937692724260252,inf,inf,140.35392955137382
2.311,658.5776652934882,False,1.7615872200939642,3.2611428514322998,inf,inf,111.83628560276246
2.311,665.3687781351268,False,1.3590586588369802,2.4635266030720846,inf,inf,95.5138877016381
2.311,672.1598909767654,False,1.1241333091896346,1.9960690208221767,inf,inf,84.63672786281192
2.311,678.951003818404,False,0.9702092118342184,1.6882613947109384,inf,inf,76.74372089949001
2.311,685.7421166600427,False,0.8615992644000846,1.4698298387742237,inf,inf,70.6934923883164
2.311,692.5332295016814,False,0.7809054486969826,1.3065075971809506,2.685949617174386,5720.965897947843,65.87453608352743
2.311,699.32434234332,False,0.7186314360150001,1.1795857960770801,2.646345790965355,5553.500539876735,61.925759697342755
2.311,706.1154551849586,False,0.6691529648359843,1.0779802192977597,2.6088544074255764,5397.259770896107,58.618398979527214
2.311,712.9065680265974,False,0.6289262007187585,0.9947038864733045,2.572557769836996,5248.121820012083,55.799577490305225
2.311,719.6976808682359,False,0.5956067828060021,0.9251324972353541,2.537360957369328,5105.49836198591,53.36275542369165
2.311,726.4887937098746,False,0.5675816519652789,0.8660825448666635,2.5032765652878792,4969.255218442635,51.231127191488284
2.311,733.2799065515132,False,0.5437043367364124,0.8152900081400452,2.470324892701732,4839.291514397869,49.34775413578715
2.311,740.0710193931518,False,0.5231374969792081,0.77110022957211,2.438514164609807,4715.461467335749,47.66942403101833
2.311,746.8621322347906,False,0.5052552228063952,0.7322754577663567,2.407838316877645,4597.569230956258,46.162680364443865
2.311,753.6532450764291,False,0.4895802008648821,0.6978710527170797,2.3782791366737825,4485.3804646135495,44.80116987680329
2.311,760.4443579180678,False,0.47574204246719703,0.6671533683918384,2.3498092063065417,4378.6359362606045,43.56382057819079
2.311,767.2354707597065,False,0.46344889835508457,0.6395438056346686,2.3223946227773293,4277.063219479238,42.43355953759437
2.311,774.026583601345,False,0.4524676656465674,0.6145797909990895,2.295997234754028,4180.385728648262,41.39639117207908
2.311,780.8176964429838,False,0.4426098973467537,0.5918869907742208,2.2705763872243394,4088.3292995145,40.44072212694724
2.311,787.6088092846223,False,0.43372158473209893,0.5711591565423049,2.2460902395649303,4000.6267666894387,39.55685844068639
2.311,794.399922126261,False,0.4256756245873313,0.5521432621713441,2.2224967376260727,3917.0209953884923,38.73662537617211
2.311,801.1910349678997,False,0.4183661823819655,0.5346283781147209,2.1997543145127847,3837.2667584573715,37.9730760851187
2.311,807.9821478095383,False,0.4117044168007094,0.5184372297768606,2.1778223828554717,3761.1317705884085,37.26026559831931
2.311,814.773260651177,False,0.4056151966895383,0.5034197129663827,2.1566616690197917,3688.3971197146348,36.59307352818447
2.311,821.5643734928155,False,0.40003455152567025,0.4894478562272423,2.136234428799889,3618.857276291369,35.96706355920739
2.311,828.3554863344542,False,0.39490767095857643,0.47641186648217015,2.1165045751365423,3552.31981454294,35.378371045818255
2.311,835.1465991760929,False,0.3901873201594634,0.46421699527777954,2.097437741222483,3488.6049440024044,34.82361231608274
2.311,841.9377120177315,False,0.3858325734566456,0.45278103334364406,2.079001296743659,3427.544922697778,34.29981090372939
2.311,848.7288248593702,False,0.38180779403792386,0.44203229104282293,2.0611643306668856,3368.983403196508,33.80433710353216
2.311,855.5199377010088,False,0.37808180564870775,0.431907958058947,2.0438976106573046,3312.774747798757,33.33485810194423
2.311,862.3110505426475,False,0.37462721538671184,0.42235276162985785,2.027173526669257,3258.783338182991,32.88929656812755
2.311,869.1021633842861,False,0.37141985636183167,0.41331786169775936,2.010966024323063,3206.8828967674817,32.465796063416185
2.311,875.8932762259248,False,0.3684383261595991,0.4047599354832814,1.9952505322150058,3156.9558312012437,32.062691983847834
2.311,882.6843890675634,False,0.36566360241569357,0.39664041457940297,1.9800038861991238,3108.8926091720023,31.67848702175042
2.311,889.475501909202,False,0.36307872086642073,0.3889248456643191,1.9652042528421627,3062.59116769121,31.311830340629925
2.311,896.2666147508407,False,0.3606685043324146,0.3815823520330692,1.9508310536226192,3017.9563588715428,30.961499818712376
2.311,903.0577275924793,False,0.35841933346881416,0.37458517783602696,1.9368648909710757,2974.8994327136957,30.626386842078222
2.311,909.848840434118,False,0.3563189519544444,0.36790830054238577,1.9232874768949006,2933.3375563947056,30.305483226904837
2.311,916.6399532757566,False,0.3543563002266881,0.3615290999777805,1.9100815646666425,2893.193368868864,29.997869928242658
2.311,923.4310661173952,False,0.35252137299445613,0.355427074507867,1.8972308838602434,2854.39456915962,29.702707254706056
2.311,930.222178959034,False,0.3508050966510687,0.34958359669610267,1.884720078876151,2816.873536467088,29.419226358032954
2.311,937.0132918006725,False,0.3491992234157107,0.34398170216027235,1.8725346509926473,2780.566980088653,29.146721806350623
2.311,943.8044046423112,False,0.34769623959725565,0.3386059064688468,1.8606609039063837,2745.415617110982,28.884545082253332
2.311,950.5955174839498,False,0.3462892858284779,0.3334420458159511,1.8490858926735065,2711.3638758547786,28.63209887303457
2.311,957.3866303255885,False,0.3449720874856879,0.3284771379392296,1.837797375927606,2678.359623116323,28.38883204185456
2.311,964.1777431672272,False,0.34373889380687866,0.3236992603342248,1.826783771228141,2646.3539133389104,28.154235186225208
2.311,970.9688560088657,False,0.34258442446463955,0.3190974432998269,1.8160341133796989,2615.3007579517953,27.927836704706568
2.311,977.7599688505044,False,0.3415038225493897,0.31466157574364445,1.8055380155560397,2585.156913226937,27.70919930472744
2.311,984.551081692143,False,0.3404926130825608,0.3103823220008277,1.7952856330611242,2555.8816851183824,27.497916894435605
2.311,991.3421945337817,False,0.33954666631496355,0.3062510481883109,1.7852676295615553,2527.436749663918,27.293611809824593
2.311,998.1333073754204,False,0.3386621651781132,0.30225975683928497,1.7754751456291058,2499.7859876387347,27.09593233537153
2.311,1004.924420217059,False,0.337835576350059,0.2984010287484251,1.7658997694381862,2472.8953322567017,26.904550482298276
2.311,1011.7155330586976,False,0.3370636244756334,0.29466797111369525,1.7565335094703989,2446.732628814902,26.719159993524332
2.311,1018.5066459003363,False,0.33634326914682977,0.291054171190924,1.7473687690859507,2421.2675052698783,26.539474548578134
2.311,1025.297758741975,False,0.3356716843043808,0.28755365478712863,1.7383983228299411,2396.4712528211526,26.365226145296873
2.311,1032.0888715836136,False,0.33504623976839026,0.2841608490113242,1.7296152943494407,2372.316715656983,26.196163638180842
2.311,1038.8799844252521,False,0.33446448464549544,0.2808705487801755,1.7210131358061294,2348.778189093322,26.032051415861897
2.311,1045.6710972668907,False,0.3339241323937177,0.27767788664269033,1.7125856086758697,2325.831325401261,25.872668202367336
2.311,1052.4622101085295,False,0.33342304735487316,0.27457830554514795,1.7043267658350483,2303.4530466828187,25.71780596876977
2.311,1059.2533229501682,False,0.332959232588944,0.2715675342061793,1.696230934839835,2281.621464209216,25.567268943457435
2.311,1066.0444357918068,False,0.3325308188658362,0.26864156481368895,1.6882927023151024,2260.315803697701,25.420872710678463
2.311,1072.8355486334453,False,0.33213605468803337,0.2657966327912368,1.6805068993644487,2239.5163360185425,25.27844338824317
2.311,1079.6266614750841,False,0.3317732972332127,0.2630291984124313,1.6728685879383287,2219.2043129194594,25.13981687633339
2.311,1086.4177743167227,False,0.3314410041193268,0.26033593006862893,1.6653730480832478,2199.361907340705,25.004838170295923
2.311,1093.2088871583614,False,0.33113772590631285,0.257713689018393,1.6580157660117913,2179.972157960842,24.873360731106047
2.311,1100.0,False,0.33086209925866394,0.2551595154672553,1.650792422934407,2161.018917635477,24.745245907892674
2.33,420.8887158361356,False,,,,,
2.33,427.67982867777425,False,,,,,
2.33,434.47094151941286,False,,,,,
2.33,441.2620543610515,False,,,,,
2.33,448.0531672026902,False,,,,,
2.33,454.8442800443288,False,,,,,
2.33,461.63539288596746,False,,,,,
2.33,468.4265057276061,False,,,,,
2.33,475.21761856924473,False,,,,,
2.33,482.0087314108834,False,,,,,
2.33,488.799844252522,False,,,,,
2.33,495.5909570941607,False,,,,,
2.33,502.38206993579934,False,,,,,
2.33,509.17318277743794,False,,,,,
2.33,515.9642956190767,False,,,,,
2.33,522.7554084607152,False,,,,,
2.33,529.5465213023539,False,,,,,
2.33,536.3376341439925,False,,,,,
2.33,543.1287469856312,False,,,,,
2.33,549.9198598272699,False,,,,,
2.33,556.7109726689084,False,,,,,
2.33,563.5020855105471,False,,,,,
2.33,570.2931983521858,False,,,,,
2.33,577.0843111938244,False,,,,,
2.33,583.8754240354631,False,,,,,
2.33,590.6665368771016,False,,,,,
2.33,597.4576497187403,False,,,,,
2.33,604.248762560379,False,,,,,
2.33,611.0398754020176,False,,,,,
2.33,617.8309882436563,False,,,,,
2.33,624.6221010852948,False,,,,,
2.33,631.4132139269336,False,,,,,
2.33,638.2043267685722,False,,,,,
2.33,644.9954396102108,False,7.229695333666568,14.02468549399826,inf,inf,243.08090334868413
2.33,651.7865524518495,False,2.877723520712689,5.460720979408108,inf,inf,148.1966681278737
2.33,658.5776652934882,False,1.8628281081847595,3.4594288802244115,inf,inf,115.57478581579305
2.33,665.3687781351268,False,1.4103355504128696,2.5643612360824766,inf,inf,97.72437925079596
2.33,672.1598909767654,False,1.1541827775924032,2.055620363898512,inf,inf,86.0931116950492
2.33,678.951003818404,False,0.9893955379103392,1.7267473287948931,inf,inf,77.76663165801025
2.33,685.7421166600427,False,0.8745334568803751,1.4962277270637514,inf,inf,71.44208278928512
2.33,692.5332295016814,False,0.7899371316158085,1.3253832582089944,2.6900836637557615,5738.590160320308,66.43761713620951
2.33,699.32434234332,False,0.7250778853143321,1.1934941270694603,2.6495876734352177,5567.115407445091,62.35714595152407
2.33,706.1154551849586,False,0.6738070632830346,1.088456152834239,2.611400766789871,5407.800849762395,58.952758570944546
2.33,712.9065680265974,False,0.6322921732311592,1.002721724868729,2.5744463779921567,5255.8303224484225,56.06032741559557
2.33,719.6976808682359,False,0.5980196635500555,0.9313384169815504,2.5386209861210585,5110.570302586613,53.56632141866687
2.33,726.4887937098746,False,0.5692721731902566,0.8709207315095017,2.5039398299705486,4971.888861224252,51.38939140548222
2.33,733.2799065515132,False,0.5448362064480015,0.8190750331559628,2.470425964751422,4839.68751665639,49.4695349933436
2.33,740.0710193931518,False,0.5238298308720394,0.7740605521502404,2.4380890355204463,4713.817429239699,47.76140940671278
2.33,746.8621322347906,False,0.5055965797408065,0.7345806117461621,2.4069231418363404,4594.074992186681,46.23003721862045
2.33,753.6532450764291,False,0.4896376620473174,0.6996492127094961,2.376909303917586,4480.2150056677,44.8479547272396
2.33,760.4443579180678,False,0.47556725587622906,0.6685030308756272,2.348018715255426,4371.96567423265,43.593263167287894
2.33,767.2354707597065,False,0.4630822050551195,0.6405417540909588,2.3202157041130507,4269.041326066566,42.44826337302593
2.33,774.026583601345,False,0.45194097960757307,0.6152866485743126,2.293460146904364,4171.152140876294,41.39847816381508
2.33,780.8176964429838,False,0.441948755109425,0.5923511678206934,2.2677093362564893,4078.011172170674,40.43193877118227
2.33,787.6088092846223,False,0.43294663000076244,0.5714197066366169,2.24291938254361,3989.3391869619645,39.53865501838508
2.33,794.399922126261,False,0.4248037005984468,0.552231981221739,2.2190462403678346,3904.8678360867875,38.71021587111082
2.33,801.1910349678997,False,0.41741114719010247,0.5345713692695473,2.196046443046073,3824.341587218519,37.93948410201578
2.33,807.9821478095383,False,0.41067775967796516,0.5182560852570229,2.173877614115571,3747.5187616128023,37.22035996560497
2.33,814.773260651177,False,0.4045265096812937,0.503132417178831,2.1524988108300236,3674.1719348201436,36.54759619845024
2.33,821.5643734928155,False,0.39889189411342707,0.48906948338170125,2.131870742433804,3604.0878958941103,35.91665168810845
2.33,828.3554863344542,False,0.39371785487235184,0.4759551248436385,2.111955896057875,3537.0673084404543,35.32357462162206
2.33,835.1465991760929,False,0.3889561338694093,0.46369265567316037,2.0927185952182246,3472.9241779256963,34.76490835352689
2.33,841.9377120177315,False,0.38456496062353274,0.45219826940558566,2.074125009791951,3411.4852004949266,34.23761495964471
2.33,848.7288248593702,False,0.38050799648353073,0.4413989515002842,2.0561431316565226,3352.5890469101405,33.7390126862716
2.33,855.5199377010088,False,0.3767534787402156,0.4312307862429664,2.0387427266003773,3296.085619286857,33.26672441089935
2.33,862.3110505426475,False,0.3732735217942906,0.42163757363577353,2.0218952703970183,3241.8353066483674,32.8186348991346
2.33,869.1021633842861,False,0.37004354272956635,0.412569691913598,2.0055738748792367,3189.7082568364767,32.39285514073196
2.33,875.8932762259248,False,0.36704178617861144,0.40398315617188024,1.9897532082984213,3139.5836761880487,31.987692422675316
2.33,882.6843890675634,False,0.3642489290022235,0.395838834690817,1.974409413085556,3091.3491639898825,31.601625082129825
2.33,889.475501909202,False,0.3616477495544823,0.38810179291580027,1.959520023252575,3044.9000855990244,31.23328110036682
2.33,896.2666147508407,False,0.35922284953949735,0.38074074142795106,1.945063883014537,3000.1389859198334,30.88141986737838
2.33,903.0577275924793,False,0.3569604189471451,0.3737275691293204,1.9310210677221666,2956.975043414447,30.544916578135176
2.33,909.848840434118,False,0.35484803647317903,0.3670369466488431,1.9173728078284173,2915.323563798805,30.222748824325123
2.33,916.6399532757566,False,0.35287449932259063,0.36064598792017605,1.904101416342533,2875.105511909828,29.91398502661243
2.33,923.4310661173952,False,0.3510296774659633,0.3545339601919031,1.8911902200265724,2836.2470798180216,29.617774416956212
2.33,930.222178959034,False,0.3493043883424657,0.3486820345532302,1.8786234944445814,2798.679289029084,29.333338332074412
2.33,937.0132918006725,False,0.347690288736618,0.34307307050564506,1.866386402871332,2762.3376245176596,29.059962620567855
2.33,943.8044046423112,False,0.3461797811416727,0.3376914292670374,1.8544649389939476,2727.1616983216395,28.7969909996988
2.33,950.5955174839498,False,0.34476593239280634,0.33252281142332357,1.8428458732897617,2693.0949404727157,28.543819225017995
2.33,957.3866303255885,False,0.3434424027329444,0.32755411529228207,1.8315167029304225,2660.084315124024,28.299889958235152
2.33,964.1777431672272,False,0.3422033837820431,0.32277331297267636,1.8204656050417198,2628.080059845457,28.06468823693847
2.33,970.9688560088657,False,0.34104354413175664,0.3181693415478289,1.809681393137218,2597.0354461801066,27.83773746477418
2.33,977.7599688505044,False,0.3399579814929854,0.31373200731910617,1.7991534765394683,2566.9065596851387,27.61859585310911
2.33,984.551081692143,False,0.33894218049293195,0.3094519012791023,1.7888718226026674,2537.6520978097697,27.406853255513965
2.33,991.3421945337817,False,0.3379919753579779,0.3053203243105137,1.7788269215545511,2509.2331840909483,27.202128345009495
2.33,998.1333073754204,False,0.3371035168344908,0.30132922082577607,1.7690097537812781,2481.613197269476,27.00406609121714
2.33,1004.924420217059,False,0.33627324279612847,0.2974711197533522,1.7594117593867786,2454.7576140456536,26.812335500610644
2.33,1011.7155330586976,False,0.3354978520667412,0.29373908193598314,1.750024809866553,2428.633864302333,26.62662758816578
2.33,1018.5066459003363,False,0.33477428105555124,0.29012665313998354,1.740841181744848,2403.211197724327,26.446653553023534
2.33,1025.297758741975,False,0.33409968285810887,0.2866278219872139,1.7318535320335817,2378.460560837525,26.272143134444686
2.33,1032.0888715836136,False,0.3334714085245034,0.283236982216414,1.7230548753805919,2354.3544835775047,26.10284312745286
2.33,1038.8799844252521,False,0.33288699023694596,0.2799488987611035,1.7144385627832723,2330.8669745753755,25.93851604022607
2.33,1045.6710972668907,False,0.33234412617333015,0.27675867719965885,1.7059982617523688,2307.9734244212855,25.778938877576486
2.33,1052.4622101085295,False,0.3318406668627947,0.27366173619148293,1.6977279378224632,2285.6505162416956,25.623902036816517
2.33,1059.2533229501682,False,0.3313746028643963,0.27065378256298805,1.6896218373018428,2263.8761429552505,25.473208303993495
2.33,1066.0444357918068,False,0.3309440536215372,0.26773078874981854,1.6816744711814826,2242.6293306802986,25.326671939931114
2.33,1072.8355486334453,False,0.3305472573632575,0.2648889723384179,1.6738806001100104,2221.8901677633944,25.18411784677407
2.33,1079.6266614750841,False,0.33018256193939943,0.2621247774816256,1.6662352203597102,2201.639738975322,25.045380806822894
2.33,1086.4177743167227,False,0.3298484164904021,0.25943485799029326,1.6587335507108756,2181.8600644521794,24.910304786396754
2.33,1093.2088871583614,False,0.3295433638643571,0.2568160619265126,1.6513710201876528,2162.53404299712,24.778742298287497
2.33,1100.0,False,0.32926603370425217,0.25426541754453597,1.6441432565837917,2143.6453993925847,24.650553817090344
2.349,420.8887158361356,False,,,,,
2.349,427.67982867777425,False,,,,,
2.349,434.47094151941286,False,,,,,
2.349,441.2620543610515,False,,,,,
2.349,448.0531672026902,False,,,,,
2.349,454.8442800443288,False,,,,,
2.349,461.63539288596746,False,,,,,
2.349,468.4265057276061,False,,,,,
2.349,475.21761856924473,False,,,,,
2.349,482.0087314108834,False,,,,,
2.349,488.799844252522,False,,,,,
2.349,495.5909570941607,False,,,,,
2.349,502.38206993579934,False,,,,,
2.349,509.17318277743794,False,,,,,
2.349,515.9642956190767,False,,,,,
2.349,522.7554084607152,False,,,,,
2.349,529.5465213023539,False,,,,,
2.349,536.3376341439925,False,,,,,
2.349,543.1287469856312,False,,,,,
2.349,549.9198598272699,False,,,,,
2.349,556.7109726689084,False,,,,,
2.349,563.5020855105471,False,,,,,
2.349,570.2931983521858,False,,,,,
2.349,577.0843111938244,False,,,,,
2.349,583.8754240354631,False,,,,,
2.349,590.6665368771016,False,,,,,
2.349,597.4576497187403,False,,,,,
2.349,604.248762560379,False,,,,,
2.349,611.0398754020176,False,,,,,
2.349,617.8309882436563,False,,,,,
2.349,624.6221010852948,False,,,,,
2.349,631.4132139269336,False,,,,,
2.349,638.2043267685722,False,,,,,
2.349,644.9954396102108,False,10.421807424168716,20.28330675613751,inf,inf,293.81258638624405
2.349,651.7865524518495,False,3.2172605512223047,6.124617019338609,inf,inf,157.6071997280407
2.349,658.5776652934882,False,1.9801668777776245,3.6888900193773564,inf,inf,119.76544134456327
2.349,665.3687781351268,False,1.4674615273967693,2.6764399108789574,inf,inf,100.13088628164165
2.349,672.1598909767654,False,1.1869573322346252,2.1203635703586676,inf,inf,87.6539965670935
2.349,678.951003818404,False,1.0100625646733012,1.7680233142418853,inf,inf,78.852834200166
2.349,685.7421166600427,False,0.8883629028046892,1.5242897532478397,inf,inf,72.23253643283783
2.349,692.5332295016814,False,0.7995552683064918,1.3453312335777483,2.694454028193986,5757.251366452669,67.03026371782893
2.349,699.32434234332,False,0.7319336732035733,1.2081364330985638,2.652997926553238,5581.45536737744,62.81051278190795
2.349,706.1154551849586,False,0.6787621673313159,1.0994597409900708,2.614103257782595,5418.9995102128805,59.30415540088009
2.349,712.9065680265974,False,0.6358894157104406,1.011134769359527,2.576481777988214,5264.144300945165,56.334749101884036
2.349,719.6976808682359,False,0.6006170119142142,0.937850863765268,2.540018854940352,5116.200031307759,53.78118503119771
2.349,726.4887937098746,False,0.5711146378931553,0.8760039422469253,2.5047323567164357,4975.036683258574,51.55722812953637
2.349,733.2799065515132,False,0.5460967385931236,0.8230611249978428,2.4706483051670824,4840.558707756663,49.59960300311941
2.349,740.0710193931518,False,0.524633731058498,0.7771896943355867,2.4377779174105285,4712.614470384484,47.86070329248379
2.349,746.8621322347906,False,0.5060366649485833,0.737030379967762,2.4061155270757224,4590.992533718085,46.303943257245045
2.349,753.6532450764291,False,0.48978401872561583,0.7015534436417006,2.3756413954195827,4475.436541801718,44.90068968357929
2.349,760.4443579180678,False,0.4754736998602154,0.6699642960398643,2.346325294590718,4365.661714904243,43.62817611240466
2.349,767.2354707597065,False,0.4627906718748632,0.641639827704743,2.3181297281602626,4261.368664868982,42.468048178635776
2.349,774.026583601345,False,0.45148457655365454,0.6160843875713136,2.291012532813836,4162.253862898457,41.405326204587
2.349,780.8176964429838,False,0.4413539259600341,0.5928986776448208,2.2649288776167196,4068.017131091781,40.42765066832911
2.349,787.6088092846223,False,0.4322347181142718,0.5717573458757493,2.239832753847542,3978.366758683339,39.52472374480593
2.349,794.399922126261,False,0.4239920958633207,0.5523925638529308,2.215678058684825,3893.0228168515055,38.68788946214316
2.349,801.1910349678997,False,0.4165141399196606,0.5345818023871526,2.1924193648683596,3811.7191485117596,37.909813601313054
2.349,807.9821478095383,False,0.40970718475088885,0.518138603131339,2.1700124520476987,3734.2044054702906,37.18423652119989
2.349,814.773260651177,False,0.40349223831711,0.5029055223672952,2.148414659638783,3660.2424148252353,36.50578007719812
2.349,821.5643734928155,False,0.3978022134681448,0.4887486723583249,2.127585107438153,3589.612083838159,35.86979519553318
2.349,828.3554863344542,False,0.39257976401363004,0.4755534531557939,2.1074848192832287,3522.10699641191,35.27224037323795
2.349,835.1465991760929,False,0.38777557670702495,0.4632211822247953,2.088076776449607,3457.5348119803766,34.709583963433595
2.349,841.9377120177315,False,0.3833470108063625,0.4516664087331197,2.069325920844211,3395.7165461103355,34.17872494111546
2.349,848.7288248593702,False,0.3792570053425948,0.4408147553295615,2.0511991229891,3336.4857888912816,33.67692816334562
2.349,855.5199377010088,False,0.3754731945438459,0.4306011701969498,2.033665125948378,3279.6879001916027,33.201771096997994
2.349,862.3110505426475,False,0.3719671865445808,0.4209685010423893,2.0166944734486805,3225.179208499392,32.751099693107015
2.349,869.1021633842861,False,0.3687139712381842,0.41186632379553073,2.000259428257688,3172.8262311297335,32.32299161191364
2.349,875.8932762259248,False,0.36569143105752766,0.40324997438121135,1.984333885243677,3122.504927165676,31.91572539716492
2.349,882.6843890675634,False,0.3628799343817444,0.3950797435705647,1.9688932823084686,3074.0999899295985,31.52775449734936
2.349,889.475501909202,False,0.36026199572096124,0.3873202036805354,1.953914511466452,3027.5041825600642,31.157685260372354
2.349,896.2666147508407,False,0.35782199021409766,0.3799396425524169,1.9393758316564915,2982.617718027362,30.804258204657604
2.349,903.0577275924793,False,0.3555459125664149,0.37290958534292373,1.9252567843643071,2939.3476833907253,30.46633200682369
2.349,909.848840434118,False,0.35342117255405986,0.36620438860122245,1.9115381127561764,2897.607507082217,30.14286975347033
2.349,916.6399532757566,False,0.3514364207783988,0.3598008941695539,1.8982016847481653,2857.316467353196,29.832927089250745
2.349,923.4310661173952,False,0.34958139957091555,0.353678132844805,1.8852304202332184,2818.3992396316135,29.535641960558806
2.349,930.222178959034,False,0.3478468149093763,0.347817069630085,1.8726082225431915,2780.7854803367313,29.250225707765154
2.349,937.0132918006725,False,0.346224225967106,0.3422003839057389,1.8603199141192566,2744.4094446231393,28.975955301968266
2.349,943.8044046423112,False,0.3447059495244504,0.33681227904641087,1.8483511762925475,2709.2096355410285,28.712166556972743
2.349,950.5955174839498,False,0.34328497695851595,0.3316383169712541,1.8366884930283418,2675.1284821717395,28.458248175399074
2.349,957.3866303255885,False,0.3419549019200452,0.32666527388915173,1.8253190984558747,2642.1120444070043,28.213636510825125
2.349,964.1777431672272,False,0.34070985712463275,0.32188101412894193,1.8142309279877147,2610.1097421725685,27.977810946703194
2.349,970.9688560088657,False,0.33954445894472535,0.31727437945631826,1.8034125728233399,2579.0741070393033,27.75028980830635
2.349,977.7599688505044,False,0.3384537587010161,0.31283509169789836,1.7928532376293838,2548.9605543125567,27.530626736784185
2.349,984.551081692143,False,0.33743319972614283,0.30855366683719027,1.782542701191197,2519.7271738358736,27.318407465051862
2.349,991.3421945337817,False,0.33647857941748605,0.30442133903140184,1.7724712798361053,2491.3345378869512,27.113246944110088
2.349,998.1333073754204,False,0.33558601561509765,0.3004299932336209,1.7626297934366038,2463.745524678604,26.91478677581777
2.349,1004.924420217059,False,0.3347519167399437,0.2965721053008979,1.7530095338109364,2436.9251561044966,26.722692914370832
2.349,1011.7155330586976,False,0.3339729552104599,0.29284068863249496,1.7436022353482745,2410.8404484872162,26.536653603993674
2.349,1018.5066459003363,False,0.33324604372481637,0.28922924651980125,1.7344000476965848,2385.4602751974917,26.356377524789913
2.349,1025.297758741975,False,0.3325683140546057,0.28573172950482406,1.725395510361337,2360.7552401135395,26.18159212246418
2.349,1032.0888715836136,False,0.33193709804490945,0.2823424971415916,1.716581529073253,2336.6975609818655,26.01204210083197
2.349,1038.8799844252521,False,0.3313499105573404,0.2790562836372507,1.7079513537931748,2313.2609618256865,25.847488058767738
2.349,1045.6710972668907,False,0.3308044341280104,0.2758681669196731,1.6994985582351059,2290.420573634007,25.687705255581516
2.349,1052.4622101085295,False,0.3302985051424916,0.2727735407380244,1.6912170207859263,2268.152842603572,25.532482490822364
2.349,1059.2533229501682,False,0.3298301013555249,0.2697680894536854,1.683100906728376,2246.4354453232177,25.381621086234134
2.349,1066.0444357918068,False,0.32939733060525345,0.26684776522255105,1.6751446516620507,2225.247210294543,25.234933959080337
2.349,1072.8355486334453,False,0.3289984205906323,0.26400876730719064,1.6673429460367124,2204.568045268587,25.092244777342778
2.349,1079.6266614750841,False,0.32863170959693927,0.2612475232896208,1.6596907207146785,2184.378869913973,24.953387188417068
2.349,1086.4177743167227,False,0.32829563806832873,0.25856067198327665,1.6521831334866162,2164.6615533784793,24.818204113898357
2.349,1093.2088871583614,False,0.32798874093850416,0.25594504786685607,1.6448155564704119,2145.3988563437088,24.686547103896338
2.349,1100.0,False,0.32770964064111036,0.2533976668836131,1.637583564328741,2126.574377209408,24.558275745057223
2.368,420.8887158361356,False,,,,,
2.368,427.67982867777425,False,,,,,
2.368,434.47094151941286,False,,,,,
2.368,441.2620543610515,False,,,,,
2.368,448.0531672026902,False,,,,,
2.368,454.8442800443288,False,,,,,
2.368,461.63539288596746,False,,,,,
2.368,468.4265057276061,False,,,,,
2.368,475.21761856924473,False,,,,,
2.368,482.0087314108834,False,,,,,
2.368,488.799844252522,False,,,,,
2.368,495.5909570941607,False,,,,,
2.368,502.38206993579934,False,,,,,
2.368,509.17318277743794,False,,,,,
2.368,515.9642956190767,False,,,,,
2.368,522.7554084607152,False,,,,,
2.368,529.5465213023539,False,,,,,
2.368,536.3376341439925,False,,,,,
2.368,543.1287469856312,False,,,,,
2.368,549.9198598272699,False,,,,,
2.368,556.7109726689084,False,,,,,
2.368,563.5020855105471,False,,,,,
2.368,570.2931983521858,False,,,,,
2.368,577.0843111938244,False,,,,,
2.368,583.8754240354631,False,,,,,
2.368,590.6665368771016,False,,,,,
2.368,597.4576497187403,False,,,,,
2.368,604.248762560379,False,,,,,
2.368,611.0398754020176,False,,,,,
2.368,617.8309882436563,False,,,,,
2.368,624.6221010852948,False,,,,,
2.368,631.4132139269336,False,,,,,
2.368,638.2043267685722,False,,,,,
2.368,644.9954396102108,False,19.129668558223404,37.35271547212283,inf,inf,400.82317020814105
2.368,651.7865524518495,False,3.6625910306692124,6.994703849450556,inf,inf,169.16837723626404
2.368,658.5776652934882,False,2.1176370560505866,3.957347029728565,inf,inf,124.50015180886393
2.368,665.3687781351268,False,1.5314244268387438,2.801668557931755,inf,inf,102.76029742349405
2.368,672.1598909767654,False,1.2227974086193283,2.1909528046612294,inf,inf,89.3299587702378
2.368,678.951003818404,False,1.0323535672317175,1.8123639659301407,inf,inf,80.00726609267373
2.368,685.7421166600427,False,0.9031561649562461,1.5541473352904305,inf,inf,73.06742212985331
2.368,692.5332295016814,False,0.8097956037277947,1.3664203196456364,2.699090798397395,5777.083228858753,67.65390956581072
2.368,699.32434234332,False,0.7392185068229916,1.2235510458528003,2.6565792841951903,5596.534670395838,63.28669589415102
2.368,706.1154551849586,False,0.6840294889572989,1.111013253428647,2.616963858845945,5430.865971399664,59.673086741969676
2.368,712.9065680265974,False,0.6397243483856048,1.0199562737209154,2.578665820725766,5273.072746851256,56.62313734108917
2.368,719.6976808682359,False,0.6034024062509741,0.944677771853098,2.54155627904064,5122.395378805613,54.00751442145604
2.368,726.4887937098746,False,0.5731108689594381,0.8813368438192266,2.5056556826834053,4978.70528059649,51.73472343337786
2.368,733.2799065515132,False,0.5474866348988189,0.8272508765145412,2.470993250263054,4841.910453001704,49.73798943092543
2.368,740.0710193931518,False,0.5255491632839219,0.78048889718272,2.4375819415555604,4711.856795519693,47.96729947007753
2.368,746.8621322347906,False,0.506574950019683,0.7396251033062043,2.4054164064259953,4588.325004791839,46.38436610806208
2.368,753.6532450764291,False,0.49001840456476226,0.7035834768196888,2.3744761613693486,4471.047283291407,44.95932382560453
2.368,760.4443579180678,False,0.4754602736139617,0.6715364772739838,2.344729527186905,4359.725443711028,43.66849516706306
2.368,767.2354707597065,False,0.4625730335295759,0.6428370510530561,2.316137127114419,4254.0459010477325,42.492840037127564
2.368,774.026583601345,False,0.45109707496232887,0.6169718323387795,2.2886546897341997,4153.690931692191,41.416854309347514
2.368,780.8176964429838,False,0.4408239459333291,0.5935282061233411,2.2622351878671836,4058.3466641990335,40.42777164726941
2.368,787.6088092846223,False,0.431584326674719,0.5721706653112992,2.2368304219189263,3967.708487666682,39.514974641025596
2.368,794.399922126261,False,0.4232392468181164,0.5526235375005206,2.212392163794873,3881.484517515105,38.66955338384178
2.368,801.1910349678997,False,0.4156735683873446,0.5346581638209505,2.1888729633163186,3799.3976430310317,37.88396979558887
2.368,807.9821478095383,False,0.4087910804125048,0.5180832450692632,2.166226700069394,3721.186562771132,37.151799033049045
2.368,814.773260651177,False,0.4025107583535656,0.5027374775220029,2.1444089457101856,3646.606112881597,36.4675279270965
2.368,821.5643734928155,False,0.396763877746129,0.48848386829156415,2.1233771866720144,3575.427113189651,35.8263961753683
2.368,828.3554863344542,False,0.39149176268861247,0.47520529919433385,2.1030909451608744,3507.43589455131,35.224269984853294
2.368,835.1465991760929,False,0.3866440119254582,0.46280103013028234,2.0835118269376642,3442.4336249626476,34.65754062059429
2.368,841.9377120177315,False,0.3821770882901858,0.4511839174503219,2.0646035171903288,3380.235517946635,34.12304226885396
2.368,848.7288248593702,False,0.3780531874811491,0.44027818213060843,2.0463317403357837,3320.66998182254,33.617985022018885
2.368,855.5199377010088,False,0.37423932364996265,0.4300176048271206,2.028664195469051,3263.5777503505337,33.13989980777319
2.368,862.3110505426475,False,0.3707065847867507,0.42034405534875613,2.0115704760780715,3208.8110221485367,32.68659283054834
2.368,869.1021633842861,False,0.3674295221939846,0.411206286309193,1.9950219803206477,3156.2326268725838,32.25610764664634
2.368,875.8932762259248,False,0.36438564667690887,0.4025589371030899,1.9789918164241753,3105.71522944339,31.84669340938982
2.368,882.6843890675634,False,0.3615550102868534,0.3943617065568559,1.9634547064742718,3057.140578858138,31.456778134780755
2.368,889.475501909202,False,0.35891985712092944,0.3865786617809513,1.948386890895554,3010.3988048097644,31.084946078046507
2.368,896.2666147508407,False,0.35646433022149815,0.3791776577121864,1.9337660352136197,2965.3877630507795,30.72991849618778
2.368,903.0577275924793,False,0.3541742243262207,0.37212984715978314,1.919571140160079,2922.0124288982825,30.390537215021094
2.368,909.848840434118,False,0.35203677630627667,0.3654092652744446,1.905782455794712,2880.184337268469,30.0657505312926
2.368,916.6399532757566,False,0.35004048675088284,0.3589924755484769,1.8923814000359667,2839.8210670011595,29.75460106868213
2.368,923.4310661173952,False,0.3481749674234081,0.352858266949013,1.8793504817866626,2800.8457668763035,29.456215276435863
2.368,930.222178959034,False,0.34643081031178347,0.3469873937499345,1.8666732286952041,2763.1867205512954,29.169794315109076
2.368,937.0132918006725,False,0.34479947478600637,0.34136235118381086,1.8543341194905127,2726.776947606766,28.89460611861221
2.368,943.8044046423112,False,0.3432731900049986,0.33596718127497194,1.8423185207582167,2691.5538379312884,28.629978457803418
2.368,950.5955174839498,False,0.34184487021953547,0.3307873042086025,1.8306126279796333,2657.4588167770803,28.375292860103688
2.368,957.3866303255885,False,0.3405080410243158,0.32580937139149807,1.8192034106260844,2624.4370379536135,28.129979263425597
2.368,964.1777431672272,False,0.3392567749412986,0.321021137008711,1.8080785610852603,2592.4371027815528,27.893511302206015
2.368,970.9688560088657,False,0.33808563498418703,0.31641134540821597,1.7972264471898232,2561.4108025940263,27.665402139370716
2.368,977.7599688505044,False,0.3369896250728241,0.3119696320773921,1.78663606811805,2531.312882737196,27.44520077130612
2.368,984.551081692143,False,0.33596414634599375,0.30768643632968457,1.7762970134412894,2502.10082618594,27.23248874390277
2.368,991.3421945337817,False,0.33500495856934753,0.30355292411228263,1.7661994251002624,2473.734655045549,27.02687722688698
2.368,998.1333073754204,False,0.3341081459578901,0.2995609195878918,1.7563339621023368,2446.1767483593303,26.828004401308267
2.368,1004.924420217059,False,0.3332700868344834,0.29570284434510863,1.7466917677422136,2419.391674778738,26.63553312147023
2.368,1011.7155330586976,False,0.3324874266309357,0.29197166326002066,1.7372644391610574,2393.3460387841333,26.449148817998196
2.368,1018.5066459003363,False,0.3317570538095341,0.2883608361724829,1.7280439990696135,2368.008339259344,26.268557613304655
2.368,1025.297758741975,False,0.3310760783427554,0.2848642746588886,1.7190228694733292,2343.348839334393,26.09348462458431
2.368,1032.0888715836136,False,0.33044181243939824,0.2814763032830852,1.710193847248091,2319.339446508217,25.92367243276288
2.368,1038.8799844252521,False,0.32985175324807303,0.27819162479154197,1.7015500814299027,2295.953602164333,25.75887969863029
2.368,1045.6710972668907,False,0.32930356730523674,0.27500528879057384,1.693085052080522,2273.1661796432522,25.59887990979117
2.368,1052.4622101085295,False,0.3287950765257774,0.2719126635044312,1.684792550620659,2250.953390164228,25.443460244124147
2.368,1059.2533229501682,False,0.32832424556045997,0.2689094102651545,1.6766666615114598,2229.2926959024035,25.29242053721212
2.368,1066.0444357918068,False,0.32788917036708354,0.2659914604296999,1.6687017451858797,2208.162729622464,25.14557234273457
2.368,1072.8355486334453,False,0.32748806786148515,0.26315499445809404,1.6608924221352477,2187.543220314105,25.002738076130807
2.368,1079.6266614750841,False,0.32711926653116985,0.26039642291933035,1.653233558064371,2167.4149243268203,24.863750232988696
2.368,1086.4177743167227,False,0.32678119790866683,0.2577123692201298,1.6457202500355108,2147.7595615476102,24.728450674606165
2.368,1093.2088871583614,False,0.326472388814093,0.25509965387625266,1.6383478135276524,2128.5597562058756,24.596689974036938
2.368,1100.0,False,0.3261914542871613,0.25255528016737183,1.6311117703435067,2109.798981927678,24.468326816688425
2.387,420.8887158361356,False,,,,,
2.387,427.67982867777425,False,,,,,
2.387,434.47094151941286,False,,,,,
2.387,441.2620543610515,False,,,,,
2.387,448.0531672026902,False,,,,,
2.387,454.8442800443288,False,,,,,
2.387,461.63539288596746,False,,,,,
2.387,468.4265057276061,False,,,,,
2.387,475.21761856924473,False,,,,,
2.387,482.0087314108834,False,,,,,
2.387,488.799844252522,False,,,,,
2.387,495.5909570941607,False,,,,,
2.387,502.38206993579934,False,,,,,
2.387,509.17318277743794,False,,,,,
2.387,515.9642956190767,False,,,,,
2.387,522.7554084607152,False,,,,,
2.387,529.5465213023539,False,,,,,
2.387,536.3376341439925,False,,,,,
2.387,543.1287469856312,False,,,,,
2.387,549.9198598272699,False,,,,,
2.387,556.7109726689084,False,,,,,
2.387,563.5020855105471,False,,,,,
2.387,570.2931983521858,False,,,,,
2.387,577.0843111938244,False,,,,,
2.387,583.8754240354631,False,,,,,
2.387,590.6665368771016,False,,,,,
2.387,597.4576497187403,False,,,,,
2.387,604.248762560379,False,,,,,
2.387,611.0398754020176,False,,,,,
2.387,617.8309882436563,False,,,,,
2.387,624.6221010852948,False,,,,,
2.387,631.4132139269336,False,,,,,
2.387,638.2043267685722,False,,,,,
2.387,644.9954396102108,False,137.9347790738178,270.2116314179092,inf,inf,1084.0087586659724
2.387,651.7865524518495,False,4.271764198421195,8.184136356791921,inf,inf,183.82156498797661
2.387,658.5776652934882,False,2.280752330466921,4.27548996206372,inf,inf,129.8996858480786
2.387,665.3687781351268,False,1.603452313985081,2.942416165090964,inf,inf,105.64514794060209
2.387,672.1598909767654,False,1.2621052367941887,2.2681606362677345,inf,inf,91.13324595366007
2.387,678.951003818404,False,1.0564326516036489,1.860083547149555,inf,inf,81.23549634905771
2.387,685.7421166600427,False,0.9189902201103634,1.5859477767091283,inf,inf,73.94958981164102
2.387,692.5332295016814,False,0.820697764389932,1.3887265639760116,2.7040456337873864,5798.313170475402,68.31012976130187
2.387,699.32434234332,False,0.7469540837817776,1.2397799619170147,2.6603347073253416,5612.368725316784,63.786609353787746
2.387,706.1154551849586,False,0.6896213575101809,1.1231409762237201,2.6199845616413464,5443.410661267176,60.06009711083502
2.387,712.9065680265974,False,0.6438040722906128,1.0292006873396096,2.58100036364374,5282.624808184671,56.92581764371888
2.387,719.6976808682359,False,0.6063798727915253,0.9518278349246154,2.5432349844084907,5129.164327830665,54.245499160999586
2.387,726.4887937098746,False,0.5752630059449415,0.8869246175377723,2.5067113568165076,4982.901385922628,51.921979293053994
2.387,733.2799065515132,False,0.5490068363256291,0.8316472510514402,2.4714621461287103,4843.748229939471,49.884738053298435
2.387,740.0710193931518,False,0.5265762849117468,0.7839596838416881,2.437502245395818,4711.5486944899485,48.08120205909692
2.387,746.8621322347906,False,0.5072110677816999,0.7423653483879985,2.4048267157432224,4586.075613920661,46.47128229960989
2.387,753.6532450764291,False,0.49034009441287324,0.7057392320948708,2.3734143499474194,4467.049477220128,45.02381415428877
2.387,760.4443579180678,False,0.47552600384799665,0.6732190511046097,2.3432319903019785,4354.158264507988,43.714163319061996
2.387,767.2354707597065,False,0.4624281426484357,0.6441325939281219,2.3142383245074223,4247.0737038588095,42.52257177068862
2.387,774.026583601345,False,0.4507772042797019,0.6179479393963063,2.286386903792678,4145.463377708127,41.432987866804815
2.387,780.8176964429838,False,0.4403574568653627,0.5942385615165426,2.2596284305403462,4048.9992454746616,40.43222163346429
2.387,787.6088092846223,False,0.43099403513553275,0.5726583708165757,2.233912440765415,3957.3633610718966,39.509323609484206
2.387,794.399922126261,False,0.4225436886517792,0.5529235384144976,2.209188511513109,3870.2514967669326,38.65512058108023
2.387,801.1910349678997,False,0.41488793667190876,0.5347990438404979,2.185407105729769,3787.375249647353,37.86186346867537
2.387,807.9821478095383,False,0.4079279292697999,0.518088572565946,2.1625201453235507,3708.463073082115,37.12295672490959
2.387,814.773260651177,False,0.4015805380417001,0.5026268279687095,2.1404813830215184,3633.2605630452763,36.432747868867615
2.387,821.5643734928155,False,0.3957753461272291,0.48827360961624117,2.1192466269172257,3561.5302407963145,35.786361995253884
2.387,828.3554863344542,False,0.39045230494764427,0.47490920135175413,2.0987738583559907,3493.05100634621,35.17957034050509
2.387,835.1465991760929,False,0.3855598913928753,0.46243074279734714,2.0790232735677714,3427.617387250979,34.60868493390345
2.387,841.9377120177315,False,0.38105364496586785,0.450749347706756,2.0599572716588086,3365.0386706252125,34.070473438419405
2.387,848.7288248593702,False,0.3768949964592297,0.4397877955254905,2.0415404056854487,3305.1379795850735,33.5620897703916
2.387,855.5199377010088,False,0.3730503225114289,0.4294786672088208,2.0237393091131546,3247.7513360372504,33.08101716187568
2.387,862.3110505426475,False,0.3694901767682425,0.4197628284968325,2.006522606658038,3192.7267378699644,32.625021116928906
2.387,869.1021633842861,False,0.36618866029445357,0.4105881872453224,1.989860816042816,3139.9232687081394,32.192110296431785
2.387,875.8932762259248,False,0.3631229026506035,0.40190866863057956,1.9737262453655413,3089.2102513875466,31.780503802647477
2.387,882.6843890675634,False,0.36027263156838624,0.39368336484769817,1.958092889418292,3040.466451383474,31.38860366463416
2.387,889.475501909202,False,0.3576198140503678,0.38587582553085736,1.9429363272860327,2993.5793330204974,31.014971577165262
2.387,896.2666147508407,False,0.3551483554241274,0.37845346240134237,1.9282336228128323,2948.444368965064,30.65830913921714
2.387,903.0577275924793,False,0.35284384570965444,0.37138704720722193,1.9139632289772301,2904.9644019560014,30.317440987959905
2.387,909.848840434118,False,0.35069334483608494,0.36465028629750773,1.9001048968199372,2863.049056733847,29.991300341199594
2.387,916.6399532757566,False,0.3486851999322587,0.3582194584924617,1.8866395892786338,2822.6141995287876,29.678916553215842
2.387,923.4310661173952,False,0.34680888923407344,0.35207310550406373,1.8735494000772193,2783.5814421384084,29.379404361742594
2.387,930.222178959034,False,0.3450548881882363,0.3461917661991986,1.8608174776707775,2745.8776874896935,29.09195456182053
2.387,937.0132918006725,False,0.34341455415211497,0.3405577476112831,1.8484279541459259,2709.4347135705707,28.815825888697
2.387,943.8044046423112,False,0.34188002674209267,0.33515492689026205,1.836365878907756,2674.1887926924674,28.550337929363973
2.387,950.5955174839498,False,0.3404441414053635,0.3299685794091931,1.824617156941023,2640.0803431773393,28.29486491263308
2.387,957.3866303255885,False,0.3391003542105692,0.32498522907334865,1.813168491406767,2607.0536107249204,28.04883025231284
2.387,964.1777431672272,False,0.3378426761928631,0.3201925175475761,1.8020073303225768,2575.0563768970137,27.811701738232884
2.387,970.9688560088657,False,0.336665615865529,0.3155790896623192,1.791121817070482,2544.039692341736,27.582987286441202
2.387,977.7599688505044,False,0.33556412873616304,0.31113449270370214,1.780500744479176,2513.9576325672865,27.362231173586686
2.387,984.551081692143,False,0.3345335728507519,0.30684908765829344,1.770133512233852,2484.7670742541864,27.149010691843298
2.387,991.3421945337817,False,0.33356966954166756,0.30271397078415563,1.760010087377035,2456.4274902675184,26.94293317017062
2.387,998.1333073754204,False,0.33266846868197,0.29872090412894897,1.750120967675094,2428.900761691117,26.74363331559439
2.387,1004.924420217059,False,0.3318263178533332,0.2948622538228297,1.7404571476386435,2402.1510053583834,26.550770834800954
2.387,1011.7155330586976,False,0.3310398349224275,0.2911309351465515,1.7310100869971414,2376.1444154903224,26.364028301905456
2.387,1018.5066459003363,False,0.33030588359380475,0.28752036351968585,1.7217716814413369,2350.849118179635,26.183109242950383
2.387,1025.297758741975,False,0.3296215515688382,0.28402441067529727,1.712734235464031,2326.235037586986,26.007736411672518
2.387,1032.0888715836136,False,0.32898413099206636,0.28063736538971784,1.7038904371300259,2302.273772789041,25.837650234457055
2.387,1038.8799844252521,False,0.3283911009100749,0.27735389822258083,1.6952333346382278,2278.9384843698376,25.67260740527971
2.387,1045.6710972668907,False,0.3278401115052144,0.27416902979568847,1.6867563145300593,2256.203789879893,25.51237961390421
2.387,1052.4622101085295,False,0.327328969897995,0.2710781022016888,1.6784530814209917,2234.0456674000857,25.35675239271193
2.387,1059.2533229501682,False,0.32685562733895746,0.26807675318683294,1.670317639138016,2212.4413665086804,25.205524069358177
2.387,1066.0444357918068,False,0.326418167633842,0.2651608927976417,1.6623442731555182,2191.36932601621,25.058504814012938
2.387,1072.8355486334453,False,0.32601479666565114,0.26232668222043765,1.6545275342307293,2170.8090978921923,24.91551577129774
2.387,1079.6266614750841,False,0.32564383289416354,0.25957051457630215,1.646862223147771,2150.741276860732,24.776388268198783
2.387,1086.4177743167227,False,0.32530369872812454,0.2568889974630474,1.6393433764865897,2131.147435190001,24.640963090255408
2.387,1093.2088871583614,False,0.32499291267796704,0.2542789370608398,1.63196625333991,2112.0100622443297,24.50908981920547
2.387,1100.0,False,0.32471008220789516,0.2517373236398549,1.6247263229073556,2093.312508406368,24.380626226042267
2.4059999999999997,420.8887158361356,False,,,,,
2.4059999999999997,427.67982867777425,False,,,,,
2.4059999999999997,434.47094151941286,False,,,,,
2.4059999999999997,441.2620543610515,False,,,,,
2.4059999999999997,448.0531672026902,False,,,,,
2.4059999999999997,454.8442800443288,False,,,,,
2.4059999999999997,461.63539288596746,False,,,,,
2.4059999999999997,468.4265057276061,False,,,,,
2.4059999999999997,475.21761856924473,False,,,,,
2.4059999999999997,482.0087314108834,False,,,,,
2.4059999999999997,488.799844252522,False,,,,,
2.4059999999999997,495.5909570941607,False,,,,,
2.4059999999999997,502.38206993579934,False,,,,,
2.4059999999999997,509.17318277743794,False,,,,,
2.4059999999999997,515.9642956190767,False,,,,,
2.4059999999999997,522.7554084607152,False,,,,,
2.4059999999999997,529.5465213023539,False,,,,,
2.4059999999999997,536.3376341439925,False,,,,,
2.4059999999999997,543.1287469856312,False,,,,,
2.4059999999999997,549.9198598272699,False,,,,,
2.4059999999999997,556.7109726689084,False,,,,,
2.4059999999999997,563.5020855105471,False,,,,,
2.4059999999999997,570.2931983521858,False,,,,,
2.4059999999999997,577.0843111938244,False,,,,,
2.4059999999999997,583.8754240354631,False,,,,,
2.4059999999999997,590.6665368771016,False,,,,,
2.4059999999999997,597.4576497187403,False,,,,,
2.4059999999999997,604.248762560379,False,,,,,
2.4059999999999997,611.0398754020176,False,,,,,
2.4059999999999997,617.8309882436563,False,,,,,
2.4059999999999997,624.6221010852948,False,,,,,
2.4059999999999997,631.4132139269336,False,,,,,
2.4059999999999997,638.2043267685722,False,,,,,
2.4059999999999997,644.9954396102108,False,,,,,
2.4059999999999997,651.7865524518495,False,5.15485892854019,9.907488831189095,inf,inf,203.21134680907645
2.4059999999999997,658.5776652934882,False,2.4772534647349618,4.658326090002027,inf,inf,136.12647891919642
2.4059999999999997,665.3687781351268,False,1.685090941250254,3.1016641114288035,inf,inf,108.82522972855656
2.4059999999999997,672.1598909767654,False,1.3053593526832918,2.352905865396396,inf,inf,93.07812475680574
2.4059999999999997,678.951003818404,False,1.082488562784414,1.9115432346799026,inf,inf,82.54382749197259
2.4059999999999997,685.7421166600427,False,0.9359517006043556,1.6198566252268813,inf,inf,74.88220700476788
2.4059999999999997,692.5332295016814,False,0.8323057281425931,1.4123341556636475,2.7094218667257577,5821.392715665081,69.00065561549076
2.4059999999999997,699.32434234332,False,0.7551642893265356,1.2568692169444269,2.664267464165296,5628.974452366732,64.31125222857833
2.4059999999999997,706.1154551849586,False,0.6955513082591167,1.1358693813816894,2.6231673742844324,5456.644235336709,60.465781392711904
2.4059999999999997,712.9065680265974,False,0.6481364103011564,1.038883735669836,2.5834872709480443,5292.80979508886,57.24314772789357
2.4059999999999997,719.6976808682359,False,0.6095539043049699,0.9593105447956575,2.5450567089453693,5136.5150218116205,54.49535090777278
2.4059999999999997,726.4887937098746,False,0.5775735125486788,0.8927729772621242,2.5079009417936886,4987.631879613232,52.119113838064806
2.4059999999999997,733.2799065515132,False,0.5506585246735194,0.8362535896140945,2.4720563510178817,4846.077640389742,50.03990516962898
2.4059999999999997,740.0710193931518,False,0.5277154433325962,0.7876038608720493,2.437539975120764,4711.694554303985,48.20242539544632
2.4059999999999997,746.8621322347906,False,0.5079448089155676,0.7452519056530224,2.4043473955499137,4584.247640564048,46.56467706154955
2.4059999999999997,753.6532450764291,False,0.4907484998904868,0.7080208140868796,2.372456709953645,4463.445418609902,45.0941253456097
2.4059999999999997,760.4443579180678,False,0.47567003978485606,0.6750116523738788,2.3418332581648538,4348.961610147253,43.76513051631913
2.4059999999999997,767.2354707597065,False,0.4623549644297642,0.645525765930699,2.3124337377461677,4240.452756728616,42.557182650040986
2.4059999999999997,774.026583601345,False,0.45052379938440784,0.6190117917144267,2.284209452483166,4137.571234511148,41.45365833856714
2.4059999999999997,780.8176964429838,False,0.43995320075701266,0.5950286685986934,2.2571087585880236,4039.9743442325002,40.44092634252149
2.4059999999999997,787.6088092846223,False,0.4304625191204486,0.5732192771673259,2.2310788523729514,3947.3303563593777,39.50769212473654
2.4059999999999997,794.399922126261,False,0.42190404961515343,0.5532913057517016,2.2060670446338,3859.3223008305636,38.644509398753016
2.4059999999999997,801.1910349678997,False,0.41415583943501955,0.5350031307734515,2.1820216458062967,3775.6501338377284,37.84341066550854
2.4059999999999997,807.9821478095383,False,0.4071163024896547,0.5181532411565951,2.158892561008382,3696.031763125262,37.097623967086285
2.4059999999999997,814.773260651177,False,0.40070013250612707,0.5025722096690455,2.1366316715697935,3620.2032882551252,36.40135307340116
2.4059999999999997,821.5643734928155,False,0.3948351632318457,0.488116522461431,2.115193061161858,3547.918715050001,35.749604990389585
2.4059999999999997,828.3554863344542,False,0.38945992904269516,0.4746637831285296,2.094533130110672,3478.9493302246397,35.13805321977978
2.4059999999999997,835.1465991760929,False,0.38452175009149114,0.46210894643350603,2.074610630325019,3413.082868134192,34.56292834406763
2.4059999999999997,841.9377120177315,False,0.3799752148709019,0.45036133236529347,2.055386644826176,3350.122562091194,34.02092972000367
2.4059999999999997,848.7288248593702,False,0.3757809671130047,0.43934223794289845,2.0368245295263434,3289.886144134638,33.509153639285216
2.4059999999999997,855.5199377010088,False,0.3719047280662661,0.4289830114656971,2.0188898301665885,3232.204836602647,33.02503445306273
2.4059999999999997,862.3110505426475,False,0.3683165024968903,0.4192234878428821,2.0015501838009944,3176.9223641994654,32.56629598876046
2.4059999999999997,869.1021633842861,False,0.36498992932864954,0.41001070828071584,1.9847752115984425,3123.8940048502327,32.130911202721116
2.4059999999999997,875.8932762259248,False,0.3619017470631263,0.4012978657057499,1.9685364077973815,3072.985690322298,31.717068471615267
2.4059999999999997,882.6843890675634,False,0.3590313509684614,0.39304343073264403,1.9528070282192964,3024.073162497922,31.323143272094693
2.4059999999999997,889.475501909202,False,0.3563604241535887,0.38521042304844283,1.937561980694039,2977.0411876835465,30.947674261956227
2.4059999999999997,896.2666147508407,False,0.3538726285220477,0.3777658006938497,1.9227777189779245,2931.7828289807503,30.589342978572745
2.4059999999999997,903.0577275924793,False,0.35155334455558734,0.3706799455243429,1.9084321411817635,2888.1987751954953,30.2469565270427
2.4059999999999997,909.848840434118,False,0.3493894511496819,0.36392622759425,1.894504493317089,2846.1967237880135,29.919432752671685
2.4059999999999997,916.6399532757566,False,0.3473691384824445,0.35748063466162444,1.8809752782744786,2805.690814793541,29.605787488318107
2.4059999999999997,923.4310661173952,False,0.34548174827058586,0.3513214557067755,1.867826170338874,2766.601112352883,29.30512354295097
2.4059999999999997,930.222178959034,False,0.3437176368434966,0.345429009473909,1.8550399352003795,2728.85313039129,29.016621158074788
2.4059999999999997,937.0132918006725,False,0.3420680573179307,0.33978541071831686,1.842600355319157,2692.3773990127934,28.739529706931954
2.4059999999999997,943.8044046423112,False,0.3405250578327057,0.33437436817198746,1.8304921604369364,2657.109068288623,28.473160450231052
2.4059999999999997,950.5955174839498,False,0.3390813933440263,0.3291810093045171,1.8187009629866067,2622.9875462822456,28.21688019356554
2.4059999999999997,957.3866303255885,False,0.33773044891728465,0.3241917278120032,1.807213198128075,2589.956168346301,27.970105717245453
2.4059999999999997,964.1777431672272,False,0.33646617280282776,0.31939405045832187,1.7960160681284458,2557.9618949341766,27.732298870143335
2.4059999999999997,970.9688560088657,False,0.3352830178688775,0.3147765204552493,1.7850974908031538,2526.955035378774,27.502962236302952
2.4059999999999997,977.7599688505044,False,0.3341758901978916,0.31032859502666066,1.7744460517401999,2496.8889952990307,27.281635297197795
2.4059999999999997,984.551081692143,False,0.33314010384376525,0.3060405551782533,1.764050960038666,2467.7200454925705,27.067891024237372
2.4059999999999997,991.3421945337817,False,0.33217134090460065,0.3019034260040611,1.7539020073048592,2439.407110361112,26.861332845855515
2.4059999999999997,998.1333073754204,False,0.33126561619587536,0.29790890611728005,1.7439895296639256,2411.911574093054,26.66159194164555
2.4059999999999997,1004.924420217059,False,0.33041924591679755,0.2940493050056586,1.7343043725581981,2385.1971029872334,26.46832482281729
2.4059999999999997,1011.7155330586976,False,0.32962881979260056,0.29031748728902834,1.7248378581187784,2359.229482452816,26.281211163978455
2.4059999999999997,1018.5066459003363,False,0.3288911762507763,0.28670682300489025,1.715581754915164,2333.9764673672616,26.099951856077016
2.4059999999999997,1025.297758741975,False,0.3282033802523578,0.28321114317247786,1.7065282498903194,2309.407644567319,25.924267254430614
2.4059999999999997,1032.0888715836136,False,0.32756270345255406,0.2798246999906274,1.6976699223220808,2285.4943064158942,25.75389559924618
2.4059999999999997,1038.8799844252521,False,0.32696660640992103,0.27654213111339554,1.6889997196449789,2262.2093344364316,25.588591588990496
2.4059999999999997,1045.6710972668907,False,0.3264127226013277,0.27335842752252265,1.6805109349907992,2239.527092132657,25.42812508950277
2.4059999999999997,1052.4622101085295,False,0.3258988440323224,0.2702689045797209,1.6721971863136766,2217.4233261850295,25.272279963906566
2.4059999999999997,1059.2533229501682,False,0.3254229082600745,0.2672691758962481,1.6640523969767527,2195.8750752930023,25.12085301023939
2.4059999999999997,1066.0444357918068,False,0.32498298666964326,0.26435512970381936,1.6560707776874115,2174.8605860012353,24.973652995322325
2.4059999999999997,1072.8355486334453,False,0.3245772738645297,0.2615229074508597,1.6482468096771639,2154.3592349097335,24.830499774775923
2.4059999999999997,1079.6266614750841,False,0.32420407804983564,0.25876888438245077,1.6405752290307722,2134.3514567240722,24.691223490288134
2.4059999999999997,1086.4177743167227,False,0.32386181230130373,0.2560896518919186,1.633051012077006,2114.818677652444,24.555663836279216
2.4059999999999997,1093.2088871583614,False,0.32354898662645953,0.2534820014576088,1.625669361760471,2095.7432537015566,24.42366938901459
2.4059999999999997,1100.0,False,0.32326420073522405,0.250942910000519,1.6184256949205473,2077.108413464608,24.295096992003206
2.425,420.8887158361356,False,,,,,
2.425,427.67982867777425,False,,,,,
2.425,434.47094151941286,False,,,,,
2.425,441.2620543610515,False,,,,,
2.425,448.0531672026902,False,,,,,
2.425,454.8442800443288,False,,,,,
2.425,461.63539288596746,False,,,,,
2.425,468.4265057276061,False,,,,,
2.425,475.21761856924473,False,,,,,
2.425,482.0087314108834,False,,,,,
2.425,488.799844252522,False,,,,,
2.425,495.5909570941607,False,,,,,
2.425,502.38206993579934,False,,,,,
2.425,509.17318277743794,False,,,,,
2.425,515.9642956190767,False,,,,,
2.425,522.7554084607152,False,,,,,
2.425,529.5465213023539,False,,,,,
2.425,536.3376341439925,False,,,,,
2.425,543.1287469856312,False,,,,,
2.425,549.9198598272699,False,,,,,
2.425,556.7109726689084,False,,,,,
2.425,563.5020855105471,False,,,,,
2.425,570.2931983521858,False,,,,,
2.425,577.0843111938244,False,,,,,
2.425,583.8754240354631,False,,,,,
2.425,590.6665368771016,False,,,,,
2.425,597.4576497187403,False,,,,,
2.425,604.248762560379,False,,,,,
2.425,611.0398754020176,False,,,,,
2.425,617.8309882436563,False,,,,,
2.425,624.6221010852948,False,,,,,
2.425,631.4132139269336,False,,,,,
2.425,638.2043267685722,False,,,,,
2.425,644.9954396102108,False,,,,,
2.425,651.7865524518495,False,6.5491070102528095,12.62719001762117,inf,inf,230.5470479766661
2.425,658.5776652934882,False,2.7183583499561004,5.127603190862319,inf,inf,143.4051337229022
2.425,665.3687781351268,False,1.7783132734373088,3.283217319444871,inf,inf,112.34980207044465
2.425,672.1598909767654,False,1.3531334160740909,2.4462896050891056,inf,inf,95.18132184786467
2.425,678.951003818404,False,1.1107393700443169,1.9671600560359712,inf,inf,83.93941898381297
2.425,685.7421166600427,False,0.9541383695889187,1.6560604741523466,inf,inf,75.86880157969972
2.425,692.5332295016814,False,0.8446683692190037,1.4373364572237537,2.71549544924048,5847.521048187129,69.72739175610602
2.425,699.32434234332,False,0.763875421534053,1.2748693120439547,2.66838124510819,5646.370787770965,64.86171611662576
2.425,706.1154551849586,False,0.7018341827206105,1.1492273180000434,2.62651432580975,5470.577600830264,60.890788367275455
2.425,712.9065680265974,False,0.6527299537073573,1.0490225106270943,2.5861284136844374,5303.637184734302,57.57551921138226
2.425,719.6976808682359,False,0.6129294816682723,0.9671362351838351,2.547023203412386,5144.455772748682,54.75730419601448
2.425,726.4887937098746,False,0.5800451858073172,0.8988881902115422,2.5092260158243773,4992.903800308501,52.32626167142192
2.425,733.2799065515132,False,0.5524431253349904,0.8410736198036146,2.4727772376228523,4848.9044220924825,50.203559665970275
2.425,740.0710193931518,False,0.5289671752267258,0.7914235207866411,2.437696288150725,4712.298870848067,48.3309939501262
2.425,746.8621322347906,False,0.5087761192659661,0.7482857883539415,2.4039793935737857,4582.844446425401,46.6645441589902
2.425,753.6532450764291,False,0.4912431655844174,0.7104285091776698,2.371603993328719,4460.237461133298,45.1702295346283
2.425,760.4443579180678,False,0.47589164870585854,0.6769140700889524,2.340533904448576,4344.136952592056,43.82135342067609
2.425,767.2354707597065,False,0.46235257181233563,0.6470160116704978,2.310723780528799,4234.18376682364,42.59661812995285
2.425,774.026583601345,False,0.45033579554463576,0.6201625935583238,2.2821226070274774,4130.014547878976,41.47880298372712
2.425,780.8176964429838,False,0.43961001461426785,0.5958975633209018,2.254676316693667,4031.271433816302,40.45381699846921
2.425,787.6088092846223,False,0.42998854520699953,0.573852302631043,2.228329688975717,3937.608449646653,39.51000694835507
2.425,794.399922126261,False,0.4213190457849218,0.5537256761576597,2.203027695163753,3848.6954715235215,38.637643295203894
2.425,801.1910349678997,False,0.41347595668891945,0.5352692056207712,2.178716425802794,3764.220455480697,37.82853240531793
2.425,807.9821478095383,False,0.4063548545847504,0.5182759950901227,2.155343708550221,3683.8904543307167,37.075719990191324
2.425,814.773260651177,False,0.39986817855812834,0.502572343967714,2.1328594995177106,3607.431807656313,36.373261476613195
2.425,821.5643734928155,False,0.39394195396658066,0.48801131547996063,2.111216110720168,3534.5897829877363,35.71604217983752
2.425,828.3554863344542,False,0.38851325230855,0.4744677480494812,2.0903683203377947,3465.127866435825,35.099635015776016
2.425,835.1465991760929,False,0.38352820103582386,0.46183434505127524,2.0702734003614536,3398.82684247137,34.52018684336438
2.425,841.9377120177315,False,0.3789404091451778,0.4500185800963295,2.0508910870564114,3335.4837600493734,33.97432688005989
2.425,848.7288248593702,False,0.37470971054793445,0.43894022580051345,2.032183512856412,3274.9108517097006,33.45909230578071
2.425,855.5199377010088,False,0.37080115276761005,0.4285293640385893,2.0141151132299764,3216.9344504503183,32.971867375655215
2.425,862.3110505426475,False,0.36718417680682874,0.4187247715108468,1.9966525183062058,3161.3939336726444,32.51033324096415
2.425,869.1021633842861,False,0.3638319472780564,0.4094726004137955,1.9797644362746079,3108.1407125796113,32.07242632617378
2.425,875.8932762259248,False,0.3607208016043268,0.4007252930349759,1.9634215335308793,3057.0372777793577,31.656303593469506
2.425,882.6843890675634,False,0.3578297942878294,0.3924406831853595,1.9475963150398674,3007.9563065778198,31.260313390268447
2.425,889.475501909202,False,0.35514031762207493,0.3845812479236043,1.9322630072873894,2960.779833855504,30.882970851832248
2.425,896.2666147508407,False,0.35263578428213066,0.37711348098320163,1.917397445391106,2915.398486034314,30.522937043142395
2.425,903.0577275924793,False,0.3503013603170385,0.37000736537159945,1.9029769653581723,2871.710776093868,30.179001188031275
2.425,909.848840434118,False,0.348123739439621,0.3632359272604925,1.888980302058301,2829.622456647151,29.85006546111468
2.425,916.6399532757566,False,0.34609095134245765,0.3567748568831714,1.8753874931815102,2789.0459275487096,29.535131918088315
2.425,923.4310661173952,False,0.3441921981970017,0.3506021849569335,1.8621797892389031,2749.8996942566964,29.23329121890873
2.425,930.222178959034,False,0.3424177146128141,0.34469800534651357,1.8493395695191317,2712.107873111561,28.94371286110949
2.425,937.0132918006725,False,0.3407586472179157,0.3390442364197658,1.8368502638151465,2675.599739762883,28.665636690644053
2.425,943.8044046423112,False,0.33920695072332263,0.3336244149252159,1.8246962796724784,2640.309317125526,28.398365497956178
2.425,950.5955174839498,False,0.3377552978955639,0.32842351732235675,1.8128629348722654,2606.1749994449233,28.141258539556684
2.425,957.3866303255885,False,0.33639700131141376,0.323427804380342,1.801336394842331,2573.1392092762103,27.89372585185718
2.425,964.1777431672272,False,0.33512594513270044,0.318624685575266,1.7901036146825227,2541.1480844172193,27.65522324562199
2.425,970.9688560088657,False,0.33393652543418006,0.3140026003962439,1.7791522854923385,2510.1511920708745,27.425247887129444
2.425,977.7599688505044,False,0.3328235978580628,0.3095509141435341,1.7684707846972132,2480.101267742553,27.203334386741297
2.425,984.551081692143,False,0.33178243156586174,0.305259826189526,1.758048130081263,2450.9539765946342,26.989051327668165
2.425,991.3421945337817,False,0.33080866862038305,0.3011202889923664,1.7478739372501257,2422.667695189192,26.781998177764084
2.425,998.1333073754204,False,0.32989828806460403,0.2971239364155497,1.7379383802620407,2395.2033117363744,26.581802535561824
2.425,1004.924420217059,False,0.3290475740752898,0.2932630201254803,1.7282321551824655,2368.524043143557,26.3881176687773
2.425,1011.7155330586976,False,0.3282530876616994,0.28953035302114843,1.7187464463376345,2342.595267330988,26.200620309406933
2.425,1018.5066459003363,False,0.3275116414570322,0.2859192588023076,1.709472895047219,2317.3843693950084,26.019008674513593
2.425,1025.297758741975,False,0.3268202772151012,0.2824235269102849,1.7004035706516671,2292.8606003876794,25.84300068600318
2.425,1032.0888715836136,False,0.3261762456792618,0.2790373721830649,1.6915309436449737,2268.9949475483772,25.672332366263266
2.425,1038.8799844252521,False,0.32557698853670236,0.2757553986571119,1.6828478607498474,2245.7600149657806,25.506756389575624
2.425,1045.6710972668907,False,0.3250201222101924,0.27257256702532073,1.6743475217814565,2223.1299137365754,25.346040771808802
2.425,1052.4622101085295,False,0.3245034232725375,0.26948416532587666,1.6660234581588276,2201.080160778055,25.189967683119896
2.425,1059.2533229501682,False,0.32402481529721827,0.26648578249252686,1.6578695129345897,2179.5875855327567,25.038332370302935
2.425,1066.0444357918068,False,0.3235823569828091,0.263573284444392,1.649879822224306,2158.6302438756975,24.890942177063707
2.425,1072.8355486334453,False,0.3231742314094443,0.26074279243427045,1.6420487979262868,2138.1873385998388,24.74761565191951
2.425,1079.6266614750841,False,0.32279873630335726,0.2579906634094732,1.6343711116320077,2118.239145914866,24.608181734649538
2.425,1086.4177743167227,False,0.3224542752007947,0.2553134721694345,1.6268416796354084,2098.766947447101,24.472479013285504
2.425,1093.2088871583614,False,0.32213934941580935,0.252707995130448,1.619455648956814,2079.75296727581,24.340355044557107
2.425,1100.0,False,0.32185255072787133,0.25017119553048556,1.6122083843044346,2061.1803135848977,24.211665731514824
2.444,420.8887158361356,False,,,,,
2.444,427.67982867777425,False,,,,,
2.444,434.47094151941286,False,,,,,
2.444,441.2620543610515,False,,,,,
2.444,448.0531672026902,False,,,,,
2.444,454.8442800443288,False,,,,,
2.444,461.63539288596746,False,,,,,
2.444,468.4265057276061,False,,,,,
2.444,475.21761856924473,False,,,,,
2.444,482.0087314108834,False,,,,,
2.444,488.799844252522,False,,,,,
2.444,495.5909570941607,False,,,,,
2.444,502.38206993579934,False,,,,,
2.444,509.17318277743794,False,,,,,
2.444,515.9642956190767,False,,,,,
2.444,522.7554084607152,False,,,,,
2.444,529.5465213023539,False,,,,,
2.444,536.3376341439925,False,,,,,
2.444,543.1287469856312,False,,,,,
2.444,549.9198598272699,False,,,,,
2.444,556.7109726689084,False,,,,,
2.444,563.5020855105471,False,,,,,
2.444,570.2931983521858,False,,,,,
2.444,577.0843111938244,False,,,,,
2.444,583.8754240354631,False,,,,,
2.444,590.6665368771016,False,,,,,
2.444,597.4576497187403,False,,,,,
2.444,604.248762560379,False,,,,,
2.444,611.0398754020176,False,,,,,
2.444,617.8309882436563,False,,,,,
2.444,624.6221010852948,False,,,,,
2.444,631.4132139269336,False,,,,,
2.444,638.2043267685722,False,,,,,
2.444,644.9954396102108,False,,,,,
2.444,651.7865524518495,False,9.077025459901199,17.55669093905776,inf,inf,273.24682178389924
2.444,658.5776652934882,False,3.0209605983223002,5.716071615039373,inf,inf,152.0567806101975
2.444,665.3687781351268,False,1.8856777115372543,3.492009290183233,inf,inf,116.28068744505917
2.444,672.1598909767654,False,1.4061209025568335,2.5496426244190222,inf,inf,97.4625895122464
2.444,678.951003818404,False,1.1414382736875324,2.0274179645559443,inf,inf,85.43043748502939
2.444,685.7421166600427,False,0.9736608822612758,1.6947703056825094,inf,inf,76.91331206095329
2.444,692.5332295016814,False,0.8578400924705822,1.4638372043481218,inf,inf,70.49243578617376
2.444,699.32434234332,False,0.7731164488709814,1.2938357005557972,2.6726803304619184,5664.579418462041,65.43919368436634
2.444,706.1154551849586,False,0.708486242278422,1.1632462279117393,2.6300274723520647,5485.221948231934,61.33582468126836
2.444,712.9065680265974,False,0.657594114886664,1.0596355719953205,2.5889256696664873,5315.11662570684,57.923359524279604
2.444,719.6976808682359,False,0.6165120985599096,0.9753161309379157,2.5491362321641615,5152.995068362004,55.03161734773353
2.444,726.4887937098746,False,0.5826811670829053,0.90527710077079,2.510688174292582,4998.724354973646,52.54357426464192
2.444,733.2799065515132,False,0.5543623112065957,0.8461114665725705,2.4736261952312817,4852.234459981046,50.3757831304617
2.444,740.0710193931518,False,0.5303322066638467,0.7954210458241475,2.437972355518289,4713.366260263598,48.46694228733614
2.444,746.8621322347906,False,0.5097050978178309,0.7514682324692818,2.40372366718959,4581.869486399802,46.770885759297165
2.444,753.6532450764291,False,0.4918237658113803,0.7129627832420274,2.3708569575752483,4457.4280274400635,45.252106128074544
2.444,760.4443579180678,False,0.4761902120106442,0.678926243902745,2.3393345046365983,4339.685812603814,43.88279518778531
2.444,767.2354707597065,False,0.46242014112396784,0.6486029065318759,2.309108865146842,4228.267474154036,42.64082960928658
2.444,774.026583601345,False,0.4502122238290056,0.6213996658528317,2.280126634615405,4122.793384400345,41.50836460694077
2.444,780.8176964429838,False,0.43932682572595794,0.59684438796406,2.2523312434568545,4022.889999768385,40.47083007478284
2.444,787.6088092846223,False,0.429570966135366,0.5745564640229769,2.225664975192465,3928.1966235117347,39.51619986603396
2.444,794.399922126261,False,0.42078747624353147,0.554225578796664,2.2000703864172384,3838.3695537455837,38.63445057742481
2.444,801.1910349678997,False,0.4128470489724586,0.5355961371048815,2.1754912785941407,3753.084376065684,37.81715441623396
2.444,807.9821478095383,False,0.4056423186014207,0.518455662422652,2.151873339629755,3672.036969792327,37.057168620023035
2.444,814.773260651177,False,0.39908338990508874,0.5026260327479656,2.1291645451898846,3594.9436433183523,36.348395515161656
2.444,821.5643734928155,False,0.39309441876120926,0.487956775075694,2.1073153872001424,3521.5406967816602,35.68559500344387
2.444,828.3554863344542,False,0.3876109664308188,0.47431987496836964,2.086278979560295,3451.5836233165596,35.06423647347246
2.444,835.1465991760929,False,0.38257793057358835,0.4616057158526894,2.0660110779068437,3384.84609673577,34.48038071560497
2.444,841.9377120177315,False,0.3779479113655738,0.4497198708430309,2.0464700403825358,3321.118847784693,33.93058492295064
2.444,848.7288248593702,False,0.3736799095071395,0.43858054505054656,2.0276167490345736,3260.208498425725,33.41182563659869
2.444,855.5199377010088,False,0.3697382799854832,0.42811651931016265,2.0094145060384343,3201.936400401535,32.92143576966818
2.444,862.3110505426475,False,0.3660918847930289,0.41826548409441927,1.9918289149466035,3146.1375079567592,32.45705277375238
2.444,869.1021633842861,False,0.3627134017830103,0.40897267974211843,1.9748277542236732,3092.659303139109,32.016575695274476
2.444,875.8932762259248,False,0.3595787570667751,0.40018977913977805,1.9583808481755618,3041.3607841534845,31.598129378216274
2.444,882.6843890675634,False,0.3566666559131808,0.3918739637855567,1.942459938806043,2992.111521796179,31.20003445219658
2.444,889.475501909202,False,0.3539581927506725,0.3839871552087416,1.9270385609867533,2944.790785325566,30.820782035055828
2.444,896.2666147508407,False,0.3514365251220789,0.37649537203985056,1.9120919224946127,2899.2867367084896,30.459012301153173
2.444,903.0577275924793,False,0.3490865996719865,0.36936818935268245,1.8975967898702555,2855.4956906453785,30.113496237902137
2.444,909.848840434118,False,0.3468949207214194,0.3625782817482828,1.8835313806218015,2813.3214368567546,29.783120046255988
2.444,916.6399532757566,False,0.34484935389582516,0.35610103539594345,1.8698752619940475,2772.6746206168573,29.466871745157874
2.444,923.4310661173952,False,0.34293895875901176,0.3499142171601509,1.85660925631114,2733.47217731329,29.16382962220298
2.444,930.222178959034,False,0.34115384557011985,0.34399769122517276,1.843715352756144,2695.6368167985765,28.873152238017667
2.444,937.0132918006725,False,0.339485052198725,0.33833317542906344,1.8311766253549144,2659.096553411136,28.594069743962912
2.444,943.8044046423112,False,0.3379244379613713,0.3329040309471203,1.8189771568718553,2623.784277735105,28.32587631460839
2.444,950.5955174839498,False,0.33646459172385634,0.3276950801047202,1.8071019682901555,2589.6373664033126,28.067923530206137
2.444,957.3866303255885,False,0.33509875207983086,0.3226924480143572,1.7955369535329997,2556.59732650716,27.819614571815116
2.444,964.1777431672272,False,0.33382073779232574,0.3178834244698571,1.7842688190785172,2524.6094714422493,27.58039911409616
2.444,970.9688560088657,False,0.33262488698970366,0.3132563431293553,1.7732850281265564,2493.6226252813026,27.349768819128492
2.444,977.7599688505044,False,0.3315060038559106,0.30880047550642364,1.7625737489861937,2463.5888530176394,27.12725334969362
2.444,984.551081692143,False,0.33045931175817517,0.3045059376880634,1.7521238073687533,2434.4632142641817,26.912416832952527
2.444,991.3421945337817,False,0.32948041192238114,0.3003636080266185,1.741924642287104,2406.2035382127306,26.70485471580338
2.444,998.1333073754204,False,0.3285652469042877,0.2963650543238114,1.7319662652806749,2378.770217865701,26.50419096184597
2.444,1004.924420217059,False,0.32771006821907245,0.292502469249871,1.7222392227080252,2352.1260217521267,26.310075547104894
2.444,1011.7155330586976,False,0.32691140758679654,0.2887686129278256,1.7127345608554025,2326.235921479963,26.12218221773341
2.444,1018.5066459003363,False,0.3261660513308366,0.285156761769327,1.7034437936479754,2301.0669336898377,25.940206478034835
2.444,1025.297758741975,False,0.32547101753288155,0.2816606627793986,1.6943588727473156,2276.5879750619624,25.76386378146147
2.444,1032.0888715836136,False,0.32482353560410404,0.2782744926577476,1.6854721598474167,2252.7697291910777,25.59288790092072
2.444,1038.8799844252521,False,0.324221027979335,0.27499282111731116,1.6767764009927086,2229.5845242492383,25.42702945783732
2.444,1045.6710972668907,False,0.323661093681079,0.27181057791951235,1.6682647027564612,2207.0062204628775,25.266054592086295
2.444,1052.4622101085295,False,0.3231414935341413,0.2687230231925956,1.659930510131288,2185.010106525185,25.10974375718891
2.444,1059.2533229501682,False,0.3226601368405531,0.2657257206564249,1.6517675859957812,2163.572804149891,24.957890627121532
2.444,1066.0444357918068,False,0.32221506934916994,0.26281451342581713,1.6437699920325954,2142.6721800489004,24.810301102770126
2.444,1072.8355486334453,False,0.3218044623754592,0.25998550210620247,1.6359320709836864,2122.28726468489,24.666792407516294
2.444,1079.6266614750841,False,0.32142660294514236,0.2572350249312266,1.6282484301382336,2102.398177212452,24.52719226269643
2.444,1086.4177743167227,False,0.32107988485097544,0.2545596397227591,1.6207139259570869,2082.986056075775,24.391338134764496
2.444,1093.2088871583614,False,0.32076280052544676,0.25195610748041575,1.61332364974614,2064.032994782231,24.259076546936257
2.444,1100.0,False,0.32047393364381654,0.2494213774307368,1.6060729142978603,2045.5219824148887,24.13026244891609
2.463,420.8887158361356,False,,,,,
2.463,427.67982867777425,False,,,,,
2.463,434.47094151941286,False,,,,,
2.463,441.2620543610515,False,,,,,
2.463,448.0531672026902,False,,,,,
2.463,454.8442800443288,False,,,,,
2.463,461.63539288596746,False,,,,,
2.463,468.4265057276061,False,,,,,
2.463,475.21761856924473,False,,,,,
2.463,482.0087314108834,False,,,,,
2.463,488.799844252522,False,,,,,
2.463,495.5909570941607,False,,,,,
2.463,502.38206993579934,False,,,,,
2.463,509.17318277743794,False,,,,,
2.463,515.9642956190767,False,,,,,
2.463,522.7554084607152,False,,,,,
2.463,529.5465213023539,False,,,,,
2.463,536.3376341439925,False,,,,,
2.463,543.1287469856312,False,,,,,
2.463,549.9198598272699,False,,,,,
2.463,556.7109726689084,False,,,,,
2.463,563.5020855105471,False,,,,,
2.463,570.2931983521858,False,,,,,
2.463,577.0843111938244,False,,,,,
2.463,583.8754240354631,False,,,,,
2.463,590.6665368771016,False,,,,,
2.463,597.4576497187403,False,,,,,
2.463,604.248762560379,False,,,,,
2.463,611.0398754020176,False,,,,,
2.463,617.8309882436563,False,,,,,
2.463,624.6221010852948,False,,,,,
2.463,631.4132139269336,False,,,,,
2.463,638.2043267685722,False,,,,,
2.463,644.9954396102108,False,,,,,
2.463,651.7865524518495,False,15.063236906511458,29.22729442286193,inf,inf,354.4436052404061
2.463,658.5776652934882,False,3.4117379604641975,6.475448626875795,inf,inf,162.55993716236213
2.463,665.3687781351268,False,2.010562296211103,3.7345536149642498,inf,inf,120.69670419922204
2.463,672.1598909767654,False,1.465167924496506,2.664588276267889,inf,inf,99.94543957787128
2.463,678.951003818404,False,1.1748808585403308,2.092881672508878,inf,inf,87.02624108015304
2.463,685.7421166600427,False,0.9946448992740031,1.736225501660536,inf,inf,78.02014710463665
2.463,692.5332295016814,False,0.8718815738099025,1.4919519056433144,inf,inf,71.29810096398704
2.463,699.32434234332,False,0.7829193052902383,1.3138293449363474,2.6771698408862425,5683.625877133269,66.0449883607663
2.463,706.1154551849586,False,0.7155252968672047,1.1779603891450652,2.6337089057287346,5500.588793242924,61.80165932102234
2.463,712.9065680265974,False,0.662739186733703,1.0707430610916855,2.591880923281255,5327.257941972176,58.28713406282496
2.463,719.6976808682359,False,0.6203077895278928,0.9838624032194254,2.551397573657969,5162.141578439851,55.31857351367652
2.463,726.4887937098746,False,0.5854849549338362,0.9119471574810025,2.5122890312364463,5005.100928423282,52.77122043036408
2.463,733.2799065515132,False,0.5564180077806015,0.8513716648665195,2.474604631764432,4856.073797083339,50.556670020722414
2.463,740.0710193931518,False,0.5318114540313429,0.7995991129594407,2.4383693641516038,4714.901470007498,48.61031506113776
2.463,746.8621322347906,False,0.5107319953156632,0.7548006975132101,2.4035811857685436,4581.326319199678,46.883712330098994
2.463,753.6532450764291,False,0.4924901019214337,0.715624280085591,2.3702163680843134,4455.019619130589,45.33974164390106
2.463,760.4443579180678,False,0.47656522175640575,0.6810482611914562,2.338235638289116,4335.609769037719,43.949425271416615
2.463,767.2354707597065,False,0.46255694817278614,0.6502861529678102,2.3075894046806935,4222.704660247952,42.68977421385374
2.463,774.026583601345,False,0.45015220693606944,0.6227224420307942,2.27822180053153,4115.907839610942,41.54229132824278
2.463,780.8176964429838,False,0.43910264734365534,0.5978683867439818,2.2500736734584845,4014.829547508774,40.49190705640385
2.463,787.6088092846223,False,0.4292087164074303,0.5753308721913256,2.2230847300382357,3919.0938742850394,39.52620744513644
2.463,794.399922126261,False,0.420308218640194,0.5547900307931437,2.197195034981546,3828.343102437931,38.63486415627507
2.463,801.1910349678997,False,0.41226795290089613,0.5359828771145575,2.1723460295985846,3742.2400653600544,37.80920688957565
2.463,807.9821478095383,False,0.4049775016751584,0.5186911504953484,2.148481198071595,3660.469140671048,37.04189803183777
2.463,814.773260651177,False,0.39834455272234076,0.5027321539605736,2.125546478929631,3582.736326394093,36.326681881307316
2.463,821.5643734928155,False,0.3922913291634255,0.4879517609946198,2.1034904943292116,3508.768719665255,35.65818907768571
2.463,828.3554863344542,False,0.3867518330675235,0.47421901372741987,2.0822646507067075,3438.31362299147,35.03178244681926
2.463,835.1465991760929,False,0.38166969403634565,0.46142190496056895,2.061823150034118,3371.1374344919013,34.443434294635985
2.463,841.9377120177315,False,0.37699647322674823,0.4494640516256689,2.0421229402415433,3307.024429416553,33.8896278509609
2.463,848.7288248593702,False,0.372690314082662,0.4382620470571697,2.0231236254844647,3245.7755053057695,33.36727744968091
2.463,855.5199377010088,False,0.368714859748384,0.4277433355546597,2.0047873511331056,3187.2069384999922,32.873663383989545
2.463,862.3110505426475,False,0.3650383775826935,0.41784449267773704,1.9870786741070108,3131.1491824272234,32.406378357408485
2.463,869.1021633842861,False,0.36163304594324985,0.408509823552392,1.9699644260670501,3077.4457260794634,31.96328317270874
2.463,875.8932762259248,False,0.3584743691746255,0.3996902125142684,1.9534135747072625,3025.9520228147358,31.54246983664324
2.463,882.6843890675634,False,0.35554069467344634,0.39134217294192286,1.9373970867384334,2976.5344939996708,31.14223066035999
2.463,889.475501909202,False,0.3528128118203913,0.38342705770515534,1.9218877949588575,2929.069608255697,30.761032239767538
2.463,896.2666147508407,False,0.3502736170187956,0.37591039935907866,1.9068602709448728,2883.4430346341037,30.397493432692666
2.463,903.0577275924793,False,0.3479078324563728,0.36876135582188635,1.8922907042754125,2839.548866524555,30.05036662882751
2.463,909.848840434118,False,0.3457017687902703,0.36195224233082296,1.8781567887654198,2797.2889122155693,29.71852174755133
2.463,916.6399532757566,False,0.34364312394811086,0.35545813437103363,1.864437615874693,2756.57204757485,29.40093250748853
2.463,923.4310661173952,False,0.3417208117854149,0.34925652930236833,1.8511135752458296,2717.313626159585,29.096664597316348
2.463,930.222178959034,False,0.339924815550591,0.3433270567803826,1.8381662621816308,2679.434942102944,28.80486544522695
2.463,937.0132918006725,False,0.3382460620620794,0.3376512299353214,1.8255783917795556,2642.8627412833225,28.52475533859192
2.463,943.8044046423112,False,0.33667631325762004,0.3322122307529399,1.8133337193838492,2607.5287765168064,28.25561968880479
2.463,950.5955174839498,False,0.33520807237779604,0.32699472428112103,1.8014169669855356,2573.369402790471,27.996802271315754
2.463,957.3866303255885,False,0.33383450252856794,0.32198469723228035,1.7898137551875732,2540.3252088474505,27.74769929927529
2.463,964.1777431672272,False,0.3325493557565017,0.3171693173142418,1.7785105403531276,2508.3406817335854,27.507754212359497
2.463,970.9688560088657,False,0.33134691108537884,0.31253681024010965,1.7674945565630502,2477.3639012040876,27.27645308130551
2.463,977.7599688505044,False,0.3302219202193079,0.30807635187073606,1.7567537620241436,2447.3462611689974,27.053320544281796
2.463,984.551081692143,False,0.3291695598271147,0.30377797335485035,1.7462767895868347,2418.242215614162,26.837916204102843
2.463,991.3421945337817,False,0.3281853894949959,0.2996324774699732,1.7360529010506929,2390.0090466761903,26.6298314259868
2.463,998.1333073754204,False,0.3272653145764871,0.29563136464619416,1.7260719449611415,2362.6066527838834,26.4286864844603
2.463,1004.924420217059,False,0.3264055532864103,0.2917667673859512,1.7163243176095702,2335.9973549490765,26.23412801545727
2.463,1011.7155330586976,False,0.32560260748331465,0.2880313919851812,1.7068009269896722,2310.145719530684,26.045826735908992
2.463,1018.5066459003363,False,0.3248532366665339,0.2844184666216396,1.6974931594625782,2285.018395908502,25.863475398382125
2.463,1025.297758741975,False,0.32415443478235967,0.28092169501063147,1.6883928489143472,2260.5839676889063,25.68678695276831
2.463,1032.0888715836136,False,0.32350340949131395,0.2775352149414327,1.679492248202906,2236.8128161900686,25.515492890798495
2.463,1038.8799844252521,False,0.3228975635969233,0.274253561102991,1.6707840027089038,2213.6769950799344,25.349341752358193
2.463,1045.6710972668907,False,0.3223344783774308,0.2710716316882178,1.6622611258202462,2191.1501151509474,25.188097775316148
2.463,1052.4622101085295,False,0.3218118985966353,0.26798465833464036,1.6539169761944021,2169.2072383154223,25.0315396729149
2.463,1059.2533229501682,False,0.321327718999664,0.2649881790175071,1.6457452366556191,2147.824779994842,24.87945952477892
2.463,1066.0444357918068,False,0.3208799721247587,0.26207801356123145,1.6377398945964416,2126.9804191572152,24.731661769320926
2.463,1072.8355486334453,False,0.3204668172837613,0.25925024147767184,1.629895223763898,2106.6530153285703,24.587962286813887
2.463,1079.6266614750841,False,0.32008653058256836,0.25650118187636073,1.6222057673208798,2086.8225319695002,24.448187563683437
2.463,1086.4177743167227,False,0.31973749586876754,0.2538273752232764,1.6146663220826085,2067.4699656660955,24.312173929688672
2.463,1093.2088871583614,False,0.3194181965074645,0.25122556675194635,1.6072719238364792,2048.577280636691,24.17976686062857
2.463,1100.0,False,0.31912720789818905,0.24869269135416225,1.6000178336613797,2030.1273481029693,24.05082034005255
2.482,420.8887158361356,False,,,,,
2.482,427.67982867777425,False,,,,,
2.482,434.47094151941286,False,,,,,
2.482,441.2620543610515,False,,,,,
2.482,448.0531672026902,False,,,,,
2.482,454.8442800443288,False,,,,,
2.482,461.63539288596746,False,,,,,
2.482,468.4265057276061,False,,,,,
2.482,475.21761856924473,False,,,,,
2.482,482.0087314108834,False,,,,,
2.482,488.799844252522,False,,,,,
2.482,495.5909570941607,False,,,,,
2.482,502.38206993579934,False,,,,,
2.482,509.17318277743794,False,,,,,
2.482,515.9642956190767,False,,,,,
2.482,522.7554084607152,False,,,,,
2.482,529.5465213023539,False,,,,,
2.482,536.3376341439925,False,,,,,
2.482,543.1287469856312,False,,,,,
2.482,549.9198598272699,False,,,,,
2.482,556.7109726689084,False,,,,,
2.482,563.5020855105471,False,,,,,
2.482,570.2931983521858,False,,,,,
2.482,577.0843111938244,False,,,,,
2.482,583.8754240354631,False,,,,,
2.482,590.6665368771016,False,,,,,
2.482,597.4576497187403,False,,,,,
2.482,604.248762560379,False,,,,,
2.482,611.0398754020176,False,,,,,
2.482,617.8309882436563,False,,,,,
2.482,624.6221010852948,False,,,,,
2.482,631.4132139269336,False,,,,,
2.482,638.2043267685722,False,,,,,
2.482,644.9954396102108,False,,,,,
2.482,651.7865524518495,False,46.91824183607525,91.32296584474679,inf,inf,630.0248422271899
2.482,658.5776652934882,False,3.9354336840320525,7.492472163564776,inf,inf,175.6659941345798
2.482,665.3687781351268,False,2.157521158110813,4.019631159548643,inf,inf,125.70017688204882
2.482,672.1598909767654,False,1.5313174831382632,2.7931273404291455,inf,inf,102.65810825820662
2.482,678.951003818404,False,1.211414232016307,2.164214077035542,inf,inf,88.7376069031254
2.482,685.7421166600427,False,1.0172336366906234,1.780698681783609,inf,inf,79.19425615913343
2.482,692.5332295016814,False,0.8868606277445683,1.5218094817506458,inf,inf,72.14694244831088
2.482,699.32434234332,False,0.793319229038886,1.3349173553552354,2.681856121819313,5703.541221309639,66.68052536077028
2.482,706.1154551849586,False,0.7229708507962193,1.193407191095,2.6375607653887685,5516.690033309667,62.28912864666143
2.482,712.9065680265974,False,0.6681764096097766,1.08236682812725,2.5949960652107404,5340.071136569167,58.66734860810283
2.482,719.6976808682359,False,0.624323161724922,0.9927882311999179,2.5538090207247652,5171.904160331166,55.61848185310238
2.482,726.4887937098746,False,0.5884604199781859,0.9189064434390487,2.5140302206553065,5012.041092279385,53.009386875964864
2.482,733.2799065515132,False,0.5586123994488492,0.8568591742326956,2.475713975694162,4860.428645050029,50.7463278839683
2.482,740.0710193931518,False,0.5334060257889501,0.8039607001709653,2.4388885190616385,4716.90938961317,48.76116705023029
2.482,746.8621322347906,False,0.51185721350795,0.7582848682326451,2.403552932939901,4581.218617685373,47.003042567465684
2.482,753.6532450764291,False,0.49324210011593017,0.7184138205673325,2.3696830003735663,4453.0148264082245,45.43312957648203
2.482,760.4443579180678,False,0.4770162776477934,0.6832803546993247,2.3372378912161875,4331.91046778088,44.02121925070985
2.482,767.2354707597065,False,0.4627623647504175,0.6520655772896208,2.306165815095876,4217.49615643268,42.74341460053101
2.482,774.026583601345,False,0.4501549554109848,0.6241304643311193,2.276408370176571,4109.358045704325,41.5805363730201
2.482,780.8176964429838,False,0.43893657473202924,0.5989689018347601,2.2479037392147623,4007.0896095628614,40.516994221158214
2.482,787.6088092846223,False,0.42890080824440674,0.5761747278979136,2.2205889688197975,3910.2992188687504,39.539970811095465
2.482,794.399922126261,False,0.4198802251015038,0.5554181330510904,2.19440155256195,3818.614689053525,38.63882132013721
2.482,801.1910349678997,False,0.41173757705826514,0.5364284565138617,2.16928049857885,3731.6857075750445,37.80462425224386
2.482,807.9821478095383,False,0.4043592809228816,0.5189814417645772,2.1451670216065457,3649.184812088469,37.02984052245316
2.482,814.773260651177,False,0.3976505215568134,0.5028896574949598,2.122004964825754,3570.8074027622542,36.308051295370454
2.482,821.5643734928155,False,0.3915315237610624,0.4879952022490517,2.0997410296479093,3496.2711313395193,35.633753968906284
2.482,828.3554863344542,False,0.3859346797942816,0.4741640811417586,2.0783248707728927,3425.3149065513294,35.00220167303077
2.482,835.1465991760929,False,0.38080231171021056,0.461281823467137,2.057709098289698,3357.6976813508168,34.40927573986957
2.482,841.9377120177315,False,0.3760849105387248,0.44925003265625923,2.037849217073254,3293.197134632987,33.851383441178804
2.482,848.7288248593702,False,0.37173973774049907,0.4379836447776586,2.018703525261331,3231.608322793705,33.32537529248933
2.482,855.5199377010088,False,0.3677297047957812,0.4274087311850964,2.000232987395368,3172.742350303193,32.82847765613174
2.482,862.3110505426475,False,0.3640224684149277,0.41746072314765625,1.9824010932848184,3116.4250902358413,32.3582374135063
2.482,869.1021633842861,False,0.3605896944241853,0.40808296669640454,1.9651737103612927,3062.4959731025147,31.912476238045876
2.482,875.8932762259248,False,0.35740645471581817,0.39922553806315747,1.9485189348987744,3010.806853725492,31.489252564455068
2.482,882.6843890675634,False,0.35445072999714744,0.39084426639045866,1.9324069457463744,2961.2209600978817,31.086829772246737
2.482,889.475501909202,False,0.35170299728010174,0.38289992251994337,1.916809862973159,2913.6119243409703,30.703649420962154
2.482,896.2666147508407,False,0.3491458857135751,0.3753575417746325,1.9017016129309294,2867.862893421188,30.338308618065565
2.482,903.0577275924793,False,0.346763887891945,0.36818585555269234,1.887057800603938,2823.8657157876255,29.989540787883033
2.482,909.848840434118,False,0.34454311647070435,0.3613568118242391,1.872855589666071,2781.52019924767,29.656199255212822
2.482,916.6399532757566,False,0.3424710979975762,0.3548451686850298,1.8590735903534694,2740.7334349974913,29.337243170689916
2.482,923.4310661173952,False,0.3405365974789874,0.3486281482729149,1.845691755047779,2701.419182621925,29.031725394203246
2.482,930.222178959034,False,0.33872946846097657,0.3426851408162709,1.83269128132377,2663.4973109679145,28.738782023305045
2.482,937.0132918006725,False,0.33704052439378496,0.33699745052129965,1.8200545221253828,2626.8932900065724,28.45762330981123
2.482,943.8044046423112,False,0.33546142783318683,0.331548076539156,1.8077649026817357,2591.537729081484,28.187525752882035
2.482,950.5955174839498,False,0.3339845946556084,0.3263215234755492,1.7958068437477983,2557.365957258901,27.92782519320136
2.482,957.3866303255885,False,0.33260311096378853,0.3213036368839881,1.7841656907464565,2524.317641829,27.67791076230635
2.482,964.1777431672272,False,0.33131066076197685,0.3164814599718046,1.772827648392466,2492.3364413372683,27.43721956508045
2.482,970.9688560088657,False,0.3301014628052228,0.3118431083859391,1.7617797203923025,2461.369689847858,27.20523199303057
2.482,977.7599688505044,False,0.328970215292028,0.30737766046430653,1.7510096538311748,2431.368109442036,26.98146758208287
2.482,984.551081692143,False,0.3279120472859184,0.3030750607625833,1.7405058878793518,2402.285548237268,26.765481341934528
2.482,991.3421945337817,False,0.3269224759289869,0.2989260350143414,1.7302575064770016,2374.0787414858096,26.556860495026164
2.482,998.1333073754204,False,0.3259973686567767,0.29492201496946724,1.7202541946681567,2346.7070935182505,26.355221572380103
2.482,1004.924420217059,False,0.3251329097449427,0.29105507179337564,1.7104861982976827,2320.1324785713628,26.16020782121816
2.482,1011.7155330586976,False,0.3243255706187157,0.28731785690699285,1.7009442867878524,2294.319058682753,25.97148688570438
2.482,1018.5066459003363,False,0.32357208344011557,0.28370354931222747,1.6916197187447726,2269.233117047328,25.788748727571942
2.482,1025.297758741975,False,0.3228694175580579,0.2802058085855705,1.6825042101613825,2244.8429053810887,25.6117037579634
2.482,1032.0888715836136,False,0.3222147584654993,0.27681873283836855,1.6735899050035659,2221.1185039849956,25.440081155687093
2.482,1038.8799844252521,False,0.3216054889574666,0.27353682104001,1.664869347983729,2198.031693332123,25.27362735038314
2.482,1045.6710972668907,False,0.3210391722258406,0.27035493918290043,1.656335459342843,2175.5558361189283,25.11210465189849
2.482,1052.4622101085295,False,0.32051353666240934,0.2672682898382063,1.6479815114771135,2153.665768826377,24.955290009568838
2.482,1059.2533229501682,False,0.3200264621720162,0.26427238471099845,1.6398011072595386,2132.3377019311706,24.802973887161738
2.482,1066.0444357918068,False,0.31957596782350484,0.2613630198543433,1.6317881599194741,2111.5491279918583,24.654959241003503
2.482,1072.8355486334453,False,0.3191602006882681,0.25853625324544305,1.6239368743550657,2091.2787369102994,24.51106059033527
2.482,1079.6266614750841,False,0.31877742573520146,0.2557883844643208,1.616241729764308,2071.5063377372235,24.371103170261126
2.482,1086.4177743167227,False,0.31842601666717124,0.25311593624770107,1.6086974634900642,2052.2127864509343,24.23492215879103
2.482,1093.2088871583614,False,0.31810444759818446,0.2505156377184759,1.6012990559836113,2033.3799191935382,24.102361970471694
2.482,1100.0,False,0.31781128548259696,0.24798440911512684,1.5940417167993015,2014.990490497769,23.97327560995991
2.501,420.8887158361356,False,,,,,
2.501,427.67982867777425,False,,,,,
2.501,434.47094151941286,False,,,,,
2.501,441.2620543610515,False,,,,,
2.501,448.0531672026902,False,,,,,
2.501,454.8442800443288,False,,,,,
2.501,461.63539288596746,False,,,,,
2.501,468.4265057276061,False,,,,,
2.501,475.21761856924473,False,,,,,
2.501,482.0087314108834,False,,,,,
2.501,488.799844252522,False,,,,,
2.501,495.5909570941607,False,,,,,
2.501,502.38206993579934,False,,,,,
2.501,509.17318277743794,False,,,,,
2.501,515.9642956190767,False,,,,,
2.501,522.7554084607152,False,,,,,
2.501,529.5465213023539,False,,,,,
2.501,536.3376341439925,False,,,,,
2.501,543.1287469856312,False,,,,,
2.501,549.9198598272699,False,,,,,
2.501,556.7109726689084,False,,,,,
2.501,563.5020855105471,False,,,,,
2.501,570.2931983521858,False,,,,,
2.501,577.0843111938244,False,,,,,
2.501,583.8754240354631,False,,,,,
2.501,590.6665368771016,False,,,,,
2.501,597.4576497187403,False,,,,,
2.501,604.248762560379,False,,,,,
2.501,611.0398754020176,False,,,,,
2.501,617.8309882436563,False,,,,,
2.501,624.6221010852948,False,,,,,
2.501,631.4132139269336,False,,,,,
2.501,638.2043267685722,False,,,,,
2.501,644.9954396102108,False,,,,,
2.501,651.7865524518495,False,,,,,
2.501,658.5776652934882,False,4.673263372321957,8.92458329215437,inf,inf,192.63869353472876
2.501,665.3687781351268,False,2.332844749366484,4.359370106097416,inf,inf,131.42678315252996
2.501,672.1598909767654,False,1.605870081541745,2.937754233184613,inf,inf,105.63484298859318
2.501,678.951003818404,False,1.2514486429981297,2.242198415719483,inf,inf,90.57701475609063
2.501,685.7421166600427,False,1.0415909608451293,1.8285015747311506,inf,inf,80.44121385712117
2.501,692.5332295016814,False,0.9028532277609675,1.5535541924398393,inf,inf,73.04178777121616
2.501,699.32434234332,False,0.8043551525775341,1.3571737239024912,2.6867473542594924,5724.364699151731,67.34736424321473
2.501,706.1154551849586,False,0.7308442681524469,1.2096274459765,2.6415852551014414,5533.538024679667,62.79914206003268
2.501,712.9065680265974,False,0.6739180466979247,1.0945305749278134,2.5982729921281287,5353.566395271823,59.06455203710482
2.501,719.6976808682359,False,0.6285654306511984,1.002107870923063,2.5563723805894747,5182.291863528422,55.93167886324663
2.501,726.4887937098746,False,0.5916118218797798,0.9261637103654321,2.515913397634694,5019.552613329555,53.258278842298175
2.501,733.2799065515132,False,0.560947937062146,0.8625793954956059,2.476955677836081,4865.30539430816,50.94487763104798
2.501,740.0710193931518,False,0.5351172250547696,0.8085090939945778,2.4395310454350785,4719.3950611681075,48.91956323067458
2.501,746.8621322347906,False,0.5130813050038218,0.7619226571888805,2.4036399087689277,4581.550178926309,47.128903353438254
2.501,753.6532450764291,False,0.4940798097587221,0.721332402388589,2.369257642242443,4451.416337440461,45.53227028631764
2.501,760.4443579180678,False,0.4775430844521964,0.6856229007255099,2.336341857564186,4328.589630365884,44.09815867907372
2.501,767.2354707597065,False,0.46303585551991056,0.65394112692404,2.3048385172470556,4212.642851756648,42.80171878125915
2.501,774.026583601345,False,0.4502197642213002,0.6256233805167158,2.2746866109907633,4103.144178853229,41.623057880729476
2.501,780.8176964429838,False,0.4388277815612749,0.6001453697800935,2.2458215730278535,3999.66975237422,40.54604243914442
2.501,787.6088092846223,False,0.42864632787459517,0.5770873180641215,2.2181777049229887,3901.8117011211257,39.55743544123202
2.501,794.399922126261,False,0.41950251846338565,0.5561090664216992,2.191689847714495,3809.18290757691,38.64626352558006
2.501,801.1910349678997,False,0.4112548982041856,0.5369319812857458,2.1662945013275836,3721.419507069458,37.803344955796476
2.501,807.9821478095383,False,0.4037865996441095,0.5193255899555712,2.1419305435152385,3638.181848549487,37.020932298770475
2.501,814.773260651177,False,0.3970002155348929,0.5030975613642286,2.1185396623185224,3559.154438194252,36.29243829438112
2.501,821.5643734928155,False,0.39081390440445507,0.4880860933472748,2.096066586080788,3484.0452329001973,35.612222982547436
2.501,828.3554863344542,False,0.38515839634599874,0.4741540572816439,2.074459172359552,3412.584538751372,34.975426562698225
2.501,835.1465991760929,False,0.3799746650997975,0.46118444377344087,2.053668400198402,3344.5236894457285,34.37783682747329
2.501,841.9377120177315,False,0.37521209951472295,0.44907678373753035,2.0336482977929027,3279.63362294719,33.81578303788787
2.501,848.7288248593702,False,0.3708270536330816,0.43774430922177543,2.014355828492065,3217.703434792948,33.286050235676264
2.501,855.5199377010088,False,0.3667816869154638,0.42711168127298715,1.99575075145391,3158.5389587038117,32.78580950722311
2.501,862.3110505426475,False,0.3630430290027823,0.4171131567730892,1.977795468463363,3101.9614059141136,32.31256081124157
2.501,869.1021633842861,False,0.3595822198432482,0.4076910982288832,1.9604548649370817,3047.806081445901,31.864085785415426
2.501,875.8932762259248,False,0.35637388795216224,0.39879475379675494,1.9436961506236068,2995.921186605655,31.438408541286627
2.501,882.6843890675634,False,0.3533956383455653,0.39037925194512324,1.92748870369564,2946.166711008317,31.033762900687854
2.501,889.475501909202,False,0.3506276282020491,0.3824047678706735,1.9118039206328041,2898.4134135341633,30.64856486212514
2.501,896.2666147508407,False,0.3480522131892255,0.37483582831581047,1.8966150733678262,2852.5418891627933,30.281389340707673
2.501,903.0577275924793,False,0.34565365108422863,0.3676407286456452,1.8818971745142612,2808.441717156094,29.93095042121323
2.501,909.848840434118,False,0.34341785213466147,0.3607910415446539,1.8676268510362508,2766.0106852664026,29.59608451559918
2.501,916.6399532757566,False,0.3413321677726065,0.3542612009247146,1.8537822264049826,2725.15408430261,29.275735934606068
2.501,923.4310661173952,False,0.33938521097254576,0.3480281479153221,1.840342811073933,2685.7840673442083,28.968944476045063
2.501,930.222178959034,False,0.33756670285357576,0.3420710283660389,1.8272894009661882,2647.8190680418134,28.67483470585434
2.501,937.0132918006725,False,0.3358673411549718,0.33637093330208523,1.8146039835811758,2611.1832727085016,28.39260666648579
2.501,943.8044046423112,False,0.33427868702736785,0.33091067536403107,1.8022696512800351,2575.80614123934,28.121527793989525
2.501,950.5955174839498,False,0.3327930672286459,0.32567459552756817,1.7902705212867351,2541.621972260273,27.860925862844685
2.501,957.3866303255885,False,0.33140348933094477,0.32064839541140694,1.7785916619384194,2508.569508280884,27.610182808074732
2.501,964.1777431672272,False,0.33010356796139234,0.31581899129568036,1.7672190247271589,2476.5915769927215,27.368729298995433
2.501,970.9688560088657,False,0.32888746043550954,0.31117438663165137,1.7561393816924584,2445.6347652077034,27.136039959215157
2.501,977.7599688505044,False,0.32774981041562024,0.3067035603587318,1.7453402677440666,2415.6491222574355,26.911629144161225
2.501,984.551081692143,False,0.32668569844972584,0.30239636878181203,1.7348099275245275,2386.587889995991,26.695047201141104
2.501,991.3421945337817,False,0.3256905984292453,0.29824345912032346,1.7245372664339442,2358.407256795175,26.48587714832191
2.501,998.1333073754204,False,0.3247603391547608,0.29423619313580535,1.7145118054864783,2331.0661332368627,26.2837317184781
2.501,1004.924420217059,False,0.32389107032348496,0.29036657948899297,1.7047236396731833,2304.525947383659,26.088250721255097
2.501,1011.7155330586976,False,0.32307923235566244,0.2866272136803621,1.6951633995431241,2278.7504577555646,25.89909868432033
2.501,1018.5066459003363,False,0.32232152956333715,0.28301122459719275,1.6858222157341827,2253.7055823196433,25.715962739340394
2.501,1025.297758741975,False,0.3216149062370373,0.27951222683174715,1.6766916862076156,2229.3592419726015,25.538550723423327
2.501,1032.0888715836136,False,0.32095652528650215,0.27612427805401957,1.6677638459613817,2205.6812171509473,25.366589470644946
2.501,1038.8799844252521,False,0.32034374912253905,0.2728418408226148,1.6590311390162622,2182.6430163409864,25.199823271656687
2.501,1045.6710972668907,False,0.31977412251021003,0.269659748301976,1.6504863924866975,2160.2177553851625,25.038012482253546
2.501,1052.4622101085295,False,0.3192453571600499,0.2665731734259204,1.6421227925643336,2138.3800465914096,24.88093226423966
2.501,1059.2533229501682,False,0.3187553178550842,0.263577601108496,1.6339338622575572,2117.1058967522963,24.728371444038906
2.501,1066.0444357918068,False,0.3183020099378802,0.26066880315521757,1.6259134407436568,2096.3726132686284,24.58013147630868
2.501,1072.8355486334453,False,0.317883568004493,0.25784281557226585,1.6180556642029023,2076.1587176520998,24.436025501375386
2.501,1079.6266614750841,False,0.31749824567159507,0.25509591800943776,1.6103549480152448,2056.443865752713,24.2958774866593
2.501,1086.4177743167227,False,0.31714440629972807,0.252424615105452,1.602805970210577,2037.2087741200485,24.159521443421536
2.501,1093.2088871583614,False,0.3168205145700248,0.24982561953254873,1.5954036560730962,2018.435151964914,24.02680071118081
2.501,1100.0,False,0.31652512882413397,0.24729583656176754,1.5881431638088155,2000.1056382387985,23.897567303026694
2.52,420.8887158361356,False,,,,,
2.52,427.67982867777425,False,,,,,
2.52,434.47094151941286,False,,,,,
2.52,441.2620543610515,False,,,,,
2.52,448.0531672026902,False,,,,,
2.52,454.8442800443288,False,,,,,
2.52,461.63539288596746,False,,,,,
2.52,468.4265057276061,False,,,,,
2.52,475.21761856924473,False,,,,,
2.52,482.0087314108834,False,,,,,
2.52,488.799844252522,False,,,,,
2.52,495.5909570941607,False,,,,,
2.52,502.38206993579934,False,,,,,
2.52,509.17318277743794,False,,,,,
2.52,515.9642956190767,False,,,,,
2.52,522.7554084607152,False,,,,,
2.52,529.5465213023539,False,,,,,
2.52,536.3376341439925,False,,,,,
2.52,543.1287469856312,False,,,,,
2.52,549.9198598272699,False,,,,,
2.52,556.7109726689084,False,,,,,
2.52,563.5020855105471,False,,,,,
2.52,570.2931983521858,False,,,,,
2.52,577.0843111938244,False,,,,,
2.52,583.8754240354631,False,,,,,
2.52,590.6665368771016,False,,,,,
2.52,597.4576497187403,False,,,,,
2.52,604.248762560379,False,,,,,
2.52,611.0398754020176,False,,,,,
2.52,617.8309882436563,False,,,,,
2.52,624.6221010852948,False,,,,,
2.52,631.4132139269336,False,,,,,
2.52,638.2043267685722,False,,,,,
2.52,644.9954396102108,False,,,,,
2.52,651.7865524518495,False,,,,,
2.52,658.5776652934882,False,5.7895876810999365,11.090403156141,inf,inf,215.81357709543457
2.52,665.3687781351268,False,2.5454740854887126,4.771008471271436,inf,inf,138.0609674593526
2.52,672.1598909767654,False,1.6904682173758865,3.101618998729031,inf,inf,108.91764648551604
2.52,678.951003818404,False,1.2954724036617933,2.327766719252084,inf,inf,92.55900373617115
2.52,685.7421166600427,False,1.0679051683951915,1.879992188226479,inf,inf,81.76732138451716
2.52,692.5332295016814,False,0.9199447115066406,1.5873479119372012,inf,inf,73.98577234911954
2.52,699.32434234332,False,0.8160701525121298,1.3806801711160686,2.6918545680924972,5746.148170032528,68.04721324732118
2.52,706.1154551849586,False,0.7391689606532015,1.2266657419315865,2.645784666355997,5551.145688552799,63.33268839039419
2.52,712.9065680265974,False,0.6799774687918743,1.107260014941394,2.6017136064556974,5367.754090576612,59.47933935788317
2.52,719.6976808682359,False,0.633042460298338,1.01183673207643,2.559089474628283,5193.313933286331,56.25852987104182
2.52,726.4887937098746,False,0.5949438286100461,0.933728416640446,2.5179402392785777,5027.643461246725,53.518120832473414
2.52,733.2799065515132,False,0.5634273467997406,0.868538189617858,2.4783312130151685,4870.7106238337765,51.15245386601249
2.52,740.0710193931518,False,0.5369465530343009,0.8132478984036301,2.4402981906340107,4722.363689521952,49.08557888667932
2.52,746.8621322347906,False,0.5144049737339593,0.7657162082277461,2.4038431318550773,4582.324934016437,47.2613297423059
2.52,753.6532450764291,False,0.49500340216323907,0.7243812005357442,2.3689410958498685,4450.226947457896,45.637170913281714
2.52,760.4443579180678,False,0.47814544981848806,0.6880764178321408,2.3355481418217123,4325.64906229081,44.180230953589934
2.52,767.2354707597065,False,0.46337697526423427,0.6559128681127796,2.3036079387965236,4208.145700584791,42.86465996569069
2.52,774.026583601345,False,0.4503460096666715,0.6272009409857391,2.2730567942861835,4097.2664661741865,41.66981873107951
2.52,780.8176964429838,False,0.43877551661604586,0.6013973182654192,2.2438273087403298,3992.5695827358845,40.57900698879468
2.52,787.6088092846223,False,0.4284444321255964,0.5780680123548613,2.215850951499282,3893.6303978396236,39.57855097468939
2.52,794.399922126261,False,0.419174188798726,0.5568620881921865,2.18905982747418,3800.0463801281394,38.657136203725024
2.52,801.1910349678997,False,0.41081895776972555,0.5374926289837847,2.163387851245056,3711.4396936268595,37.80531128091334
2.52,807.9821478095383,False,0.4032584638058001,0.5197227165134883,2.13877149416152,3627.458138931436,37.015113281428135
2.52,814.773260651177,False,0.39639261484952504,0.5033549481785529,2.1151502276931544,3547.775023082292,36.279781035648405
2.52,821.5643734928155,False,0.3901374327041871,0.48822349080357075,2.092466753393147,3472.0883513237513,35.59353296711296
2.52,828.3554863344542,False,0.3844219311305892,0.4741879820279923,2.070667085094232,3400.1196122677084,34.951393004469516
2.52,835.1465991760929,False,0.37918569346114045,0.46112879619556685,2.0497005306519642,3331.6123414670674,34.34905275597566
2.52,841.9377120177315,False,0.37437697332515824,0.4489433309226566,2.029519607146586,3266.330587515603,33.78276135923433
2.52,848.7288248593702,False,0.36995119117536013,0.4375430661663219,2.0100799136977505,3204.057362270504,33.24923668090039
2.52,855.5199377010088,False,0.3658697335421003,0.42685121431796835,1.9913399789740167,3144.5931273206324,32.745593151023186
2.52,862.3110505426475,False,0.36209898615427605,0.41680082702927496,1.9732610953675844,3087.754348551738,32.269282677672415
2.52,869.1021633842861,False,0.3586095494131,0.40733325828554656,1.9558071481207164,3033.3721368492643,31.818045934981832
2.52,875.8932762259248,False,0.3553755972842774,0.39839690776165654,1.9389444450426152,2981.2909836862473,31.389871943408753
2.52,882.6843890675634,False,0.35237434989883815,0.38994618647982143,1.9226415505595988,2931.3675941974575,30.982964327781893
2.52,889.475501909202,False,0.34958563698850176,0.38194066011728367,1.9068691264896327,2883.469816374262,30.59571299036085
2.52,896.2666147508407,False,0.3469915343966029,0.3743443352878183,1.8915997809749425,2837.4756625515597,30.226670203497225
2.52,903.0577275924793,False,0.3445760597682701,0.36712506165569886,1.8768079263340158,2793.272417921877,29.87453033150331
2.52,909.848840434118,False,0.3423249164657473,0.3602540284810516,1.8624696461274053,2750.7558300692153,29.53811254982242
2.52,916.6399532757566,False,0.34022527701382377,0.3537053386040386,1.8485625714137424,2709.829373237092,29.21634605303329
2.52,923.4310661173952,False,0.33826559912823967,0.34745564628699893,1.8350657659601846,2670.403581066376,28.908257340052447
2.52,930.222178959034,False,0.3364354687420845,0.34148384799300563,1.8219596200361414,2632.3954417513523,28.612959241374124
2.52,937.0132918006725,False,0.33472546551384774,0.335770817266181,1.8092257523374704,2595.727849887357,28.32964141396052
2.52,943.8044046423112,False,0.3331270471447259,0.3302991765275156,1.7968469195448897,2560.329109669681,28.05756207799451
2.52,950.5955174839498,False,0.33163244950321386,0.3250530999098186,1.784806933003758,2526.1324845169534,27.79604080878285
2.52,957.3866303255885,False,0.3302346000907901,0.3200181423024622,1.7730905820129812,2493.075788606436,27.544452228694816
2.52,964.1777431672272,False,0.3289270428129522,0.3151810906180445,1.7616835632257584,2461.101016217944,27.302220469696916
2.52,970.9688560088657,False,0.3277038723675838,0.3105298339729957,1.7505724156833442,2430.154005160209,27.0688142980154
2.52,977.7599688505044,False,0.32655967684487375,0.3060532500261911,1.7397444610345298,2400.184130929018,26.843742809664906
2.52,984.551081692143,False,0.32548948736321764,0.30174110517003644,1.7291877485090734,2371.1440285429667,26.626551619762115
2.52,991.3421945337817,False,0.3244887337541731,0.29758396663765685,1.7188910042629157,2342.9893393633115,26.41681948028291
2.52,998.1333073754204,False,0.3235532054647502,0.2935731248936845,1.7088435847218766,2315.6784804243475,26.214155270675736
2.52,1004.924420217059,False,0.32267901697359913,0.28970052492733894,1.6990354335911928,2289.1724340852006,26.018195313883783
2.52,1011.7155330586976,False,0.3218625771240886,0.2859587052749823,1.689457042221294,2263.434556028082,25.828600977146376
2.52,1018.5066459003363,False,0.3211005618658995,0.2823407437730025,1.6800994130463855,2238.4303998323794,25.645056522678033
2.52,1025.297758741975,False,0.320389889970835,0.27884020918710994,1.6709540258364757,2214.127556536137,25.467267178155588
2.52,1032.0888715836136,False,0.3197277013507412,0.2754511179860368,1.6620128065258977,2190.4955077598365,25.294957401034768
2.52,1038.8799844252521,False,0.31911133765770555,0.2721678956302122,1.6532680984015893,2167.5054911122047,25.127869314185656
2.52,1045.6710972668907,False,0.3185383248909125,0.26898534183271194,1.6447126354539172,2145.130376729751,24.965761293294605
2.52,1052.4622101085295,False,0.31800635777193936,0.26589859932322,1.636339517709611,2123.344553916705,24.808406689002204
2.52,1059.2533229501682,False,0.3175132856820966,0.26290312570821167,1.6281421883827896,2102.1238269575965,24.655592668910224
2.52,1066.0444357918068,False,0.3170570999825023,0.25999466807378413,1.6201144126942546,2081.4453192669407,24.507119166445705
2.52,1072.8355486334453,False,0.3166359225607401,0.2571692400230808,1.6122502582224991,2061.287385123874,24.36279792516921
2.52,1079.6266614750841,False,0.3162479954678101,0.2544231008792757,1.6045440766620334,2041.629528314222,24.222451628494646
2.52,1086.4177743167227,False,0.3158916715261128,0.2517527368186081,1.5969904868754903,2022.4523270688153,24.08591310598142
2.52,1093.2088871583614,False,0.31556540580391335,0.24915484372686297,1.5895843591358711,2003.737364746252,23.95302460839667
2.52,1100.0,False,0.3152677478643932,0.24662631159764445,1.5823208004644642,1985.4671657619358,23.82363714464474
2.5389999999999997,420.8887158361356,False,,,,,
2.5389999999999997,427.67982867777425,False,,,,,
2.5389999999999997,434.47094151941286,False,,,,,
2.5389999999999997,441.2620543610515,False,,,,,
2.5389999999999997,448.0531672026902,False,,,,,
2.5389999999999997,454.8442800443288,False,,,,,
2.5389999999999997,461.63539288596746,False,,,,,
2.5389999999999997,468.4265057276061,False,,,,,
2.5389999999999997,475.21761856924473,False,,,,,
2.5389999999999997,482.0087314108834,False,,,,,
2.5389999999999997,488.799844252522,False,,,,,
2.5389999999999997,495.5909570941607,False,,,,,
2.5389999999999997,502.38206993579934,False,,,,,
2.5389999999999997,509.17318277743794,False,,,,,
2.5389999999999997,515.9642956190767,False,,,,,
2.5389999999999997,522.7554084607152,False,,,,,
2.5389999999999997,529.5465213023539,False,,,,,
2.5389999999999997,536.3376341439925,False,,,,,
2.5389999999999997,543.1287469856312,False,,,,,
2.5389999999999997,549.9198598272699,False,,,,,
2.5389999999999997,556.7109726689084,False,,,,,
2.5389999999999997,563.5020855105471,False,,,,,
2.5389999999999997,570.2931983521858,False,,,,,
2.5389999999999997,577.0843111938244,False,,,,,
2.5389999999999997,583.8754240354631,False,,,,,
2.5389999999999997,590.6665368771016,False,,,,,
2.5389999999999997,597.4576497187403,False,,,,,
2.5389999999999997,604.248762560379,False,,,,,
2.5389999999999997,611.0398754020176,False,,,,,
2.5389999999999997,617.8309882436563,False,,,,,
2.5389999999999997,624.6221010852948,False,,,,,
2.5389999999999997,631.4132139269336,False,,,,,
2.5389999999999997,638.2043267685722,False,,,,,
2.5389999999999997,644.9954396102108,False,,,,,
2.5389999999999997,651.7865524518495,False,,,,,
2.5389999999999997,658.5776652934882,False,7.67490903480991,14.746937994497019,inf,inf,250.14752967975312
2.5389999999999997,665.3687781351268,False,2.8085606983800657,5.279901453462623,inf,inf,145.86107027611453
2.5389999999999997,672.1598909767654,False,1.7872165015171337,3.28875760157171,inf,inf,112.55868335975877
2.5389999999999997,678.951003818404,False,1.3440712633136265,2.4220367519956456,inf,inf,94.7006251504287
2.5389999999999997,685.7421166600427,False,1.096393634773858,1.93558362541106,inf,inf,83.17972899356182
2.5389999999999997,692.5332295016814,False,0.9382312106299636,1.6233728276618256,inf,inf,74.98238102932952
2.5389999999999997,699.32434234332,False,0.8285119702888296,1.4055271250066395,2.6971934190688494,5768.9638535740505,68.78194569928792
2.5389999999999997,706.1154551849586,False,0.7479706013357692,1.2445708441249295,2.6501614113426926,5569.526658822581,63.89084309617962
2.5389999999999997,712.9065680265974,False,0.6863692497135052,1.1205830527653886,2.605319816309581,5382.644786533853,59.912355105435964
2.5389999999999997,719.6976808682359,False,0.6377628081490745,1.0219914635288778,2.5619621378524045,5204.979813226721,56.599430701613606
2.5389999999999997,726.4887937098746,False,0.5984615381641241,0.9416107696530971,2.520112445437227,5036.321815626479,53.78915743645682
2.5389999999999997,733.2799065515132,False,0.566053640415659,0.8747418988850166,2.479842081599567,4876.651110534285,51.36920527328928
2.5389999999999997,740.0710193931518,False,0.5388957133109429,0.8181810450656526,2.441191226103122,4725.820652236886,49.25929975983526
2.5389999999999997,746.8621322347906,False,0.5158290760124102,0.7696679008489653,2.4041636413540677,4583.546957667123,47.400364975227355
2.5389999999999997,753.6532450764291,False,0.49601316984175237,0.7275615683685439,2.3687341797196244,4449.449567618924,45.747845312619454
2.5389999999999997,760.4443579180678,False,0.4788232824804873,0.69064156605648,2.3348573607509935,4323.090661075975,44.26742920392963
2.5389999999999997,767.2354707597065,False,0.4637853664741902,0.6579809840332936,2.3024745160535725,4204.00572989838,42.93221642139681
2.5389999999999997,774.026583601345,False,0.45053314660010185,0.6288629962527557,2.27151919699492,4091.725192367717,41.72078638653344
2.5389999999999997,780.8176964429838,False,0.438779100797972,0.6027243632266635,2.2419210834006162,3985.7887538731734,40.61584738844226
2.5389999999999997,787.6088092846223,False,0.4282943452979345,0.5791162600762549,2.2136087230591013,3885.7544243767993,39.60327103730954
2.5389999999999997,794.399922126261,False,0.41889439021770314,0.5576765288716518,2.1865113988861626,3791.2037621848917,38.671388581145536
2.5389999999999997,801.1910349678997,False,0.41042885861934364,0.5381096454680885,2.1605603608167936,3701.7445273404587,37.810469156077936
2.5389999999999997,807.9821478095383,False,0.40277393878811174,0.5201720073283749,2.1356896024232204,3617.0116010735674,37.012326922424556
2.5389999999999997,814.773260651177,False,0.39582675750393,0.5036609618837684,2.1118363154687634,3536.6667767636627,36.27002111408847
2.5389999999999997,821.5643734928155,False,0.38950112678186793,0.4884065099060191,2.0889411195417775,3460.3978435477584,35.57762413171642
2.5389999999999997,828.3554863344542,False,0.3837242879925324,0.47426495187899764,2.0669481369461984,3387.917251547977,34.93004018315538
2.5389999999999997,835.1465991760929,False,0.3784343905816138,0.4611139658159086,2.045804963189419,3318.960554292536,34.32286196515714
2.5389999999999997,841.9377120177315,False,0.37357851889609084,0.4488487534145191,2.025462568958131,3253.284758553997,33.75225631705221
2.5389999999999997,848.7288248593702,False,0.36911113286296404,0.4373789931040431,2.005875159007247,3190.666666462556,33.21487218167984
2.5389999999999997,855.5199377010088,False,0.36499282459565086,0.42662640924689876,1.9870000058379393,3130.9012634961205,32.707765915860506
2.5389999999999997,862.3110505426475,False,0.36118931863120196,0.4165228166469354,1.9687972706109167,3073.800184587431,32.228340220774875
2.5389999999999997,869.1021633842861,False,0.35767066182066015,0.40700853518166635,1.951229819847018,3019.1902761387028,31.77429385713048
2.5389999999999997,875.8932762259248,False,0.3544105621505139,0.3980310951877905,1.9342630436825297,2966.912262088296,31.343579969047358
2.5389999999999997,882.6843890675634,False,0.35138584547432333,0.38954417312282286,1.9178646794628775,2916.8195158546123,30.934371331340937
2.5389999999999997,889.475501909202,False,0.34857600630900354,0.3815067110026202,1.9020046430524673,2868.776935955859,30.54503120395151
2.5389999999999997,896.2666147508407,False,0.3459628342101576,0.3738821835571128,1.8866548692484553,2822.6599206455135,30.174088757408896
2.5389999999999997,903.0577275924793,False,0.3435301012818718,0.3666379849210434,1.8717891619962612,2778.353435510609,29.820218247708162
2.5389999999999997,909.848840434118,False,0.34126329944956424,0.3597449126662894,1.8573830546295207,2735.7511672997452,29.482221284532038
2.5389999999999997,916.6399532757566,False,0.3391494184808754,0.3531767315759854,1.8434136800367942,2694.754757039294,29.15901166553477
2.5389999999999997,923.4310661173952,False,0.3371767575602149,0.3469098031106945,1.8298596504468632,2655.273105589223,28.84960235028851
2.5389999999999997,930.222178959034,False,0.3353347646395327,0.3409227692804184,1.8167009463926582,2617.2217450709145,28.55309422706828
2.5389999999999997,937.0132918006725,False,0.3336138988983615,0.33519628180248806,1.803918814337249,2580.5222699881924,28.268666388830756
2.5389999999999997,943.8044046423112,False,0.3320055125218955,0.32971276913421743,1.791495672407264,2545.1018223066344,27.995567685190288
2.5389999999999997,950.5955174839498,False,0.3305017487010123,0.32445623532588863,1.7794150236675703,2510.8926252199544,27.73310935773347
2.5389999999999997,957.3866303255885,False,0.32909545331293377,0.3194120857227702,1.7676613763787088,2477.8315607966847,27.480658598748295
2.5389999999999997,964.1777431672272,False,0.3277800981865939,0.3145669754145971,1.756220170695057,2445.8597871395405,27.237632900025087
2.5389999999999997,970.9688560088657,False,0.3265497142161834,0.30990867703296415,1.745077711292567,2414.922391123394,27.003495080075858
2.5389999999999997,977.7599688505044,False,0.325398832877836,0.305425965066619,1.7342211054325694,2384.9680731327426,26.777748895900977
2.5389999999999997,984.551081692143,False,0.32432243494190327,0.30110851432885416,1.723638206020645,2355.948860634602,26.559935160070925
2.5389999999999997,991.3421945337817,False,0.3233159053678142,0.2969468105914665,1.713317559231955,2327.8198476924895,26.34962829600725
2.5389999999999997,998.1333073754204,False,0.3223749935283472,0.29293207171241076,1.7032483563187428,2300.5389578569325,26.14643327439899
2.5389999999999997,1004.924420217059,False,0.3214957780422445,0.28905617784264265,1.6934203892430035,2274.066728124217,25.94998288208055
2.5389999999999997,1011.7155330586976,False,0.3206746356035491,0.2853116095118599,1.6838240098072916,2248.366111896305,25.759935281713034
2.5389999999999997,1018.5066459003363,False,0.31990821328715235,0.2816913925711977,1.6744500919844065,2223.4022990901663,25.575971826505256
2.5389999999999997,1025.297758741975,False,0.3191934038861783,0.278189049120012,1.6652899971726232,2199.1425517376174,25.39779509918075
2.5389999999999997,1032.0888715836136,False,0.31852732390061667,0.2747985536688531,1.6563355421270685,2175.5560535890163,25.22512714859711
2.5389999999999997,1038.8799844252521,False,0.31790729385030486,0.27151429389592185,1.6475789693399168,2152.613772388069,25.057707900988852
2.5389999999999997,1045.6710972668907,False,0.3173308206306601,0.2683310354431172,1.6390129196621075,2130.28833362179,24.895293725839466
2.5389999999999997,1052.4622101085295,False,0.3167955816679234,0.26524389027298423,1.6306304069781925,2108.5539046732765,24.737656138976487
2.5389999999999997,1059.2533229501682,False,0.31629941066322975,0.2622482881717696,1.6224247947622736,2087.3860884128653,24.584580627699836
2.5389999999999997,1066.0444357918068,False,0.31584028474259357,0.25933995103824997,1.614389774358849,2066.761825362074,24.435865584656867
2.5389999999999997,1072.8355486334453,False,0.315416312853567,0.25651486964450604,1.6065193448460438,2046.6593036509262,24.29132133881412
2.5389999999999997,1079.6266614750841,False,0.31502572526964123,0.2537692825946837,1.5988077943515018,2027.057876067222,24.150769273288734
2.5389999999999997,1086.4177743167227,False,0.314666864080891,0.2510996572420327,1.5912496827028566,2007.937983566064,24.014041021024944
2.5389999999999997,1093.2088871583614,False,0.31433817456435625,0.24850267235399573,1.583839825304929,1989.2810846693365,23.880977730359827
2.5389999999999997,1100.0,False,0.3140381973406181,0.24597520234059897,1.5765732781455724,1971.0695902410719,23.751429393444024
2.558,420.8887158361356,False,,,,,
2.558,427.67982867777425,False,,,,,
2.558,434.47094151941286,False,,,,,
2.558,441.2620543610515,False,,,,,
2.558,448.0531672026902,False,,,,,
2.558,454.8442800443288,False,,,,,
2.558,461.63539288596746,False,,,,,
2.558,468.4265057276061,False,,,,,
2.558,475.21761856924473,False,,,,,
2.558,482.0087314108834,False,,,,,
2.558,488.799844252522,False,,,,,
2.558,495.5909570941607,False,,,,,
2.558,502.38206993579934,False,,,,,
2.558,509.17318277743794,False,,,,,
2.558,515.9642956190767,False,,,,,
2.558,522.7554084607152,False,,,,,
2.558,529.5465213023539,False,,,,,
2.558,536.3376341439925,False,,,,,
2.558,543.1287469856312,False,,,,,
2.558,549.9198598272699,False,,,,,
2.558,556.7109726689084,False,,,,,
2.558,563.5020855105471,False,,,,,
2.558,570.2931983521858,False,,,,,
2.558,577.0843111938244,False,,,,,
2.558,583.8754240354631,False,,,,,
2.558,590.6665368771016,False,,,,,
2.558,597.4576497187403,False,,,,,
2.558,604.248762560379,False,,,,,
2.558,611.0398754020176,False,,,,,
2.558,617.8309882436563,False,,,,,
2.558,624.6221010852948,False,,,,,
2.558,631.4132139269336,False,,,,,
2.558,638.2043267685722,False,,,,,
2.558,644.9954396102108,False,,,,,
2.558,651.7865524518495,False,,,,,
2.558,658.5776652934882,False,11.538724838040551,22.238849475017055,inf,inf,308.83757637784646
2.558,665.3687781351268,False,3.142275346124715,5.924936186187904,inf,inf,155.20235486221708
2.558,672.1598909767654,False,1.898856250562546,3.5044266551905006,inf,inf,116.62366897611795
2.558,678.951003818404,False,1.397953864162172,2.5263605480252,inf,inf,97.02202401534832
2.558,685.7421166600427,False,1.1273085725123686,1.9957550053855544,inf,inf,84.68658505715253
2.558,692.5332295016814,False,0.9578213553148277,1.661834656734469,inf,inf,76.03549690625194
2.558,699.32434234332,False,0.8417336166912343,1.4318148570464047,2.7027875408039663,5792.918941902288,69.55361883836976
2.558,706.1154551849586,False,0.7572773680910178,1.263396151316302,2.6547180697597756,5588.695489911667,64.47477639800303
2.558,712.9065680265974,False,0.693109273748401,1.1345299857863316,2.609093535809087,5398.249245165626,60.364297140658266
2.558,719.6976808682359,False,0.6427357755566684,1.0325900486155866,2.564992218109726,5217.299146885634,56.9548095402298
2.558,726.4887937098746,False,0.6021705029376249,0.9498217728569471,2.5224317392177444,5045.596072291457,54.07165425821875
2.558,733.2799065515132,False,0.5688301269415791,0.8811973705752747,2.4814898108972145,4883.1338382265585,51.59529506500104
2.558,740.0710193931518,False,0.5409666170237621,0.8233128050376559,2.4422114491845526,4729.771509289718,49.4408222374806
2.558,746.8621322347906,False,0.5173546222004572,0.7737803554919287,2.404602498926907,4585.22047759788,47.54606052298409
2.558,753.6532450764291,False,0.49710952620646587,0.7308750393504759,2.3686377306780724,4449.087233666017,45.86431401305001
2.558,760.4443579180678,False,0.47957659082921206,0.6933191466136867,2.3342701452503634,4320.916424085807,44.359752199920784
2.558,767.2354707597065,False,0.4642607572569927,0.6601457733222736,2.301438695740897,4200.224046328996,43.00437135065512
2.558,774.026583601345,False,0.45078070594075964,0.6306094947792621,2.270074103339355,4086.520706063736,41.77593275010733
2.558,780.8176964429838,False,0.43883792440113467,0.6041262062739524,2.2401030388457874,3979.3269712075894,40.65652724233798
2.558,787.6088092846223,False,0.4281953562992038,0.5802315873650227,2.211451036978374,3878.182939918721,39.63155308038249
2.558,794.399922126261,False,0.41866233791988167,0.5585517892520027,2.184044470446787,3782.653747453485,38.68897351422591
2.558,801.1910349678997,False,0.41008376205812386,0.5387823419037358,2.157811842998218,3692.332303137141,37.81876798940944
2.558,807.9821478095383,False,0.40233214637040066,0.5206727097126683,2.1326845970276698,3606.84018599922,37.01252003564664
2.558,814.773260651177,False,0.3953017362915139,0.5040148047443229,2.1085975796902727,3525.827351473927,36.263103392262394
2.558,821.5643734928155,False,0.38890405825361674,0.48863432172151783,2.0854892719271407,3448.971100177995,35.564439876166
2.558,828.3554863344542,False,0.38306452320615153,0.47438411698772276,2.0633018554417246,3375.9746162888027,34.911310410224125
2.558,835.1465991760929,False,0.3777198017869388,0.46113908955979804,2.0419811711774067,3306.565282246306,34.299205967197835
2.558,841.9377120177315,False,0.3728157739323394,0.4487921806851373,2.02147660727533,3240.492906385178,33.72420884882223
2.558,848.7288248593702,False,0.36830591131281604,0.4372512164078981,2.0017409432699855,3177.527951715719,33.18289727626587
2.558,855.5199377010088,False,0.3641499895402204,0.4264363926238685,1.9827301692244235,3117.459820934318,32.67226807848745
2.558,862.3110505426475,False,0.360313054226458,0.41627825486809417,1.9644032927414323,3060.095230245344,32.189673564314894
2.558,869.1021633842861,False,0.35676458432289754,0.40671606271331573,1.9467221426719974,3005.2566894635715,31.73276960837756
2.558,875.8932762259248,False,0.3534778101409424,0.3976964558343305,1.9296511754147623,2952.7810958609252,31.299472675335526
2.558,882.6843890675634,False,0.35042915365840455,0.3891723586463805,1.913157287625938,2902.518442732306,30.887924022881194
2.558,889.475501909202,False,0.3475977662495377,0.3811020750846773,1.8972096376971634,2854.330639573126,30.49645971137642
2.558,896.2666147508407,False,0.3449651445939714,0.3734485360251352,1.8817794773364087,2808.090438316535,30.123585341549152
2.558,903.0577275924793,False,0.34251480974795157,0.3661786700771311,1.866839993879279,2763.68045873607,29.767954666086236
2.558,909.848840434118,False,0.3402320375718178,0.35926287473019186,1.8523661634753836,2720.9923055098543,29.42835139392628
2.558,916.6399532757566,False,0.33810363116576525,0.35267456962357946,1.8383346149722561,2679.9257693106565,29.10367364041139
2.558,923.4310661173952,False,0.3361177278625991,0.34638981740223057,1.8247235041113752,2640.388104457647,28.79292058157672
2.558,930.222178959034,False,0.3342636348004027,0.34038700049478937,1.8115123975231338,2602.2933760196356,28.495180953670083
2.558,937.0132918006725,False,0.33253168825190893,0.33464654439812225,1.7986821659365249,2565.561869716548,28.209623104661297
2.558,943.8044046423112,False,0.330913132796393,0.3291506798246563,1.78621488598722,2530.1195584712814,27.935486356889825
2.558,950.5955174839498,False,0.3294000171405399,0.32388323747396025,1.7740937500027367,2495.897619983953,27.672073482040954
2.558,957.3866303255885,False,0.327985103969381,0.31882947031070397,1.7623029831557315,2462.832000209996,27.418744123563638
2.558,964.1777431672272,False,0.3266617916692086,0.3139758991300994,1.7508277673992187,2430.863018107191,27.17490902916068
2.558,970.9688560088657,False,0.3254240461359003,0.30931017791688503,1.7396541716332552,2399.9350074864246,26.940024978416023
2.558,977.7599688505044,False,0.3242663411831006,0.304820976091488,1.7287690875747135,2369.9959921873933,26.71359030899738
2.558,984.551081692143,False,0.3231836063098305,0.30049787521559196,1.7181601708581222,2340.9973912420032,26.495140959993467
2.558,991.3421945337817,False,0.32217118078760165,0.2963312781209409,1.707815786911899,2312.893750982621,26.28424696343998
2.558,998.1333073754204,False,0.32122477319185677,0.29231232874706903,1.697724961201857,2285.6425014022043,26.080509325457907
2.558,1004.924420217059,False,0.32034042563850673,0.2884328412393173,1.6878773334637542,2259.2037343464217,25.883557247067746
2.558,1011.7155330586976,False,0.3195144820989211,0.28468523707863275,1.678263115579189,2233.540001374203,25.693045641966375
2.558,1018.5066459003363,False,0.31874356026044703,0.28106248919786275,1.6688730527795255,2208.6161293523905,25.508652914620978
2.558,1025.297758741975,False,0.3180245264776799,0.27755807219218387,1.6596983878898106,2184.39905205252,25.330078967140395
2.558,1032.0888715836136,False,0.31735447342524636,0.27416591785952993,1.650730828350739,2160.857656200753,25.157043407702844
2.558,1038.8799844252521,False,0.31673070011793847,0.27088037541469584,1.641962515780069,2137.9626405934955,24.98928393698012
2.558,1045.6710972668907,False,0.3161506940104757,0.26769617581176186,1.6333859978563958,2115.686387035538,24.826554892110845
2.558,1052.4622101085295,False,0.3156121149284974,0.264608399686494,1.6249942023280177,2094.0028419866626,24.668625930432096
2.558,1059.2533229501682,False,0.3151127806157511,0.2616124484957705,1.6167804129673415,2072.8874079167654,24.515280837451684
2.558,1066.0444357918068,False,0.3146506537108362,0.2587040184867525,1.6087382473076042,2052.316843471825,24.366316445491552
2.558,1072.8355486334453,False,0.31422382999112153,0.2558790771760896,1.6008616360134669,2032.2691716441154,24.221541651111067
2.558,1079.6266614750841,False,0.3138305277422119,0.25313384206017187,1.593144803750485,2012.7235952213193,24.080776520864926
2.558,1086.4177743167227,False,0.3134690781291517,0.2504647613124129,1.5855822514303302,1993.6604188609638,23.94385147620069
2.558,1093.2088871583614,False,0.31313791646089434,0.2478684962536591,1.5781687397200415,1975.0609772021962,23.810606549385177
2.558,1100.0,False,0.31283557425279257,0.2453419054078085,1.5708992737131973,1956.9075684838472,23.68089070329054
2.577,420.8887158361356,False,,,,,
2.577,427.67982867777425,False,,,,,
2.577,434.47094151941286,False,,,,,
2.577,441.2620543610515,False,,,,,
2.577,448.0531672026902,False,,,,,
2.577,454.8442800443288,False,,,,,
2.577,461.63539288596746,False,,,,,
2.577,468.4265057276061,False,,,,,
2.577,475.21761856924473,False,,,,,
2.577,482.0087314108834,False,,,,,
2.577,488.799844252522,False,,,,,
2.577,495.5909570941607,False,,,,,
2.577,502.38206993579934,False,,,,,
2.577,509.17318277743794,False,,,,,
2.577,515.9642956190767,False,,,,,
2.577,522.7554084607152,False,,,,,
2.577,529.5465213023539,False,,,,,
2.577,536.3376341439925,False,,,,,
2.577,543.1287469856312,False,,,,,
2.577,549.9198598272699,False,,,,,
2.577,556.7109726689084,False,,,,,
2.577,563.5020855105471,False,,,,,
2.577,570.2931983521858,False,,,,,
2.577,577.0843111938244,False,,,,,
2.577,583.8754240354631,False,,,,,
2.577,590.6665368771016,False,,,,,
2.577,597.4576497187403,False,,,,,
2.577,604.248762560379,False,,,,,
2.577,611.0398754020176,False,,,,,
2.577,617.8309882436563,False,,,,,
2.577,624.6221010852948,False,,,,,
2.577,631.4132139269336,False,,,,,
2.577,638.2043267685722,False,,,,,
2.577,644.9954396102108,False,,,,,
2.577,651.7865524518495,False,,,,,
2.577,658.5776652934882,False,23.92323316938769,46.248458791419615,inf,inf,447.86175960883486
2.577,665.3687781351268,False,3.579211279040223,6.768948386965915,inf,inf,166.65525708848878
2.577,672.1598909767654,False,2.029025729615892,3.7556023577006084,inf,inf,121.19675262655042
2.577,678.951003818404,False,1.4579856286602417,2.6423890224125106,inf,inf,99.54719462750923
2.577,685.7421166600427,False,1.1609442208759468,2.0610650973938034,inf,inf,86.29721871942836
2.577,692.5332295016814,False,0.9788383167428258,1.7029664995016098,inf,inf,77.14945894391452
2.577,699.32434234332,False,0.8557940760285058,1.4596548049298355,2.7086755325636633,5818.186049391027,70.36449548299886
2.577,706.1154551849586,False,0.7671202217975537,1.2832002167945076,2.6594574558450357,5608.667952629925,65.08576247828297
2.577,712.9065680265974,False,0.7002148567183373,1.1491337309489094,2.6130366860012706,5414.578435525425,60.83592090131337
2.577,719.6976808682359,False,0.6479714641078126,1.043651911298618,2.568181574999654,5230.281778172277,57.325129006850595
2.577,726.4887937098746,False,0.6060767570018121,0.9583732779831293,2.524899867263118,5055.474848805875,54.36589895319074
2.577,733.2799065515132,False,0.571760425940136,0.8879119832991641,2.483275956408981,4890.166006192187,51.8309014914839
2.577,740.0710193931518,False,0.5431613889652999,0.8286478019734117,2.4433601848399036,4734.222012532276,49.630253581144764
2.577,746.8621322347906,False,0.5189827789782714,0.7780564397619526,2.405160790618718,4587.349883744509,47.69847615684679
2.577,753.6532450764291,False,0.4982930057153825,0.7343233294221901,2.3686526057287596,4449.143114398695,45.986604196477735
2.577,760.4443579180678,False,0.48040548184066895,0.69611010208004,2.3337871421530925,4319.1284561427865,44.45720427702863
2.577,767.2354707597065,False,0.46480295954931095,0.6624076489864941,2.3005009366937594,4196.801842954468,43.08111278296486
2.577,774.026583601345,False,0.451088292460538,0.6324404811354013,2.2687218064306793,4081.6534259007854,41.835234037538385
2.577,780.8176964429838,False,0.4389514446420322,0.6056026324110666,2.2383733232082355,3973.1839978314,40.70101410016508
2.577,787.6088092846223,False,0.4281468160199701,0.5814135946499143,2.2093779149248665,3870.9151524552935,39.66335823230339
2.577,794.399922126261,False,0.4184773054792233,0.5594873377242299,2.1816589534609867,3774.395072417974,38.70984733601051
2.577,801.1910349678997,False,0.4097828850655016,0.539510092002183,2.155142112512923,3683.201354969963,37.83016051267742
2.577,807.9821478095383,False,0.40193226193878134,0.5212241296119943,2.129756207798696,3596.941881800228,37.01564263934157
2.577,814.773260651177,False,0.3948166959933402,0.5044157345515287,2.105433675130089,3515.2544359586013,36.25897584215981
2.577,821.5643734928155,False,0.3883453494278581,0.4889061503194335,2.082110798554215,3437.805548853184,35.553926632635154
2.577,828.3554863344542,False,0.3824417426803978,0.47454467841246156,2.0597277687871434,3364.2889045712895,34.89514896574279
2.577,835.1465991760929,False,0.3770410211571709,0.4612033534795878,2.0382286288974343,3294.42352001736,34.27802918914333
2.577,841.9377120177315,False,0.3720878241473571,0.4487727897977676,2.0175611474229185,3227.9518441492646,33.69856276083603
2.577,848.7288248593702,False,0.36753460650847747,0.43715890869356827,1.9976766470753857,3164.6378679948757,33.15325533161765
2.577,855.5199377010088,False,0.36334030464572514,0.42628033605425714,1.978529808594936,3104.265302010162,32.63904270893571
2.577,862.3110505426475,False,0.35946926704245546,0.41606631489206475,1.960078463195093,3046.635853648977,32.153225593630076
2.577,869.1021633842861,False,0.3558903900420246,0.4064550176450584,1.9422833826929686,2991.5676222167544,31.69341597809997
2.577,875.8932762259248,False,0.35257641430920356,0.3973921715185478,1.9251080733422807,2938.8936177098844,31.25749282600262
2.577,882.6843890675634,False,0.3495033481347077,0.3888299310359565,1.908518577218435,2888.4604036844157,30.8435651962715
2.577,889.475501909202,False,0.3466499916567253,0.3807259473452625,1.892483283486124,2840.1268600688086,30.44994138091327
2.577,896.2666147508407,False,0.3439975419614629,0.3730425952753603,1.876972750824252,2793.763059412101,30.075102933696915
2.577,903.0577275924793,False,0.34152926344929724,0.3657463277410608,1.8619595415579193,2749.2492487764025,29.71768270166607
2.577,909.848840434118,False,0.33923021120764374,0.35880713362020805,1.8474180675574974,2706.4749289520405,29.376446152129517
2.577,916.6399532757566,False,0.33708699769621947,0.3521980802156977,1.833324447641611,2665.338022626214,29.05027542796929
2.577,923.4310661173952,False,0.33508759502643326,0.34589492526042726,1.8196563760158213,2625.74412339165,28.738155673641526
2.577,930.222178959034,False,0.3332211666506153,0.33987578640887023,1.8063930011562488,2587.6058179153993,28.439163260435112
2.577,937.0132918006725,False,0.3314779234759102,0.33412085849344136,1.793514814482374,2550.842074117525,28.152455607813266
2.577,943.8044046423112,False,0.3298490003613125,0.32861217066135434,1.7810035481376456,2515.377688780098,27.87726235206703
2.577,950.5955174839498,False,0.32832634970346325,0.32333337696302306,1.768842081198593,2481.1427885862813,27.612877657113312
2.577,957.3866303255885,False,0.32690264941212765,0.3182695751228048,1.7570143536497267,2448.0723791439896,27.358653497428858
2.577,964.1777431672272,False,0.32557122305305325,0.31340714915211454,1.745505287496597,2416.1059370948624,27.11399377159605
2.577,970.9688560088657,False,0.32432597031999943,0.3087336322136443,1.7343007144127263,2385.1870408678983,26.87834912814133
2.577,977.7599688505044,False,0.3231613063086514,0.3042375867517062,1.7233873093760712,2355.263036148977,26.651212404336718
2.577,984.551081692143,False,0.32207210831807787,0.2999084993970985,1.7127525297707518,2326.284732494326,26.432114594247516
2.577,991.3421945337817,False,0.3210536691121462,0.29573668855828106,1.702384559482345,2298.2061279253703,26.22062127520205
2.577,998.1333073754204,False,0.3201016557430372,0.2917132229419201,1.6922722575496028,2270.984158667657,26.016329432549583
2.577,1004.924420217059,False,0.3192120731789695,0.2878298495191071,1.6824051109732407,2244.5784715014033,25.818864631474472
2.577,1011.7155330586976,False,0.3183812320940963,0.2840789296798229,1.6727731913169712,2218.951216461349,25.627878492072586
2.577,1018.5066459003363,False,0.31760572027483963,0.280453382506347,1.6633671147683635,2194.0668578653917,25.443046430136086
2.577,1025.297758741975,False,0.3168823771772588,0.27694663425331295,1.6541780053568518,2169.8920018664785,25.26406563134516
2.577,1032.0888715836136,False,0.3162082712373316,0.2735525732536192,1.6451974610537827,2146.3952389142623,25.090653231002793
2.577,1038.8799844252521,False,0.31558067959252123,0.2702655095799079,1.6364175225043758,2123.546999683237,24.922544675206716
2.577,1045.6710972668907,False,0.3149970699206584,0.26708013888454507,1.6278306441643864,2101.319423175793,24.75949224254996
2.577,1052.4622101085295,False,0.3144550841424494,0.26399150991986964,1.6194296676352486,2079.6862358439143,24.601263708165163
2.577,1059.2533229501682,False,0.3139525237681067,0.26099499530740433,1.6112077970102352,2058.622640692796,24.447641134258312
2.577,1066.0444357918068,False,0.3134873366976776,0.25808626518167066,1.6031585760613596,2038.1052154364584,24.298419773275523
2.577,1072.8355486334453,False,0.3130576053094489,0.25526126338286026,1.5952758671125415,2018.1118188710968,24.15340707156327
2.577,1079.6266614750841,False,0.3126615356920652,0.25251618591425323,1.5875538314583666,1998.6215047157848,24.01242176286516
2.577,1086.4177743167227,False,0.31229744789418246,0.2498474614159656,1.5799869112006462,1979.614442245922,23.875293042276077
2.577,1093.2088871583614,False,0.31196376708117607,0.24725173343736628,1.5725698123866336,1961.0718431123253,23.741859812384615
2.577,1100.0,False,0.31165901550191044,0.24472584431700542,1.5652974893429403,1942.9758937982654,23.61196999429649
2.596,420.8887158361356,False,,,,,
2.596,427.67982867777425,False,,,,,
2.596,434.47094151941286,False,,,,,
2.596,441.2620543610515,False,,,,,
2.596,448.0531672026902,False,,,,,
2.596,454.8442800443288,False,,,,,
2.596,461.63539288596746,False,,,,,
2.596,468.4265057276061,False,,,,,
2.596,475.21761856924473,False,,,,,
2.596,482.0087314108834,False,,,,,
2.596,488.799844252522,False,,,,,
2.596,495.5909570941607,False,,,,,
2.596,502.38206993579934,False,,,,,
2.596,509.17318277743794,False,,,,,
2.596,515.9642956190767,False,,,,,
2.596,522.7554084607152,False,,,,,
2.596,529.5465213023539,False,,,,,
2.596,536.3376341439925,False,,,,,
2.596,543.1287469856312,False,,,,,
2.596,549.9198598272699,False,,,,,
2.596,556.7109726689084,False,,,,,
2.596,563.5020855105471,False,,,,,
2.596,570.2931983521858,False,,,,,
2.596,577.0843111938244,False,,,,,
2.596,583.8754240354631,False,,,,,
2.596,590.6665368771016,False,,,,,
2.596,597.4576497187403,False,,,,,
2.596,604.248762560379,False,,,,,
2.596,611.0398754020176,False,,,,,
2.596,617.8309882436563,False,,,,,
2.596,624.6221010852948,False,,,,,
2.596,631.4132139269336,False,,,,,
2.596,638.2043267685722,False,,,,,
2.596,644.9954396102108,False,,,,,
2.596,651.7865524518495,False,,,,,
2.596,658.5776652934882,False,,,,,
2.596,665.3687781351268,False,4.175687083194501,7.920512461672261,inf,inf,181.13895354740927
2.596,672.1598909767654,False,2.1826594293709007,4.051745981429081,inf,inf,126.38774216576631
2.596,678.951003818404,False,1.5252345261705937,2.772159231154135,inf,inf,102.30497534181
2.596,685.7421166600427,False,1.1976458993020114,2.13216948867275,inf,inf,88.02236545748046
2.596,692.5332295016814,False,1.0014222679542748,1.7470334818202564,inf,inf,78.32913033072984
2.596,699.32434234332,False,0.8707591294695567,1.4891711186008143,2.71492780788908,5845.076597159285,71.21706904544467
2.596,706.1154551849586,False,0.7775332247199379,1.3040473442474287,2.6643827154937454,5629.461461140412,65.72518990699652
2.596,712.9065680265974,False,0.7077048825800445,1.1644300801712546,2.617151196753219,5431.643546893009,61.32804416169758
2.596,719.6976808682359,False,0.6534808386648633,1.0551980344993381,2.571532078496473,5243.9377507071595,57.71088846523872
2.596,726.4887937098746,False,0.6101868465502368,0.9672780429242052,2.527518599784397,5065.966989136497,54.67220238495195
2.596,733.2799065515132,False,0.5748484824175384,0.8948936762207059,2.4852021029307454,4897.755037285659,52.076218418581114
2.596,740.0710193931518,False,0.5454823746400613,0.8341910269290416,2.4446387872780475,4739.17811491313,49.82771219632472
2.596,746.8621322347906,False,0.5207148722345741,0.7824992756279698,2.405839628669632,4589.939737301791,47.85768004772361
2.596,753.6532450764291,False,0.4995642644590763,0.7379083400233889,2.368779683868052,4449.620519986667,46.1147496989575
2.596,760.4443579180678,False,0.48131016034853386,0.6990155170498892,2.3334090159677694,4317.728976959877,44.55979527913455
2.596,767.2354707597065,False,0.46541186762062053,0.6647671376881008,2.2996617114974285,4193.7404058835355,43.16243348253062
2.596,774.026583601345,False,0.4514555828285893,0.6343560944771452,2.267462609801423,4077.1238463661894,41.89867066299988
2.596,780.8176964429838,False,0.43911918342743744,0.6071535080335136,2.236732092351894,3967.359659719184,40.74927932919265
2.596,787.6088092846223,False,0.42814813493449105,0.5826619543675339,2.2073893842103525,3863.9503234697236,39.69865116226272
2.596,794.399922126261,False,0.4183386223449803,0.5604827078322807,2.1793547633223604,3766.4265205951456,38.73396971466386
2.596,801.1910349678997,False,0.4095254977384118,0.5402923294879347,2.1525509870710207,3674.350059707196,37.844602636616536
2.596,807.9821478095383,False,0.40157351189823737,0.5218256290317289,2.126904166821608,3587.314717211721,37.021647809651135
2.596,814.773260651177,False,0.39437083077636864,0.5048630620400081,2.102344258406219,3504.945758771966,36.257589397859675
2.596,821.5643734928155,False,0.3878241707007006,0.48922127019698775,2.0788052891085167,3426.898657295286,35.54603371805103
2.596,828.3554863344542,False,0.3818550993585098,0.47474588556324154,2.0562254069062553,3352.8573556825413,34.881503950898946
2.596,835.1465991760929,False,0.3763971889352647,0.46130599022998514,2.034546812547179,3282.532305266484,34.2592788258358
2.596,841.9377120177315,False,0.3713938006835627,0.44878980291573006,2.0137156169692276,3215.65843020538,33.675264581716434
2.596,848.7288248593702,False,0.3667963432340484,0.4371012863645583,1.9936816536859263,3151.993113086552,33.12589239763443
2.596,855.5199377010088,False,0.3625628904363953,0.4261574537675731,1.974398266593783,3091.3142597795086,32.608035525539776
2.596,862.3110505426475,False,0.3586570749547103,0.41588621149657323,1.9558220871630794,3033.418476640962,32.118941811491254
2.596,869.1021633842861,False,0.35504719544437446,0.40622461736938303,1.9379128103832706,2978.119376667154,31.65617834526499
2.596,875.8932762259248,False,0.3517054906666017,0.3971174638131593,1.9206329756015978,2925.2460204446556,31.217585748984938
2.596,882.6843890675634,False,0.34860754519318643,0.38851611722483453,1.903947756128427,2874.6414909300256,30.80124018622775
2.596,889.475501909202,False,0.34573179966159623,0.38037756096108216,1.8878247599046416,2826.161596916836,30.405421600013092
2.596,896.2666147508407,False,0.34305914471348575,0.37266360137997995,1.872233842438079,2779.673697658262,30.028587010551796
2.596,903.0577275924793,False,0.3405725823805508,0.36534020535288503,1.8571469324735455,2735.0556398992367,29.669347949354226
2.596,909.848840434118,False,0.33825694218702745,0.35837694447635166,1.842537870364724,2692.194798129093,29.32645129514444
2.596,916.6399532757566,False,0.3360986419141136,0.35174652641468523,1.8283822587930112,2650.9872089111386,28.99876292330214
2.596,923.4310661173952,False,0.3340854850306337,0.3454243978063983,1.8146573252768234,2611.336790491851,28.6852536947024
2.596,930.222178959034,False,0.3322064883905887,0.3393884062716809,1.801341795798376,2573.154639412015,28.3849873995303
2.596,937.0132918006725,False,0.3304517350445254,0.3336185114818714,1.788415778816078,2536.3583964476143,28.097110342610357
2.596,943.8044046423112,False,0.3288122479912598,0.3280965371575457,1.7758606589139583,2500.8716748535044,27.820842313281574
2.596,950.5955174839498,False,0.3272798814713562,0.32280595736959233,1.7636589993452263,2466.6235445139755,27.55546872808819
2.596,957.3866303255885,False,0.3258472270203176,0.3177317117176794,1.7517944527578164,2433.548066233816,27.300333770982515
2.596,964.1777431672272,False,0.32450753199292603,0.312860044921261,1.7402516794129732,2401.583870945695,27.054834385233214
2.596,970.9688560088657,False,0.32325462866724997,0.30817836713152236,1.7290162722702747,2370.673779202063,26.81841499523235
2.596,977.7599688505044,False,0.3220828723579772,0.3036751318982746,1.718074688336393,2340.7644567511707,26.590562856019556
2.596,984.551081692143,False,0.3209870872298222,0.29933972923451435,1.7074141857323804,2311.806102475631,26.370803944465308
2.596,991.3421945337817,False,0.3199625187149253,0.2951623916368898,1.6970227659743424,2283.7521653606404,26.158699319356685
2.596,998.1333073754204,False,0.3190047916130784,0.2911341112613327,1.6868891210053296,2256.5590875197913,25.953841888652697
2.596,1004.924420217059,False,0.3181098730976961,0.2872465667341432,1.6770025845564571,2230.1860706280595,25.75585353134608
2.596,1011.7155330586976,False,0.3172740399696633,0.283492058311394,1.667353087452624,2204.594863397993,25.564382529027835
2.596,1018.5066459003363,False,0.31649384960019666,0.2798634502927395,1.657931116512941,2179.7495679905787,25.37910126867028
2.596,1025.297758741975,False,0.3157661140864095,0.27635411975688146,1.6487276767280032,2155.6164634795823,25.1997041835463
2.596,1032.0888715836136,False,0.3150878772123262,0.27295791082081644,1.6397342564253305,2132.163844689738,25.02590590376077
2.596,1038.8799844252521,False,0.3144563938660978,0.269669093738299,1.6309427951610564,2109.3618749085635,24.85743959173137
2.596,1045.6710972668907,False,0.31386911161302344,0.26648232824844503,1.6223456541002748,2087.1824511307896,24.694055441236777
2.596,1052.4622101085295,False,0.3133236541652862,0.2633926306661376,1.6139355886705156,2065.599080635736,24.53551932144488
2.596,1059.2533229501682,False,0.31281780652431546,0.2603953442743735,1.6057057232928995,2044.5867678237018,24.381611549722535
2.596,1066.0444357918068,False,0.3123495016014809,0.2574861126369578,1.5976495280135419,2024.1219103487545,24.232125779076902
2.596,1072.8355486334453,False,0.3119168081481929,0.25466085549963996,1.5897607968742478,2004.1822036846947,24.086867987835948
2.596,1079.6266614750841,False,0.3115179198482298,0.2519157469903304,1.582033627876438,1984.7465533494117,23.945655560694
2.596,1086.4177743167227,False,0.3111511454437138,0.24924719586550417,1.5744624044054063,1965.7949940907665,23.808316451556173
2.596,1093.2088871583614,False,0.3108148997821894,0.24665182758128654,1.5670417779944381,1947.3086154079635,23.674688419750517
2.596,1100.0,False,0.31050769568603925,0.24412646799476495,1.5597666523189082,1929.2694928438132,23.54461833216039
2.615,420.8887158361356,False,,,,,
2.615,427.67982867777425,False,,,,,
2.615,434.47094151941286,False,,,,,
2.615,441.2620543610515,False,,,,,
2.615,448.0531672026902,False,,,,,
2.615,454.8442800443288,False,,,,,
2.615,461.63539288596746,False,,,,,
2.615,468.4265057276061,False,,,,,
2.615,475.21761856924473,False,,,,,
2.615,482.0087314108834,False,,,,,
2.615,488.799844252522,False,,,,,
2.615,495.5909570941607,False,,,,,
2.615,502.38206993579934,False,,,,,
2.615,509.17318277743794,False,,,,,
2.615,515.9642956190767,False,,,,,
2.615,522.7554084607152,False,,,,,
2.615,529.5465213023539,False,,,,,
2.615,536.3376341439925,False,,,,,
2.615,543.1287469856312,False,,,,,
2.615,549.9198598272699,False,,,,,
2.615,556.7109726689084,False,,,,,
2.615,563.5020855105471,False,,,,,
2.615,570.2931983521858,False,,,,,
2.615,577.0843111938244,False,,,,,
2.615,583.8754240354631,False,,,,,
2.615,590.6665368771016,False,,,,,
2.615,597.4576497187403,False,,,,,
2.615,604.248762560379,False,,,,,
2.615,611.0398754020176,False,,,,,
2.615,617.8309882436563,False,,,,,
2.615,624.6221010852948,False,,,,,
2.615,631.4132139269336,False,,,,,
2.615,638.2043267685722,False,,,,,
2.615,644.9954396102108,False,,,,,
2.615,651.7865524518495,False,,,,,
2.615,658.5776652934882,False,,,,,
2.615,665.3687781351268,False,5.0381359358709865,9.584815833325777,inf,inf,200.25430893969144
2.615,672.1598909767654,False,2.366621505064739,4.406018293250837,inf,inf,132.3431247410185
2.615,678.951003818404,False,1.6010338779962747,2.9182141158352657,inf,inf,105.33037755487838
2.615,685.7421166600427,False,1.2378215132742518,2.2098424020423697,inf,inf,89.87444798586797
2.615,692.5332295016814,False,1.0257333662880368,1.7943383806657929,inf,inf,79.57997999722392
2.615,699.32434234332,False,0.8867023214670003,1.5205024744561024,2.7216979767401104,5874.2644787649415,72.11409251267924
2.615,706.1154551849586,False,0.7885539059390699,1.326008271201511,2.669497469064979,5651.095699245221,66.39457348213503
2.615,712.9065680265974,False,0.7155999577605374,1.1804579885175464,2.621439010108014,5449.456008218527,61.8415523667381
2.615,719.6976808682359,False,0.6592757978896681,1.0672510920942229,2.575045607298453,5258.277306093901,58.1126265918002
2.615,726.4887937098746,False,0.6145078638297881,0.9765497958745794,2.5302897303291947,5077.081567388696,54.990899911355484
2.615,733.2799065515132,False,0.578098583521589,0.9021509814015325,2.4872698654956884,4905.90858556582,52.33145597589701
2.615,740.0710193931518,False,0.547932148332507,0.8399478548669256,2.4460486414868963,4744.645979461438,50.033327945157154
2.615,746.8621322347906,False,0.5225523905891672,0.7871122476298172,2.4066401532595654,4592.9947796160395,48.02374889394779
2.615,753.6532450764291,False,0.5009240811875271,0.7416321617729512,2.369019867845559,4450.522910145054,46.248791032691344
2.615,760.4443579180678,False,0.4822909286532784,0.7020366192624643,2.3331364505648637,4316.720328415621,44.6675405180969
2.615,767.2354707597065,False,0.4660874568548578,0.6672248793940971,2.298921508068262,4191.041120655188,43.248330870061075
2.615,774.026583601345,False,0.45188232389993765,0.6363565673253999,2.2662968288773926,4072.93254342244,41.96622713762978
2.615,780.8176964429838,False,0.43934072534530444,0.6087787791900824,2.2351795112438624,3961.8538507027333,40.80129799829347
2.615,787.6088092846223,False,0.4281987809109615,0.5839764089167087,2.205485479074337,3857.287772372714,39.737399955175235
2.615,794.399922126261,False,0.41824567154298214,0.5615374960484213,2.177131820721602,3758.7469265206205,38.761303522737556
2.615,801.1910349678997,False,0.40931092092837035,0.5411285457744284,2.1500382885132625,3665.776840742988,37.86205331673662
2.615,807.9821478095383,False,0.4012551712738922,0.5224766236635069,2.12412820953205,3577.9567649028195,37.030491544408804
2.615,814.773260651177,False,0.3939633817770615,0.5053561484966098,2.099328989022795,3494.89909128862,36.25889781826503
2.615,821.5643734928155,False,0.38733973813367134,0.48957900389100434,2.0755723359535274,3416.2479360716993,35.540713196406855
2.615,828.3554863344542,False,0.3813037907975019,0.47498703382944707,2.0527943023984614,3341.67725264992,34.87032615031955
2.615,835.1465991760929,False,0.3757874891132189,0.46144627671980587,2.0309352011619204,3270.8887209475,34.24290470252641
2.615,841.9377120177315,False,0.3707328777083291,0.44884248498350343,2.0099394466128953,3203.609570251131,33.65426342552058
2.615,848.7288248593702,False,0.3660902886819338,0.43707760732569817,1.9897553498903369,3139.5904345243184,33.10075707087712
2.615,855.5199377010088,False,0.3618169093114944,0.4260670003650923,1.970334889868461,3078.6032997157527,32.57919475936253
2.615,862.3110505426475,False,0.3578756372461773,0.4157371988203701,1.9516334743798822,3020.4395763354596,32.086770203288204
2.615,869.1021633842861,False,0.3542341579885969,0.40602411772444835,1.9336097013482014,2964.908313330694,31.621004544406965
2.615,875.8932762259248,False,0.3508641958441945,0.39687159189899074,1.9162251260867498,2911.8345581710414,31.17969920321125
2.615,882.6843890675634,False,0.34774090140598307,0.38823018098122264,1.8994440386543336,2861.0578610697185,30.76089673591477
2.615,889.475501909202,False,0.3448423473689578,0.38005618522459916,1.883233253520734,2812.4309170643096,30.362848143716807
2.615,896.2666147508407,False,0.34214911094087125,0.37231082985372066,1.867561912672324,2765.818337329596,29.98398541695803
2.615,903.0577275924793,False,0.33964392596357434,0.3649595851615567,1.8524013025295694,2721.0955399619074,29.622898353957833
2.615,909.848840434118,False,0.337311391522601,0.3579715966483983,1.8377246845455195,2678.1477501265495,29.278314891660983
2.615,916.6399532757566,False,0.3351377266152831,0.3513192049238972,1.823507139032191,2636.8690996077794,28.94908433787147
2.615,923.4310661173952,False,0.3331105625934111,0.34497753926055097,1.8097254215643006,2597.161816244095,28.634163013810493
2.615,930.222178959034,False,0.33121876675786976,0.33892417191410207,1.7963578312000128,2558.9354943432754,28.332601909111972
2.615,937.0132918006725,False,0.3294522917780754,0.3331388228432137,1.7833840897075857,2522.1064378617516,28.043536025140714
2.615,943.8044046423112,False,0.32780204662618867,0.32760310643738194,1.7707852309759928,2486.5970688467055,27.766175141189816
2.615,950.5955174839498,False,0.32625978551956647,0.3223003134240019,1.7585434998065972,2452.3353943515767,27.499795785036408
2.615,957.3866303255885,False,0.32481801200375265,0.3172152223675827,1.746642259304307,2419.254525675294,27.243734227092645
2.615,964.1777431672272,False,0.323469895818971,0.31233393616733973,1.7350659061487557,2387.292244457634,26.997380347923126
2.615,970.9688560088657,False,0.32220920060367547,0.3076437397581388,1.7237997930539175,2356.3906106840445,26.7601722537288
2.615,977.7599688505044,False,0.3210302208204488,0.30313297586536453,1.7128301577861427,2326.495608211923,26.53159153467896
2.615,984.551081692143,False,0.3199277265590109,0.2987909361888019,1.7021440581569915,2297.5568238956257,26.311159077623117
2.615,991.3421945337817,False,0.31889691509094387,0.2946077658187125,1.6917293124557797,2269.5271568148332,26.098431358439917
2.615,998.1333073754204,False,0.3179333682309749,0.2905743790383336,1.6815744448330936,2242.362554493561,25.89299715064623
2.615,1004.924420217059,False,0.3170330147080179,0.28668238495609727,1.6716686351899466,2216.0217733381824,25.694474596336804
2.615,1011.7155330586976,False,0.3161920968718423,0.2829240216499437,1.6620016731675125,2190.466160826106,25.502508593411996
2.615,1018.5066459003363,False,0.3154071411630225,0.27929209770455926,1.6525639158694991,2165.659457246192,25.316768459654835
2.615,1025.297758741975,False,0.3146749318586649,0.27577994018782326,1.6433462489836426,2141.567615032068,25.136945839774672
2.615,1032.0888715836136,False,0.31399248767730026,0.2723813482510863,1.6343400509997106,2118.1586339410974,24.96275282621747
2.615,1038.8799844252521,False,0.31335704088587846,0.26909055165408874,1.6255371602499442,2095.4024105204294,24.7939202685099
2.615,1045.6710972668907,False,0.31276601860188513,0.26590217361314766,1.616929844523705,2073.270600468642,24.630196249269865
2.615,1052.4622101085295,False,0.3122170260259577,0.2628111974539344,1.608510773031367,2051.7364926493033,24.471344707885287
2.615,1059.2533229501682,False,0.311707831376228,0.2598129366202386,1.6002729905135433,2030.7748936438525,24.31714419531074
2.615,1066.0444357918068,False,0.31123635232612673,0.2569030076497207,1.5922098933111577,2010.3620218485523,24.167386745531264
2.615,1072.8355486334453,False,0.3108006437733518,0.2540773057784567,1.58431520722876,1990.4754102227869,24.021876851043547
2.615,1079.6266614750841,False,0.31039888678994376,0.25133198287955466,1.576582967039244,1971.093816888353,23.880430531258245
2.615,1086.4177743167227,False,0.31002937862243524,0.24866342747837228,1.5690074974922492,1952.197142861341,23.74287448406642
2.615,1093.2088871583614,False,0.3096905236274119,0.24606824661890517,1.5615833957009828,1933.7663562702824,23.609045311973393
2.615,1100.0,False,0.3093808250419275,0.24354324938353566,1.5543055147939475,1915.783422479841,23.478788815210056
2.634,420.8887158361356,False,,,,,
2.634,427.67982867777425,False,,,,,
2.634,434.47094151941286,False,,,,,
2.634,441.2620543610515,False,,,,,
2.634,448.0531672026902,False,,,,,
2.634,454.8442800443288,False,,,,,
2.634,461.63539288596746,False,,,,,
2.634,468.4265057276061,False,,,,,
2.634,475.21761856924473,False,,,,,
2.634,482.0087314108834,False,,,,,
2.634,488.799844252522,False,,,,,
2.634,495.5909570941607,False,,,,,
2.634,502.38206993579934,False,,,,,
2.634,509.17318277743794,False,,,,,
2.634,515.9642956190767,False,,,,,
2.634,522.7554084607152,False,,,,,
2.634,529.5465213023539,False,,,,,
2.634,536.3376341439925,False,,,,,
2.634,543.1287469856312,False,,,,,
2.634,549.9198598272699,False,,,,,
2.634,556.7109726689084,False,,,,,
2.634,563.5020855105471,False,,,,,
2.634,570.2931983521858,False,,,,,
2.634,577.0843111938244,False,,,,,
2.634,583.8754240354631,False,,,,,
2.634,590.6665368771016,False,,,,,
2.634,597.4576497187403,False,,,,,
2.634,604.248762560379,False,,,,,
2.634,611.0398754020176,False,,,,,
2.634,617.8309882436563,False,,,,,
2.634,624.6221010852948,False,,,,,
2.634,631.4132139269336,False,,,,,
2.634,638.2043267685722,False,,,,,
2.634,644.9954396102108,False,,,,,
2.634,651.7865524518495,False,,,,,
2.634,658.5776652934882,False,,,,,
2.634,665.3687781351268,False,6.394795175907247,12.201865138080915,inf,inf,227.11155425571795
2.634,672.1598909767654,False,2.590750948022635,4.837283341029785,inf,inf,139.26349195444217
2.634,678.951003818404,False,1.6870700898819506,3.083769774182239,inf,inf,108.66639028428895
2.634,685.7421166600427,False,1.2819563238283191,2.295004701290665,inf,inf,91.86792929012304
2.634,692.5332295016814,False,1.0519553907574322,1.8452284845245086,inf,inf,80.90818038753935
2.634,699.32434234332,False,0.903706098902859,1.553804213300095,2.7294756183392606,5907.885552121967,73.05861214767734
2.634,706.1154551849586,False,0.800223681934418,1.349160955183229,2.674806025325349,5673.593557309077,67.09556770859463
2.634,712.9065680265974,False,0.7239225858210202,1.1972598999458186,2.625902085805005,5468.027516818139,62.377404616925936
2.634,719.6976808682359,False,0.6653692531753229,1.0798355962932802,2.578724046905241,5273.31088111747,58.53092423303632
2.634,726.4887937098746,False,0.6190474849142519,0.9862033063949927,2.533215075268659,5088.827890539773,55.322352811741496
2.634,733.2799065515132,False,0.581515377169443,0.9096930595418737,2.4894808901465106,4914.634543413838,52.59684128081116
2.634,740.0710193931518,False,0.5505135222418457,0.8459240629723711,2.4475911646660755,4750.631988028696,50.24724250385812
2.634,746.8621322347906,False,0.5244969895679202,0.7918990121408197,2.4075635341882977,4596.519940941152,48.196768078252745
2.634,753.6532450764291,False,0.5023733587792343,0.745497078821533,2.369374085872825,4451.853902192411,46.3887754289663
2.634,760.4443579180678,False,0.4833481864617081,0.7051747811979422,2.332970150813999,4316.1049816954755,44.780460749690725
2.634,767.2354707597065,False,0.46682978280010146,0.6697816273819214,2.298280831183213,4188.705478476238,43.33880695830767
2.634,774.026583601345,False,0.4523683312358899,0.638442224635398,2.2652247923943576,4069.0801799446617,42.03789198021782
2.634,780.8176964429838,False,0.43961571586543985,0.6104784700945135,2.2337157552665454,3956.6665372328034,40.857048773129236
2.634,787.6088092846223,False,0.42829827721750957,0.5853567688372334,2.20366624190471,3850.926880705369,39.77957599712863
2.634,794.399922126261,False,0.41819788756335086,0.562651359755648,2.174990052788813,3751.355179490259,38.79181471651638
2.634,801.1910349678997,False,0.4091385240584901,0.5420182878346922,2.147603843886719,3657.480171354502,37.882474428899975
2.634,807.9821478095383,False,0.4009765614874078,0.5231765806972647,2.1214280757344657,3568.8661445077764,37.04213263646771
2.634,814.773260651177,False,0.39359363485649534,0.5058944035477044,2.096387530338807,3485.112250452349,36.2628575591898
2.634,821.5643734928155,False,0.38689131119999803,0.48997871976210067,2.072411535055281,3405.850941093636,35.537919750277304
2.634,828.3554863344542,False,0.3807870569137287,0.47526746237482975,2.0494339914233914,3330.7459245121627,34.86156890346658
2.634,835.1465991760929,False,0.37521114718222115,0.461623531926745,2.027393277462244,3259.4898973679333,34.22885914645842
2.634,841.9377120177315,False,0.3701042701720837,0.4489301415668496,2.006232070995645,3191.8022191844793,33.63551086371509
2.634,848.7288248593702,False,0.3654156502210798,0.4370871688520977,1.9858971267828534,3127.426631260406,33.077800367076044
2.634,855.5199377010088,False,0.3611015633250106,0.42600826871964215,1.966339029816449,3066.1290811978793,32.55247102732768
2.634,862.3110505426475,False,0.35712415239913115,0.4156185682948495,1.947511939838125,3007.6956864270715,32.05666111084542
2.634,869.1021633842861,False,0.3534504739301202,0.405852810957935,1.9293733370083426,2951.9308521041394,31.58784474016485
2.634,875.8932762259248,False,0.35005172490992953,0.3966538505609778,1.9118837751011701,2898.6555472524897,31.14378325388199
2.634,882.6843890675634,False,0.34690261145716633,0.38797142093604353,1.8950066461255526,2847.7057358773427,30.72248487297689
2.634,889.475501909202,False,0.34398082969955057,0.37976112360306447,1.8787079585745627,2798.9309555562227,30.322171051438886
2.634,896.2666147508407,False,0.3412666362787453,0.3719835897434535,1.8629561303479867,2752.193033709212,29.941248243438277
2.634,903.0577275924793,False,0.33874249091360153,0.36460378234435736,1.847721796618472,2707.3649307090373,29.57828408845987
2.634,909.848840434118,False,0.3363927572872856,0.35759041184434404,1.8329776324038565,2664.3296987505237,29.23198722206262
2.634,916.6399532757566,False,0.3342034514382941,0.3509154442643803,1.8186981892872807,2622.979545656096,28.90119007923168
2.634,923.4310661173952,False,0.33216202907180525,0.34455368514668816,1.8048597455350435,2583.2149933445116,28.584834181279597
2.634,930.222178959034,False,0.33025720493702915,0.33848242597955974,1.7914401687586812,2544.9441213966625,28.281957494446136
2.634,937.0132918006725,False,0.32847879876296143,0.33268114240015484,1.7784187902274455,2508.0818869372497,27.991683525054125
2.634,943.8044046423112,False,0.3268176033009637,0.3271312355174762,1.7657762899316467,2472.549512833812,27.713211877002443
2.634,950.5955174839498,False,0.325265270856073,0.32181580931623993,1.7534945915278444,2438.273937005244,27.445810046065557
2.634,957.3866303255885,False,0.32381421535071453,0.31671947838783293,1.7415567663236002,2405.187316324885,27.18880626459232
2.634,964.1777431672272,False,0.32245752749312967,0.311828201261628,1.7299469455296987,2373.2265793398187,26.941583241818396
2.634,970.9688560088657,False,0.3211889010473191,0.3071291354349545,1.7186502400414088,2342.3330225919444,26.703572670685254
2.634,977.7599688505044,False,0.32000256854408315,0.302610510866376,1.7076526670780725,2312.4519459243033,26.474250393024878
2.634,984.551081692143,False,0.31889324505083694,0.29826151923774447,1.696941083061321,2283.532322652847,26.25313213216123
2.634,991.3421945337817,False,0.3178560788446358,0.2940722167315791,1.6865031221653735,2255.526500939532,26.039769716142878
2.634,998.1333073754204,False,0.3168866080185692,0.2900334384317097,1.6763271400232853,2228.3899331094626,25.833747726540555
2.634,1004.924420217059,False,0.3159807222044675,0.28613672275250235,1.6664021621194958,2202.080930015251,25.634680517477832
2.634,1011.7155330586976,False,0.31513462872106013,0.28237424454771626,1.6567178364425281,2176.5604378730204,25.44220955768182
2.634,1018.5066459003363,False,0.31434482256142793,0.278738755753947,1.6472643900115265,2151.7918352789848,25.2560010551387
2.634,1025.297758741975,False,0.31360805972072914,0.27522353259340937,1.6380325889266103,2127.740748367198,25.075743829648644
2.634,1032.0888715836136,False,0.3129213334380155,0.27182232850277305,1.6290137016264963,2104.374882293038,24.901147403389363
2.634,1038.8799844252521,False,0.31228185298704403,0.26852933207386104,1.6201994650666016,2081.6638674235583,24.731940283670248
2.634,1045.6710972668907,False,0.31168702470238385,0.26533912939227294,1.6115820535584844,2059.5791187916957,24.567868415515328
2.634,1052.4622101085295,False,0.3111344349705084,0.2622466702446572,1.6031540500359829,2038.0937075257102,24.408693784654197
2.634,1059.2533229501682,False,0.31062183495231604,0.25924723773709574,1.5949084195357175,2017.182243102462,24.25419315401222
2.634,1066.0444357918068,False,0.31014712683475376,0.2563364209280326,1.5868384846998143,1996.8207653949287,24.10415691894176
2.634,1072.8355486334453,False,0.3097083514357972,0.25351009013112535,1.5789379031267585,1976.9866455919648,23.958388068281717
2.634,1079.6266614750841,False,0.3093036770097884,0.2507643745878206,1.5712006464126858,1957.6584951641337,23.81670123992229
2.634,1086.4177743167227,False,0.3089313891195802,0.24809564224750638,1.5636209807401136,1938.8160821343326,23.678921860922895
2.634,1093.2088871583614,False,0.30858988145868804,0.24550048142581954,1.5561934488844682,1920.4402539876633,23.544885363418516
2.634,1100.0,False,0.3082776475210294,0.24297568413985415,1.5489128535205277,1902.512866621712,23.414436468578216
2.653,420.8887158361356,False,,,,,
2.653,427.67982867777425,False,,,,,
2.653,434.47094151941286,False,,,,,
2.653,441.2620543610515,False,,,,,
2.653,448.0531672026902,False,,,,,
2.653,454.8442800443288,False,,,,,
2.653,461.63539288596746,False,,,,,
2.653,468.4265057276061,False,,,,,
2.653,475.21761856924473,False,,,,,
2.653,482.0087314108834,False,,,,,
2.653,488.799844252522,False,,,,,
2.653,495.5909570941607,False,,,,,
2.653,502.38206993579934,False,,,,,
2.653,509.17318277743794,False,,,,,
2.653,515.9642956190767,False,,,,,
2.653,522.7554084607152,False,,,,,
2.653,529.5465213023539,False,,,,,
2.653,536.3376341439925,False,,,,,
2.653,543.1287469856312,False,,,,,
2.653,549.9198598272699,False,,,,,
2.653,556.7109726689084,False,,,,,
2.653,563.5020855105471,False,,,,,
2.653,570.2931983521858,False,,,,,
2.653,577.0843111938244,False,,,,,
2.653,583.8754240354631,False,,,,,
2.653,590.6665368771016,False,,,,,
2.653,597.4576497187403,False,,,,,
2.653,604.248762560379,False,,,,,
2.653,611.0398754020176,False,,,,,
2.653,617.8309882436563,False,,,,,
2.653,624.6221010852948,False,,,,,
2.653,631.4132139269336,False,,,,,
2.653,638.2043267685722,False,,,,,
2.653,644.9954396102108,False,,,,,
2.653,651.7865524518495,False,,,,,
2.653,658.5776652934882,False,,,,,
2.653,665.3687781351268,False,8.839778973561746,16.91701986740021,inf,inf,268.8495045318445
2.653,672.1598909767654,False,2.8696686508202958,5.373572928471995,inf,inf,147.43229198677935
2.653,678.951003818404,False,1.785507671554248,3.2729538209065634,inf,inf,112.36647560385505
2.653,685.7421166600427,False,1.3306321137989756,2.3887602327634583,inf,inf,94.01976074339258
2.653,692.5332295016814,False,1.080300208199357,1.9001040163576302,inf,inf,82.32072544632824
2.653,699.32434234332,False,0.9218631598373808,1.5892508712184763,inf,inf,74.05400683694042
2.653,706.1154551849586,False,0.8125883420973493,1.3735914808490177,2.6803137095858895,5696.9825682052715,67.8299821818526
2.653,712.9065680265974,False,0.7326973654974022,1.2148821162936425,2.6305424099594488,5487.370080604814,62.936640393085355
2.653,719.6976808682359,False,0.6717752170563431,1.0929780623853353,2.5825692874653474,5289.049104020519,58.96640758473782
2.653,726.4887937098746,False,0.6238140117303135,0.9962544641627188,2.5362964729837842,5101.215500084107,55.6669498685249
2.653,733.2799065515132,False,0.5851038927705003,0.9175297394297005,2.491836854526004,4923.941048094581,52.87261924377431
2.653,740.0710193931518,False,0.5532295567506168,0.8521258509140618,2.449267807556801,4757.142749781231,50.46960976716258
2.653,746.8621322347906,False,0.5265504964546576,0.7968635077392311,2.408610972491422,4600.520349068443,48.376831854673085
2.653,753.6532450764291,False,0.5039131261578389,0.749505573895385,2.369843293283343,4453.617279010615,46.534756902072075
2.653,760.4443579180678,False,0.4844824311529535,0.7084315221449933,2.3329108441761597,4315.885544321729,44.8985821656155
2.653,767.2354707597065,False,0.4676389804778902,0.6724382485954159,2.2977402039625265,4186.735082320462,43.43386830086022
2.653,774.026583601345,False,0.4529134878455282,0.6406134831466073,2.26424684376423,4065.56751099159,42.11365763947146
2.653,780.8176964429838,False,0.4399438597380481,0.6122526818755026,2.232341011475473,3951.7977629510315,40.9165138218731
2.653,787.6088092846223,False,0.42844620071152756,0.5868029112003288,2.201931724400469,3844.867096133622,39.82515387070012
2.653,794.399922126261,False,0.41819475442196713,0.5638240154240854,2.1729293941749073,3744.2502270796003,38.82547222477976
2.653,801.1910349678997,False,0.4090077231076317,0.5429611562535771,2.1452474864570403,3649.458577827361,37.905830653994514
2.653,807.9821478095383,False,0.40073704829575385,0.5239250168057428,2.118803510555377,3560.041025419775,37.056532555891245
2.653,814.773260651177,False,0.39326091851419687,0.5064772831118348,2.093519550470259,3475.5831012844055,36.26942765412576
2.653,821.5643734928155,False,0.3864781906867808,0.4904198299385532,2.069322486839553,3395.705275873353,35.53761056087139
2.653,828.3554863344542,False,0.3803041778820111,0.47558655208742034,2.0461440145174934,3320.060748349982,34.855187984452
2.653,835.1465991760929,False,0.3746674280343325,0.46183711486285334,2.0239205286333264,3248.333014011063,34.21709686676489
2.653,841.9377120177315,False,0.36950723171623573,0.4490521168399717,2.002592929446629,3180.233382730371,33.61896080537706
2.653,848.7288248593702,False,0.36477167331347665,0.43712930560176816,1.9821063804742836,3115.4985551065397,33.05697560178233
2.653,855.5199377010088,False,0.36041609211218517,0.4259805880159357,1.9624100432640048,3053.8883187721926,32.52781721341959
2.653,862.3110505426475,False,0.3564018560326022,0.4155296467133497,1.943456804435891,2995.183398278959,32.028567114236196
2.653,869.1021633842861,False,0.35269537626993125,0.40571002382583254,1.9252030052158646,2939.183473183681,31.556651309750155
2.653,875.8932762259248,False,0.3492673093289865,0.3964635683165587,1.9076081799434166,2885.70536706298,31.10979015561788
2.653,882.6843890675634,False,0.34609190611461077,0.38773916874067477,1.8906348074576518,2834.581402889732,30.685956793378057
2.653,889.475501909202,False,0.3431464773733475,0.3794917119251833,1.8742480775032544,2785.6579159648304,30.283342511504273
2.653,896.2666147508407,False,0.3404109519010228,0.37168122184320224,1.8584156731071666,2738.7939133603527,29.900327711424698
2.653,903.0577275924793,False,0.33786750924466635,0.36427214324960216,1.8431075690861665,2693.859867889029,29.53545743993931
2.653,909.848840434118,False,0.33550027263034216,0.3572327424000938,1.8282958463333971,2650.736634491364,29.187420665026504
2.653,916.6399532757566,False,0.33329505089079653,0.35053460307081935,1.8139545212130825,2609.3144773076547,28.855032638299875
2.653,923.4310661173952,False,0.33123912049798954,0.34415220061345414,1.8000593892071404,2569.492196366327,28.53721981661233
2.653,930.222178959034,False,0.3293210406056173,0.33806254027027455,1.7865878818634833,2531.176343635268,28.23300691648097
2.653,937.0132918006725,False,0.3275304954069035,0.33224484868855986,1.773518936061191,2494.2805190523445,27.941505754765018
2.653,943.8044046423112,False,0.3258581592095656,0.32668030970054784,1.7608328746189787,2458.724738039407,27.6619055923057
2.653,950.5955174839498,False,0.3242955804943263,0.32135183711224447,1.7485112972940613,2424.4348628148573,27.393464747745057
2.653,957.3866303255885,False,0.3228350819091264,0.31624387857509145,1.7365369812871694,2391.3420906708407,27.135503289295112
2.653,964.1777431672272,False,0.3214696736983167,0.31134224567649493,1.7248937904057482,2359.3824930553396,26.887396644965616
2.653,970.9688560088657,False,0.32019297850513334,0.306633966237595,1.7135665921107865,2328.4966000029767,26.64856999832682
2.653,977.7599688505044,False,0.3189991658398682,0.302107155494373,1.7025411817298115,2298.629025049178,26.418493358550606
2.653,984.551081692143,False,0.31788289479322385,0.29775090339591603,1.6918042131796935,2269.728126306634,26.196677211228486
2.653,991.3421945337817,False,0.31683926380824495,0.2935551757081523,1.6813431356001374,2241.745699865939,25.982668671082052
2.653,998.1333073754204,False,0.3158637665155837,0.2895107269834086,1.6711461353531827,2214.6367021137635,25.77604806976202
2.653,1004.924420217059,False,0.3149522527942077,0.2856090237620836,1.6612020828941256,2188.358997943463,25.576425921963942
2.653,1011.7155330586976,False,0.31410089434954386,0.28184217662537336,1.651500484065951,2162.8731321724235,25.383440221448474
2.653,1018.5066459003363,False,0.31330615420866753,0.2782028799274055,1.642031435411804,2138.142121779961,25.196754025546312
2.653,1025.297758741975,False,0.3125647596217453,0.27468435820950515,1.6327855831388527,2114.1312668447495,25.01605329260176
2.653,1032.0888715836136,False,0.3118736779337103,0.27128031844493383,1.6237540854022339,2090.8079782954096,24.841044941755353
2.653,1038.8799844252521,False,0.31123009505285276,0.26798490738455616,1.6149285776095852,2068.1416207946872,24.67145510864873
2.653,1045.6710972668907,False,0.3106313961957286,0.26479267337662593,1.606301140475698,2046.1033692612032,24.507027574183198
2.653,1052.4622101085295,False,0.3100751486322684,0.2616985321205826,1.5978642705826644,2024.6660776941371,24.3475223464801
2.653,1059.2533229501682,False,0.3095590861926337,0.2586977358881875,1.5896108532246023,2003.8041591099995,24.192714378767562
2.653,1066.0444357918068,False,0.3090810953293249,0.2557858458076816,1.5815341373370957,1983.4934755271834,24.042392408120552
2.653,1072.8355486334453,False,0.30863920255528415,0.25295870685978744,1.5736277123304172,1963.7112370459904,23.896357901873415
2.653,1079.6266614750841,False,0.308231563101977,0.25021242527975823,1.565885486662975,1944.435909171961,23.75442410015031
2.653,1086.4177743167227,False,0.3078564506613468,0.24754334809856218,1.5583016680067208,1925.6471276183242,23.61641514436267
2.653,1093.2088871583614,False,0.30751224809263356,0.24494804458968816,1.5508707448700363,1907.3256199015361,23.482165282736783
2.653,1100.0,False,0.3071974389897583,0.24242328941682048,1.543587469556324,1889.453133114108,23.35151814498647
2.6719999999999997,420.8887158361356,False,,,,,
2.6719999999999997,427.67982867777425,False,,,,,
2.6719999999999997,434.47094151941286,False,,,,,
2.6719999999999997,441.2620543610515,False,,,,,
2.6719999999999997,448.0531672026902,False,,,,,
2.6719999999999997,454.8442800443288,False,,,,,
2.6719999999999997,461.63539288596746,False,,,,,
2.6719999999999997,468.4265057276061,False,,,,,
2.6719999999999997,475.21761856924473,False,,,,,
2.6719999999999997,482.0087314108834,False,,,,,
2.6719999999999997,488.799844252522,False,,,,,
2.6719999999999997,495.5909570941607,False,,,,,
2.6719999999999997,502.38206993579934,False,,,,,
2.6719999999999997,509.17318277743794,False,,,,,
2.6719999999999997,515.9642956190767,False,,,,,
2.6719999999999997,522.7554084607152,False,,,,,
2.6719999999999997,529.5465213023539,False,,,,,
2.6719999999999997,536.3376341439925,False,,,,,
2.6719999999999997,543.1287469856312,False,,,,,
2.6719999999999997,549.9198598272699,False,,,,,
2.6719999999999997,556.7109726689084,False,,,,,
2.6719999999999997,563.5020855105471,False,,,,,
2.6719999999999997,570.2931983521858,False,,,,,
2.6719999999999997,577.0843111938244,False,,,,,
2.6719999999999997,583.8754240354631,False,,,,,
2.6719999999999997,590.6665368771016,False,,,,,
2.6719999999999997,597.4576497187403,False,,,,,
2.6719999999999997,604.248762560379,False,,,,,
2.6719999999999997,611.0398754020176,False,,,,,
2.6719999999999997,617.8309882436563,False,,,,,
2.6719999999999997,624.6221010852948,False,,,,,
2.6719999999999997,631.4132139269336,False,,,,,
2.6719999999999997,638.2043267685722,False,,,,,
2.6719999999999997,644.9954396102108,False,,,,,
2.6719999999999997,651.7865524518495,False,,,,,
2.6719999999999997,658.5776652934882,False,,,,,
2.6719999999999997,665.3687781351268,False,14.556548850901473,27.939650700482684,inf,inf,347.4305974214418
2.6719999999999997,672.1598909767654,False,3.226083934747073,6.058425831537568,inf,inf,157.2657868221582
2.6719999999999997,678.951003818404,False,1.8991714404799012,3.4911527742294197,inf,inf,116.49809109911398
2.6719999999999997,685.7421166600427,False,1.3845523570551475,2.4924435486434446,inf,inf,96.34995713052308
2.6719999999999997,692.5332295016814,False,1.1110132968801039,1.9594285503374615,inf,inf,83.82557394241357
2.6719999999999997,699.32434234332,False,0.941278058050313,1.6270391899910301,inf,inf,75.10403422727158
2.6719999999999997,706.1154551849586,False,0.8256986110055006,1.3993951101533306,2.686027382076284,5721.29717504203,68.5997991948363
2.6719999999999997,712.9065680265974,False,0.7419512157121159,1.2333752161773244,2.6353620083269873,5507.496080015638,63.52038712491438
2.6719999999999997,719.6976808682359,False,0.6785089023374208,1.1067071931464316,2.586583221441035,5305.502790031641,59.41975173102865
2.6719999999999997,726.4887937098746,False,0.6288164188051324,1.0067203662768491,2.5395357827310696,5114.254172498467,56.02510911829247
2.6719999999999997,733.2799065515132,False,0.588869564232721,0.9256715614503351,2.4943394682724747,4933.8364877095755,53.159053461162536
2.6719999999999997,740.0710193931518,False,0.5560835719040654,0.858559863196715,2.451080055664058,4764.185109431256,50.7005963023511
2.6719999999999997,746.8621322347906,False,0.5287149158496999,0.8020099667508127,2.4097837019925246,4605.001337839641,48.56404356632022
2.6719999999999997,753.6532450764291,False,0.5055445406645682,0.7536603340548553,2.370428474146641,4455.816996924453,46.68679633436803
2.6719999999999997,760.4443579180678,False,0.4856942583690777,0.7118085107450186,2.3329592822546394,4316.064767092721,45.021936401355894
2.6719999999999997,767.2354707597065,False,0.46851526394537374,0.6751957243475359,2.2973001693100987,4185.131652911374,43.53352595378986
2.6719999999999997,774.026583601345,False,0.4535177431390108,0.6428708510051366,2.2633633423955377,4062.3953889324644,42.1935204273514
2.6719999999999997,780.8176964429838,False,0.44032491957970477,0.6141015915549565,2.2310554798075293,3947.247653093512,40.979678730913655
2.6719999999999997,787.6088092846223,False,0.4286421802011691,0.5883147781995455,2.200281988681277,3839.1079362553223,39.87411125955143
2.6719999999999997,794.399922126261,False,0.41823580388424025,0.5650552369696661,2.1709497880768835,3737.4310784621716,38.862247846377144
2.6719999999999997,801.1910349678997,False,0.4089179787501248,0.5439568034497059,2.142969056662296,3641.7106423707346,37.932089371096204
2.6719999999999997,807.9821478095383,False,0.40053603988076975,0.524721496289614,2.116254265336432,3551.4796293683876,37.07365534039818
2.6719999999999997,814.773260651177,False,0.3929646019492232,0.5071042875060903,2.0907247231309207,3466.3095591727397,36.27856960308774
2.6719999999999997,821.5643734928155,False,0.3860997167415766,0.4909017884082928,2.066304796986603,3385.8085935608738,35.53974519601974
2.6719999999999997,828.3554863344542,False,0.37985447217689755,0.4759437236729509,2.0429239173477622,3309.61915109736,34.85114148966989
2.6719999999999997,835.1465991760929,False,0.3741556340044308,0.46208642267960187,2.02051644704111,3237.415301140816,34.20757484208698
2.6719999999999997,841.9377120177315,False,0.3689410527196794,0.4492077917087253,1.9990214666635884,3168.9001188532566,33.60456938502702
2.6719999999999997,848.7288248593702,False,0.36415763956776154,0.4372033877611226,1.9783825127399535,3103.803111964338,33.03823827857255
2.6719999999999997,855.5199377010088,False,0.3597597709518339,0.42598332192090416,1.9585472930822603,3041.8777832085734,32.50518835736647
2.6719999999999997,862.3110505426475,False,0.35570801897437654,0.41546979442774434,1.939467395561819,2982.8993618107406,32.00244292101334
2.6719999999999997,869.1021633842861,False,0.35196813283683415,0.40559511581603774,1.9210980008092056,2926.6627177890223,31.527378732772455
2.6719999999999997,875.8932762259248,False,0.3485102150565089,0.3963001056664521,1.9033976054317454,2872.9804605508157,31.077674242904852
2.6719999999999997,882.6843890675634,False,0.3453080503333038,0.38753278734484486,1.886327759647309,2821.6812158140283,30.651266752484553
2.6719999999999997,889.475501909202,False,0.34233855502333943,0.3792473166857728,1.8698528214063692,2772.6080706433536,30.24631675287394
2.6719999999999997,896.2666147508407,False,0.33958132264451835,0.37140309702510144,1.853939727849198,2725.617174229174,29.861178065628856
2.6719999999999997,903.0577275924793,False,0.33701824640380434,0.36396404375331715,1.8385577841389218,2680.576481208584,29.494372702580755
2.6719999999999997,909.848840434118,False,0.33463320392140494,0.3568979696612383,1.82367846919542,2637.3646243328153,29.144569591166167
2.6719999999999997,916.6399532757566,False,0.33241179250309777,0.3501760684977513,1.8092752575397666,2595.869903791052,28.810566483622278
2.6719999999999997,923.4310661173952,False,0.3303411057420999,0.34377247886433293,1.7953234562801756,2555.9893812859546,28.49127450338093
2.6719999999999997,930.222178959034,False,0.3284095441059054,0.33766391420033215,1.7818000561860359,2517.628067884662,28.1857048873278
2.6719999999999997,937.0132918006725,False,0.32660665361931407,0.3318293474329761,1.7686835957748763,2480.698195647018,27.892957565523613
2.6719999999999997,943.8044046423112,False,0.3249229878937825,0.32624974107269344,1.7559540373435467,2445.118563967699,27.612211285709403
2.6719999999999997,950.5955174839498,False,0.3233499896499689,0.3209078152723146,1.743592653936812,2410.813952546374,27.3427150423193
2.6719999999999997,957.3866303255885,False,0.32187988859099814,0.3157878477462803,1.7315819262829433,2377.7145937013565,27.083780611759845
2.6719999999999997,964.1777431672272,False,0.3205056130503156,0.31087550054423335,1.7199054488031198,2345.755697566892,26.8347760296098
2.6719999999999997,970.9688560088657,False,0.3192207132920609,0.30615766955402557,1.7085478438653752,2314.8770244194143,26.59511987288162
2.6719999999999997,977.7599688505044,False,0.31801929470775603,0.3016223533190351,1.6974946835221048,2285.022499024439,26.364276232880556
2.6719999999999997,984.551081692143,False,0.3168959594494763,0.2972585383298715,1.6867324180359478,2256.13986247295,26.141750282533728
2.6719999999999997,991.3421945337817,False,0.31584575528089226,0.2930560984188446,1.6762483105613084,2228.1803574902087,25.927084357143233
2.6719999999999997,998.1333073754204,False,0.31486413062485896,0.28900570626867556,1.666030377407172,2201.098443656138,25.719854479977617
2.6719999999999997,1004.924420217059,False,0.31394689494822964,0.28509875536165175,1.6560673333610447,2174.851539380799,25.519667274448967
2.6719999999999997,1011.7155330586976,False,0.3130901837582557,0.28132729095517983,1.646348541603479,2149.399787835683,25.32615721323299
2.6719999999999997,1018.5066459003363,False,0.31229042759560055,0.277683948884835,1.6368639677880386,2124.705844357227,25.138984161882618
2.6719999999999997,1025.297758741975,False,0.31154432450108066,0.2741619011750314,1.6276041379030148,2100.734683118131,24.957831180527425
2.6719999999999997,1032.0888715836136,False,0.310848815510025,0.2707548075868244,1.618560099568322,2077.453421107225,24.782402552332247
2.6719999999999997,1038.8799844252521,False,0.3102010627925143,0.26745677235758486,1.6097233864550562,2054.8311576763385,24.61242201168638
2.6719999999999997,1045.6710972668907,False,0.30959843011183474,0.2642623054925571,1.6010859855455064,2032.8388281037119,24.44763114873534
2.6719999999999997,1052.4622101085295,False,0.30903846531909346,0.2611662880571182,1.5926403069791355,2011.4490697932843,24.28778796996353
2.6719999999999997,1059.2533229501682,False,0.3085188846404959,0.2581639409936988,1.5843791562543064,1990.6360998774865,24.13266559717508
2.6719999999999997,1066.0444357918068,False,0.3080375585465833,0.25525079705117204,1.5762957085783387,1970.3756031247501,23.98205108948183
2.6719999999999997,1072.8355486334453,False,0.3075924990205263,0.25242267546879077,1.5683834851779725,1950.6446291685759,23.83574437484031
2.6719999999999997,1079.6266614750841,False,0.3071818480664139,0.24967565910318743,1.5606363314005007,1931.4214981790828,23.693557279348884
2.6719999999999997,1086.4177743167227,False,0.3068038673187979,0.24700607372664257,1.553048396451975,1912.685714189682,23.55531264395035
2.6719999999999997,1093.2088871583614,False,0.3064569286322434,0.2444104692589443,1.545614114633302,1894.4178853726237,23.42084351942788
2.6719999999999997,1100.0,False,0.30613950554466324,0.24188560272451265,1.538328187948162,1876.5996506296074,23.289992431657666
2.691,420.8887158361356,False,,,,,
2.691,427.67982867777425,False,,,,,
2.691,434.47094151941286,False,,,,,
2.691,441.2620543610515,False,,,,,
2.691,448.0531672026902,False,,,,,
2.691,454.8442800443288,False,,,,,
2.691,461.63539288596746,False,,,,,
2.691,468.4265057276061,False,,,,,
2.691,475.21761856924473,False,,,,,
2.691,482.0087314108834,False,,,,,
2.691,488.799844252522,False,,,,,
2.691,495.5909570941607,False,,,,,
2.691,502.38206993579934,False,,,,,
2.691,509.17318277743794,False,,,,,
2.691,515.9642956190767,False,,,,,
2.691,522.7554084607152,False,,,,,
2.691,529.5465213023539,False,,,,,
2.691,536.3376341439925,False,,,,,
2.691,543.1287469856312,False,,,,,
2.691,549.9198598272699,False,,,,,
2.691,556.7109726689084,False,,,,,
2.691,563.5020855105471,False,,,,,
2.691,570.2931983521858,False,,,,,
2.691,577.0843111938244,False,,,,,
2.691,583.8754240354631,False,,,,,
2.691,590.6665368771016,False,,,,,
2.691,597.4576497187403,False,,,,,
2.691,604.248762560379,False,,,,,
2.691,611.0398754020176,False,,,,,
2.691,617.8309882436563,False,,,,,
2.691,624.6221010852948,False,,,,,
2.691,631.4132139269336,False,,,,,
2.691,638.2043267685722,False,,,,,
2.691,644.9954396102108,False,,,,,
2.691,651.7865524518495,False,,,,,
2.691,658.5776652934882,False,,,,,
2.691,665.3687781351268,False,43.3641076934503,83.47767247661507,inf,inf,604.0132518617274
2.691,672.1598909767654,False,3.697285097088301,6.963331359152575,inf,inf,169.40558605448913
2.691,678.951003818404,False,2.031818942892724,3.74553144794217,inf,inf,121.14777964046479
2.691,685.7421166600427,False,1.4445757045897758,2.6076833990639465,inf,inf,98.8823433709593
2.691,692.5332295016814,False,1.1443806313481324,2.023741995171947,inf,inf,85.43182481067137
2.691,699.32434234332,False,0.9620691215960698,1.6673917162248502,inf,inf,76.21288507150517
2.691,706.1154551849586,False,0.8396108018336031,1.4266775023704494,2.691956288135201,5746.582450166162,69.4071939502007
2.691,712.9065680265974,False,0.7517136318107187,1.2527945317011748,2.640362966216622,5528.418358586382,64.12986872504719
2.691,719.6976808682359,False,0.6855868333790198,1.1210540855723086,2.5907677411714345,5322.682936457761,59.891684587077755
2.691,726.4887937098746,False,0.63406440527255,1.0176194141119093,2.542934883167474,5127.953918432479,56.39727978963717
2.691,733.2799065515132,False,0.5928182554670005,0.9341298255560799,2.4969904732051016,4944.329506482459,53.45642720284313
2.691,740.0710193931518,False,0.5590791601886428,0.8652332137741447,2.453029430365213,4771.766155189914,50.94038185585403
2.691,746.8621322347906,False,0.5309924359701602,0.8073429280337827,2.411082990791004,4609.968455548626,48.75851589518254
2.691,753.6532450764291,False,0.507268890897833,0.7579642571957337,2.3711306428386973,4458.457193516852,46.84496158279138
2.691,760.4443579180678,False,0.48698436293058606,0.7153075680213173,2.333116242308432,4316.645550951545,45.150560559776395
2.691,767.2354707597065,False,0.4694589261050992,0.6780551513682577,2.2969612913156143,4183.8970346092665,43.637795449805026
2.691,774.026583601345,False,0.45418111208477374,0.6452149276523009,2.262574664972514,4059.564768450305,42.27748046303406
2.691,780.8176964429838,False,0.4407587146373029,0.6160254512455222,2.2298593742440596,3943.0164187463697,41.046532430028805
2.691,787.6088092846223,False,0.42888589496899343,0.5898923759321354,2.198717108348492,3833.648992240401,39.926428861770184
2.691,794.399922126261,False,0.4183206138407652,0.5663448542844848,2.1690511872115903,3730.8968075466514,38.90211615606601
2.691,801.1910349678997,False,0.40886879464053905,0.5450049320563871,2.1407684030130203,3634.235005841794,37.96122055856535
2.691,807.9821478095383,False,0.40037298507892977,0.5255656293724362,2.1137800984718793,3543.180232800269,37.09346749350357
2.691,814.773260651177,False,0.392704093257858,0.5077749596954022,2.0880027284161304,3457.2895919608877,36.290247268974355
2.691,821.5643734928155,False,0.385755267052909,0.49142408924848185,2.0633580771682802,3376.158598779928,35.54428550554162
2.691,828.3554863344542,False,0.37943729474564525,0.4763384358814125,2.0397732514071873,3299.418611152334,34.84938973269527
2.691,835.1465991760929,False,0.37367510304200263,0.46237088890225025,2.017180530889955,3226.7340412081758,34.20025221536048
2.691,841.9377120177315,False,0.36840505847359833,0.4493965820598495,1.9955171333355433,3157.799538974376,33.592294857549
2.691,848.7288248593702,False,0.36357286491974206,0.43730881931353077,1.9747249316094497,3092.3372628646594,33.02154598426749
2.691,855.5199377010088,False,0.35913190895433506,0.4260158668743585,1.9547501487453847,3030.094302370022,32.484541550269846
2.691,862.3110505426475,False,0.35504194545754203,0.41543840366286494,1.9355430476227002,2970.8402862046046,31.97824526232509
2.691,869.1021633842861,False,0.35126804449317717,0.40550747748739985,1.9170576261108692,2914.3651887112774,31.49998348789009
2.691,875.8932762259248,False,0.3477797407528769,0.39616285345872243,1.8992513243727267,2860.4773346327615,31.04739182731292
2.691,882.6843890675634,False,0.3445503414802512,0.3873516693856883,1.8820847482119505,2809.0015947711277,30.618370962867903
2.691,889.475501909202,False,0.3415563594300725,0.3790273334596024,1.8655214104568365,2759.777760821877,30.211049943542342
2.691,896.2666147508407,False,0.3387770452529845,0.37114861467762095,1.8495274911131836,2712.6590855963022,29.823755473035263
2.691,903.0577275924793,False,0.3361939995244146,0.36367888772136964,1.8340716161976278,2667.510974142562,29.454986077262593
2.691,909.848840434118,False,0.3337908490129436,0.3565855024685415,1.819124654645042,2624.2098114230985,29.103390263209263
2.691,916.6399532757566,False,0.3315529750994618,0.3498392547278094,1.8046595323714871,2582.6419128477173,28.76774796213316
2.691,923.4310661173952,False,0.32946728479209525,0.3434139396880331,1.7906510624058762,2542.7025848846956,28.446954690557796
2.691,930.222178959034,False,0.32752201673305437,0.33728597334761945,1.7770757899261,2504.2952840110793,28.14000797215484
2.691,937.0132918006725,False,0.32570657610747616,0.3314340701194903,1.7639118510275429,2467.330863356891,27.845995649860612
2.691,943.8044046423112,False,0.3240113935471201,0.32583896709656285,1.7511388440668045,2431.7268974199574,27.564085785831274
2.691,950.5955174839498,False,0.32242780405220056,0.32048318726401154,1.7387377124963763,2397.407076289098,27.293517901219886
2.691,957.3866303255885,False,0.32094794269099386,0.31535083537065095,1.7266906381511817,2364.300661683201,27.033595351320347
2.691,964.1777431672272,False,0.319564654423277,0.310427421307729,1.7149809440339947,2332.341997999388,26.783678666729347
2.691,970.9688560088657,False,0.3182714158631992,0.30569970675327285,1.703593005717655,2301.4700723182514,26.54317971960889
2.691,977.7599688505044,False,0.31706226717526503,0.30115557157292805,1.692512170557197,2271.6281180046863,26.311556597281587
2.691,984.551081692143,False,0.3159317526030806,0.29678389706146335,1.6817246839766524,2242.7632571569548,26.088309084328976
2.691,991.3421945337817,False,0.3148748683793432,0.292574463591695,1.6712176221627697,2214.8261777018743,25.87297466992577
2.691,998.1333073754204,False,0.31388701696888077,0.288517860632039,1.6609788305608284,2187.7708414170797,25.665125009990543
2.691,1004.924420217059,False,0.3129639667634157,0.2846054074177404,1.650996867625727,2161.5542195882003,25.464362784381883
2.691,1011.7155330586976,False,0.312101816484292,0.2808290828278667,1.6412609533346756,2136.136053385591,25.270318898233093
2.691,1018.5066459003363,False,0.3112969636632352,0.2771814632412151,1.63176092201599,2111.478636376896,25.082649983921517
2.691,1025.297758741975,False,0.3105460766658293,0.2736556673280688,1.6224871790927213,2087.5466168854314,24.90103616637956
2.691,1032.0888715836136,False,0.30984606980127666,0.2702453068880409,1.6134306613789036,2064.3068181607114,24.72517905967826
2.691,1038.8799844252521,False,0.3091940811280682,0.26694444297264547,1.6045828006025786,2041.7280745562766,24.554799967226998
2.691,1045.6710972668907,False,0.30858745262065335,0.263747546639114,1.5959354898613487,2019.7810821087794,24.38963826167038
2.691,1052.4622101085295,False,0.3080237124089683,0.26064946377293713,1.5874810527455654,1998.4382620899405,24.22944992373965
2.691,1059.2533229501682,False,0.3075005588422082,0.257645383493552,1.5792122148900094,1977.6736362581778,24.074006222023442
2.691,1066.0444357918068,False,0.30701584616176125,0.2547308097228672,1.5711220777383315,1957.462712674525,23.923092517936972
2.691,1072.8355486334453,False,0.30656757159674997,0.25190153555188416,1.5632040943254402,1937.782381068921,23.776507182153402
2.691,1079.6266614750841,False,0.3061538637199489,0.2491536200880677,1.5554520469018382,1918.6108168505568,23.634060610465497
2.691,1086.4177743167227,False,0.30577297192268366,0.24648336750672148,1.5478600262407858,1899.9273929511603,23.495574328517268
2.691,1093.2088871583614,False,0.30542325688515715,0.2438873080644244,1.5404224124842822,1881.7125987743646,23.360880176113593
2.691,1100.0,False,0.3051031819340228,0.24136218086256522,1.5331338573974824,1863.9479655992054,23.22981956291722
2.71,420.8887158361356,False,,,,,
2.71,427.67982867777425,False,,,,,
2.71,434.47094151941286,False,,,,,
2.71,441.2620543610515,False,,,,,
2.71,448.0531672026902,False,,,,,
2.71,454.8442800443288,False,,,,,
2.71,461.63539288596746,False,,,,,
2.71,468.4265057276061,False,,,,,
2.71,475.21761856924473,False,,,,,
2.71,482.0087314108834,False,,,,,
2.71,488.799844252522,False,,,,,
2.71,495.5909570941607,False,,,,,
2.71,502.38206993579934,False,,,,,
2.71,509.17318277743794,False,,,,,
2.71,515.9642956190767,False,,,,,
2.71,522.7554084607152,False,,,,,
2.71,529.5465213023539,False,,,,,
2.71,536.3376341439925,False,,,,,
2.71,543.1287469856312,False,,,,,
2.71,549.9198598272699,False,,,,,
2.71,556.7109726689084,False,,,,,
2.71,563.5020855105471,False,,,,,
2.71,570.2931983521858,False,,,,,
2.71,577.0843111938244,False,,,,,
2.71,583.8754240354631,False,,,,,
2.71,590.6665368771016,False,,,,,
2.71,597.4576497187403,False,,,,,
2.71,604.248762560379,False,,,,,
2.71,611.0398754020176,False,,,,,
2.71,617.8309882436563,False,,,,,
2.71,624.6221010852948,False,,,,,
2.71,631.4132139269336,False,,,,,
2.71,638.2043267685722,False,,,,,
2.71,644.9954396102108,False,,,,,
2.71,651.7865524518495,False,,,,,
2.71,658.5776652934882,False,,,,,
2.71,665.3687781351268,False,,,,,
2.71,672.1598909767654,False,4.349074876033266,8.214446173220272,inf,inf,184.9045864833601
2.71,678.951003818404,False,2.1885598947038933,4.045832647206989,inf,inf,126.42872384362164
2.71,685.7421166600427,False,1.5117611800897308,2.736488425548287,inf,inf,101.64553703329618
2.71,692.5332295016814,False,1.180737336370048,2.0936769130154413,inf,inf,87.14993331533302
2.71,699.32434234332,False,0.9843707592707874,1.7105611277838848,inf,inf,77.38524755803903
2.71,706.1154551849586,False,0.8543875784522421,1.4555561367077767,2.6981135213866643,5772.900495528944,70.25455783881056
2.71,712.9065680265974,False,0.7620169780722491,1.2732006923480585,2.645547458078628,5550.150355338434,64.76641523163235
2.71,719.6976808682359,False,0.6930269712131002,1.1360524630285709,2.595124736454992,5340.600717821171,60.38299129605002
2.71,726.4887937098746,False,0.6395684527535974,1.0289714208565448,2.546495670514314,5142.324980524793,56.78394444736207
2.71,733.2799065515132,False,0.5969562886335938,0.942916644148312,2.4997916432822564,4955.429009308126,53.76504450255822
2.71,740.0710193931518,False,0.5622202007101822,0.8721535131124586,2.455117489897718,4779.893226419571,51.189159915847675
2.71,746.8621322347906,False,0.53338543573298,0.812867251087298,2.4125101426844244,4615.427473235426,48.96037114532259
2.71,753.6532450764291,False,0.5090876000346332,0.7624204593268634,2.371950845570623,4461.542195394496,47.009327607237104
2.71,760.4443579180678,False,0.48835354007901655,0.7189306709041957,2.3333825287313203,4317.630953802806,45.28449725040952
2.71,767.2354707597065,False,0.47047033875870803,0.6810177431981126,2.2967241566224312,4183.03320122252,43.74669678465395
2.71,774.026583601345,False,0.4549036745638772,0.6476464039744196,2.2618812066970704,4057.0767114417004,42.365541627111625
2.71,780.8176964429838,False,0.44124511972186087,0.6180245875600398,2.228752923933182,3939.1043609728877,41.11706712658912
2.71,787.6088092846223,False,0.4291770734487067,0.5915357733619891,2.197237169501839,3828.489932322587,39.98209031147242
2.71,794.399922126261,False,0.4184488068255102,0.5676927519294027,2.167233554742301,3724.6465559515177,38.94505441811589
2.71,801.1910349678997,False,0.40885971583391645,0.5461052934517311,2.1386453829427046,3627.0303702975757,37.99319670256862
2.71,807.9821478095383,False,0.40024737174168745,0.5264570706356339,2.111380776194857,3535.1411690814375,37.11593788984541
2.71,814.773260651177,False,0.39247883775834147,0.5084888836750807,2.085353253534213,3448.5212218552583,36.30442678093775
2.71,821.5643734928155,False,0.38544425515505626,0.49198626498297043,2.060481945731833,3366.7530492808955,35.55119552347985
2.71,828.3554863344542,False,0.37905203530334347,0.47677018385720193,2.036691574656494,3289.4566598056763,34.849895145940344
2.71,835.1465991760929,False,0.3732252070033511,0.46268998178423343,2.0139122848264264,3216.2865700776083,34.19509019527068
2.71,841.9377120177315,False,0.3678986074751714,0.44961793712704995,1.9920793867115956,3146.9288090119244,33.58209749969848
2.71,848.7288248593702,False,0.3630166979305204,0.4374450364219309,1.9711330519026116,3081.0980248333904,33.00685829066884
2.71,855.5199377010088,False,0.35853184736603916,0.42607765049114865,1.9510179868353794,3018.534761913135,32.46583583668794
2.71,862.3110505426475,False,0.3544029714324001,0.41543489694007946,1.93168310251829,2959.002940447588,31.955932795427287
2.71,869.1021633842861,False,0.35059444345498025,0.40544652891574656,1.913081191373014,2902.287550702287,31.4744239558037
2.71,875.8932762259248,False,0.34707521611244885,0.3960512313577413,1.895168617978144,2848.1925604346548,31.01890110100532
2.71,882.6843890675634,False,0.343818107672026,0.3871952356797759,1.8779050275784848,2796.539026391604,30.587227498351275
2.71,889.475501909202,False,0.3407992178680215,0.37883118541634775,1.8612530742619493,2747.1633965622236,30.177500095131546
2.71,896.2666147508407,False,0.33799744673224535,0.37091720124315725,1.8451781694114082,2699.9159878933847,29.78801792804872
2.71,903.0577275924793,False,0.33539409579000123,0.3634161055692756,1.829648250204024,2654.6596236156124,29.417255577256515
2.71,909.848840434118,False,0.33297253561240847,0.3562947757394667,1.8146335674102374,2611.26841462375,29.06384074224459
2.71,916.6399532757566,False,0.3307179271784566,0.34952360157446516,1.8001064914386151,2569.6266701513746,28.726535205944757
2.71,923.4310661173952,False,0.3286169871420586,0.3430760280818859,1.7860413354131959,2529.6279240399804,28.40421859983969
2.71,930.222178959034,False,0.3266577891311115,0.33692816809731146,1.7724141940073084,2491.174064080361,28.0958744970361
2.71,937.0132918006725,False,0.32482959477998463,0.33105847265874483,1.759202796746757,2454.174553067905,27.800578449951125
2.71,943.8044046423112,False,0.32312270942544447,0.32544744929336183,1.7463863745535122,2418.545731424631,27.517487660166626
2.71,950.5955174839498,False,0.3215283583613596,0.32007742026259406,1.7339455383435458,2384.2101922704182,27.24583202442973
2.71,957.3866303255885,False,0.3200385803106965,0.31493231428811136,1.7218621685809115,2351.0962208638352,26.984906345932675
2.71,964.1777431672272,False,0.31864613538043646,0.30999748645617625,1.710119314768013,2319.1372912326565,26.734063536356842
2.71,970.9688560088657,False,0.3173444252507477,0.3052595619380379,1.6987011039361242,2288.271613637322,26.49270866358335
2.71,977.7599688505044,False,0.3161274237404098,0.300706299920513,1.6875926572814075,2258.44172724366,26.260293723899196
2.71,984.551081692143,False,0.31498961620640575,0.296326474752789,1.6767800141697269,2229.5941330345695,26.036313037088018
2.71,991.3421945337817,False,0.3139259464922705,0.2921097718128081,1.6662500628060999,2201.6789625674523,25.820299178853517
2.71,998.1333073754204,False,0.3129317703493931,0.2880466960028028,1.6559904769326999,2174.6496786961916,25.611819378273502
2.71,1004.924420217059,False,0.31200281442731304,0.2841284911167418,1.645989657980822,2148.462804825369,25.410472318953296
2.71,1011.7155330586976,False,0.3111351400706326,0.28034706859701586,1.6362366821594323,2123.077679662552,25.215885291674127
2.71,1018.5066459003363,False,0.3103251112772675,0.2766949444248484,1.6267212520139054,2098.4562347824444,25.027711653951762
2.71,1025.297758741975,False,0.30956936626996484,0.27316518307759113,1.6174336520352894,2074.562792624385,24.84562855830503
2.71,1032.0888715836136,False,0.3088647922140648,0.2697513476433936,1.6083647079422474,2051.3638828145004,24.669334916403887
2.71,1038.8799844252521,False,0.3082085026822832,0.2664474553153975,1.5995057492957092,2028.8280749418507,24.49854957079838
2.71,1045.6710972668907,False,0.30759781752419163,0.2632479375981713,1.5908485751399437,2006.925826126503,24.333009649766314
2.71,1052.4622101085295,False,0.30703024484602276,0.2601476046522675,1.5823854223944482,1985.6293419023416,24.172469084076063
2.71,1059.2533229501682,False,0.30650346484692353,0.25714161328154206,1.5741089367481935,1964.9124490993524,24.016697267236523
2.71,1066.0444357918068,False,0.30601531529214576,0.2542254381346829,1.5660121458321983,1944.7504795532107,23.86547784317962
2.71,1072.8355486334453,False,0.30556377843282906,0.2513948457491809,1.558088434468506,1925.1201635968102,23.718607607350975
2.71,1079.6266614750841,False,0.30514696920695833,0.24864587111446293,1.5503315218131437,1905.9995323996186,23.575895508932806
2.71,1086.4177743167227,False,0.30476312457734855,0.24597479647234918,1.5427354402282976,1887.367828319593,23.437161743425687
2.71,1093.2088871583614,False,0.3044105938807748,0.24337813210856332,1.5352945157348408,1869.2054225200445,23.30223692611572
2.71,1100.0,False,0.30408783007804985,0.24085259891960484,1.5280033499103618,1851.4937391809149,23.170961338078186
2.729,420.8887158361356,False,,,,,
2.729,427.67982867777425,False,,,,,
2.729,434.47094151941286,False,,,,,
2.729,441.2620543610515,False,,,,,
2.729,448.0531672026902,False,,,,,
2.729,454.8442800443288,False,,,,,
2.729,461.63539288596746,False,,,,,
2.729,468.4265057276061,False,,,,,
2.729,475.21761856924473,False,,,,,
2.729,482.0087314108834,False,,,,,
2.729,488.799844252522,False,,,,,
2.729,495.5909570941607,False,,,,,
2.729,502.38206993579934,False,,,,,
2.729,509.17318277743794,False,,,,,
2.729,515.9642956190767,False,,,,,
2.729,522.7554084607152,False,,,,,
2.729,529.5465213023539,False,,,,,
2.729,536.3376341439925,False,,,,,
2.729,543.1287469856312,False,,,,,
2.729,549.9198598272699,False,,,,,
2.729,556.7109726689084,False,,,,,
2.729,563.5020855105471,False,,,,,
2.729,570.2931983521858,False,,,,,
2.729,577.0843111938244,False,,,,,
2.729,583.8754240354631,False,,,,,
2.729,590.6665368771016,False,,,,,
2.729,597.4576497187403,False,,,,,
2.729,604.248762560379,False,,,,,
2.729,611.0398754020176,False,,,,,
2.729,617.8309882436563,False,,,,,
2.729,624.6221010852948,False,,,,,
2.729,631.4132139269336,False,,,,,
2.729,638.2043267685722,False,,,,,
2.729,644.9954396102108,False,,,,,
2.729,651.7865524518495,False,,,,,
2.729,658.5776652934882,False,,,,,
2.729,665.3687781351268,False,,,,,
2.729,672.1598909767654,False,5.309468539910114,10.057199648891068,inf,inf,205.64310014359484
2.729,678.951003818404,False,2.37652435807172,4.4056510964116296,inf,inf,132.49231310951734
2.729,685.7421166600427,False,1.5874301571849905,2.8813646727682096,inf,inf,104.67426004096528
2.729,692.5332295016814,False,1.2204786637093346,2.169979218106159,inf,inf,88.99197975713324
2.729,699.32434234332,False,1.008336249476777,1.7568354646942754,inf,inf,78.62638385823118
2.729,706.1154551849586,False,0.8700988477540055,1.4861619776843669,2.704518705874402,5800.342174737594,71.14452534265646
2.729,712.9065680265974,False,0.7728968225091262,1.2946602472147524,2.6509177912764326,5572.706298640202,65.43147372797961
2.729,719.6976808682359,False,0.7008488544388284,1.1517389364217758,2.5996560923275545,5359.267481755273,60.89451913868614
2.729,726.4887937098746,False,0.6453398898179852,1.0407977310403118,2.550220056341118,5157.377829747316,57.185621365442536
2.729,733.2799065515132,False,0.6012904754079429,0.9520450003847629,2.5027447843138844,4967.144165487106,54.08523136030671
2.729,740.0710193931518,False,0.5655108748862755,0.8793288979177917,2.457345830217734,4788.5739209585945,51.447138334745844
2.729,746.8621322347906,False,0.5358964926680413,0.8185881315754842,2.414066498523469,4621.384392872621,49.169741561080485
2.729,753.6532450764291,False,0.5110022296516278,0.7670322826626405,2.3728901618770464,4465.076525916586,47.17997662136663
2.729,760.4443579180678,False,0.48980268705107455,0.7226799562664322,2.3337589744997818,4319.024197295375,45.423794644502784
2.729,767.2354707597065,False,0.47154995290233,0.6840848319298608,2.2965893757649476,4182.542261762226,43.86025441557803
2.729,774.026583601345,False,0.45568557491603484,0.650166062710586,2.2612833824975125,4054.932391831558,42.45771152570518
2.729,780.8176964429838,False,0.4417840643049329,0.6200994012265483,2.22773637427534,3935.5118748305576,41.19127824838809
2.729,787.6088092846223,False,0.4295154920470016,0.5932451014564581,2.195842271715959,3823.630505161201,40.04108210823615
2.729,794.399922126261,False,0.4186200486680314,0.569098867980405,2.1654968651621416,3718.679535834562,38.991042507224435
2.729,801.1910349678997,False,0.40889032733277675,0.5472576864291819,2.1365998636128256,3620.095501391518,38.027992712564476
2.729,807.9821478095383,False,0.40015872521760953,0.5273955175846017,2.1090560733164057,3527.3608305375046,37.14103768723014
2.729,814.773260651177,False,0.3922883164338289,0.509245682977689,2.0827759934894865,3440.002527167204,36.321076444293546
2.729,821.5643734928155,False,0.38516612884843704,0.4925878850589441,2.0576760283345608,3357.589757427544,35.56044137674301
2.729,828.3554863344542,False,0.3786981167415229,0.4772384976042681,2.033678452116231,3279.730882503787,34.85262218860872
2.729,835.1465991760929,False,0.3728053500555512,0.4630432027730232,2.010711220493202,3206.0702780894317,34.19205196391308
2.729,841.9377120177315,False,0.3674210898315867,0.44987133796555706,1.9887076911198565,3136.2851502599515,33.573939517739895
2.729,848.7288248593702,False,0.3624885181936598,0.43761150591723913,1.9676062957159335,3070.082471599858,32.994136662357256
2.729,855.5199377010088,False,0.35795895798165134,0.4261681300667638,1.9473501914977036,3007.1961058356515,32.44903212272291
2.729,862.3110505426475,False,0.3537904629853283,0.41545872560208247,1.9278869100673304,2947.38415372534,31.935466012142506
2.729,869.1021633842861,False,0.34994669171811005,0.4054117182390872,1.90916801517488,2890.426530720657,31.450660328146427
2.729,875.8932762259248,False,0.34639600029750717,0.39596468641041016,1.891148776234492,2836.122773394402,30.99216204609648
2.729,882.6843890675634,False,0.34311070621672596,0.3870629338105885,1.87378786142547,2784.2900637799416,30.557796203859127
2.729,889.475501909202,False,0.3400664865556381,0.37865832192927945,1.8570470521784745,2734.7614565865483,30.1456269732463
2.729,896.2666147508407,False,0.33724188280829287,0.37070830884770534,1.840890979517878,2687.3842923997495,29.753925163360282
2.729,903.0577275924793,False,0.33461789090021676,0.3631751529125239,1.8252868818828,2642.0187795694787,29.38114093960646
2.729,909.848840434118,False,0.33217761975607163,0.35602524913874667,1.8102043835280033,2598.536727951205,29.02588079961226
2.729,916.6399532757566,False,0.3299060053943799,0.34922857317235245,1.7956152923079298,2556.820418625926,28.68688804474221
2.729,923.4310661173952,False,0.32778957028100697,0.3427582129614424,1.781493415495385,2516.7615949297688,28.363026138541766
2.729,930.222178959034,False,0.325816219788976,0.3365899723702259,1.767814392238925,2478.2605614447475,28.053264462336212
2.729,937.0132918006725,False,0.32397506924964187,0.3307020341325443,1.7545555412623413,2441.225378879901,27.756666071482034
2.729,943.8044046423112,False,0.3222562963565575,0.3250746720071817,1.741695722481149,2405.5711440902505,27.47237712942758
2.729,950.5955174839498,False,0.3206510146849671,0.3196900039325865,1.72921521126464,2371.219345599804,27.199617755286063
2.729,957.3866303255885,False,0.31915116488089,0.3145317795075403,1.717095584170838,2338.097286109299,26.937674067432035
2.729,964.1777431672272,False,0.3177494207023994,0.30958519633964543,1.7053196150693237,2306.1375644358313,26.685891243278956
2.729,970.9688560088657,False,0.31643910759807453,0.3048367407750506,1.6938711806588054,2275.277610208976,26.4436674458283
2.729,977.7599688505044,False,0.3152141319113582,0.30027404930385704,1.6827351744754806,2245.459265430138,26.21044849231548
2.729,984.551081692143,False,0.31406891912573814,0.295885787566815,1.6718974285719592,2216.6284076933043,25.985723160479075
2.729,991.3421945337817,False,0.31299835983046925,0.2916615444014747,1.6613446421256404,2188.7346104790136,25.769019044553083
2.729,998.1333073754204,False,0.311997762302608,0.28759173878426336,1.6510643163073013,2161.7308364712544,25.559898886743674
2.729,1004.924420217059,False,0.31106281077815345,0.28366753786783117,1.6410446948074107,2135.573160322921,25.357957321258205
2.729,1011.7155330586976,False,0.3101895286307919,0.2798807845953151,1.6312747094779056,2110.2205177125743,25.162817977350713
2.729,1018.5066459003363,False,0.3093742457972003,0.27622393360659386,1.6217439306014703,2085.634477901034,24.974130895689765
2.729,1025.297758741975,False,0.308613569887768,0.2726899943453345,1.6124425213501685,2061.7790373198113,24.791570218919453
2.729,1032.0888715836136,False,0.3079043605048433,0.2692724804370725,1.6033611960390197,2038.6204320045892,24.614832122802436
2.729,1038.8799844252521,False,0.3072437063602204,0.265965364543603,1.5944911818203618,2016.1269669366254,24.443632958989824
2.729,1045.6710972668907,False,0.3066289048419408,0.2627630380122563,1.585824183500301,1994.2688605726466,24.277707584398726
2.729,1052.4622101085295,False,0.3060574437296648,0.25966027473408865,1.5773523511905732,1973.0181030359718,24.11680785552328
2.729,1059.2533229501682,False,0.305526984799361,0.25665219870563194,1.5690682505379019,1952.3483266109492,23.96070126885019
2.729,1066.0444357918068,False,0.30503534909324526,0.25373425485719847,1.5609648352984031,1932.2346873312258,23.809169730981264
2.729,1072.8355486334453,False,0.3045805036607832,0.25090218276882825,1.5530354220476843,1912.6537565840651,23.66200844414699
2.729,1079.6266614750841,False,0.30416054960205474,0.24815199294451426,1.5452736668377514,1893.5834217685783,23.519024894583513
2.729,1086.4177743167227,False,0.3037737112665375,0.24547994535768386,1.537673543630273,1875.0027951482507,23.380037932784003
2.729,1093.2088871583614,False,0.3034183264790439,0.24288253001724272,1.5302293243522211,1856.8921301286389,23.24487693596519
2.729,1100.0,False,0.3030928376805602,0.24035644933469336,1.5229355604346049,1839.2327442711717,23.113381044238935
2.748,420.8887158361356,False,,,,,
2.748,427.67982867777425,False,,,,,
2.748,434.47094151941286,False,,,,,
2.748,441.2620543610515,False,,,,,
2.748,448.0531672026902,False,,,,,
2.748,454.8442800443288,False,,,,,
2.748,461.63539288596746,False,,,,,
2.748,468.4265057276061,False,,,,,
2.748,475.21761856924473,False,,,,,
2.748,482.0087314108834,False,,,,,
2.748,488.799844252522,False,,,,,
2.748,495.5909570941607,False,,,,,
2.748,502.38206993579934,False,,,,,
2.748,509.17318277743794,False,,,,,
2.748,515.9642956190767,False,,,,,
2.748,522.7554084607152,False,,,,,
2.748,529.5465213023539,False,,,,,
2.748,536.3376341439925,False,,,,,
2.748,543.1287469856312,False,,,,,
2.748,549.9198598272699,False,,,,,
2.748,556.7109726689084,False,,,,,
2.748,563.5020855105471,False,,,,,
2.748,570.2931983521858,False,,,,,
2.748,577.0843111938244,False,,,,,
2.748,583.8754240354631,False,,,,,
2.748,590.6665368771016,False,,,,,
2.748,597.4576497187403,False,,,,,
2.748,604.248762560379,False,,,,,
2.748,611.0398754020176,False,,,,,
2.748,617.8309882436563,False,,,,,
2.748,624.6221010852948,False,,,,,
2.748,631.4132139269336,False,,,,,
2.748,638.2043267685722,False,,,,,
2.748,644.9954396102108,False,,,,,
2.748,651.7865524518495,False,,,,,
2.748,658.5776652934882,False,,,,,
2.748,665.3687781351268,False,,,,,
2.748,672.1598909767654,False,6.8649724950361515,13.040877455213367,inf,inf,235.41129575975813
2.748,678.951003818404,False,2.6059706156288294,4.8445456816070305,inf,inf,139.54651366533363
2.748,685.7421166600427,False,1.6732528672804097,3.0454796106951947,inf,inf,108.01111845467538
2.748,692.5332295016814,False,1.2640740529151033,2.2535346903444986,inf,inf,90.9720065141782
2.748,699.32434234332,False,1.0341411332408632,1.8065444928408039,inf,inf,79.94222172438349
2.748,706.1154551849586,False,0.8868228087810406,1.5186414328363123,2.7112033503514237,5829.050530327248,72.08000524177778
2.748,712.9065680265974,False,0.7843923211506896,1.317246378940312,2.6564764708861315,5596.1014914444,66.12662073859735
2.748,719.6976808682359,False,0.7090737581774835,1.1681532986014664,2.6043636872933456,5378.6947467175705,61.42718302314614
2.748,726.4887937098746,False,0.6513909638384727,1.0531213535441155,2.554109964952628,5173.123160184968,57.60286715427576
2.748,733.2799065515132,False,0.6058281515813764,0.9615288124936461,2.505851733407034,4979.4844115565365,54.41733706712336
2.748,740.0710193931518,False,0.5689556837821913,0.8867680637694159,2.4597160857194047,4797.816102082932,51.714540015982145
2.748,746.8621322347906,False,0.5385283917155249,0.8245111183708036,2.4157534374969045,4627.8454554416685,49.38676968214262
2.748,753.6532450764291,False,0.5130144840673388,0.7718033045749012,2.37394970606532,4469.064912898423,47.356998266546114
2.748,760.4443579180678,False,0.49133280499053733,0.7265577254862182,2.3342464425923475,4320.828673587399,45.56850654595689
2.748,767.2354707597065,False,0.47269829926283635,0.6872578703027223,2.2965575844788373,4182.426466157853,43.978497271681874
2.748,774.026583601345,False,0.4565270216728811,0.6527747791164352,2.260781628207883,4053.1331003213454,42.55400146421276
2.748,780.8176964429838,False,0.442375531771386,0.6222503669037172,2.226809987975859,3932.2394532952744,41.269164394748984
2.748,787.6088092846223,False,0.4299009741032679,0.59502055249024,2.19453252898047,3819.070543089157,40.103393553971685
2.748,794.399922126261,False,0.41883404727203255,0.570563193021116,2.163841105138179,3712.9950325936193,39.040062836332154
2.748,801.1910349678997,False,0.4089602527529957,0.5484619560005218,2.1346317226763474,3613.429230631111,38.065585843329835
2.748,807.9821478095383,False,0.40010660694830125,0.5283807093378515,2.106805773921268,3519.8376703484873,37.16874024496989
2.748,814.773260651177,False,0.3921320444855274,0.5100450192961457,2.080270651720717,3431.73164390561,36.34016665654172
2.748,821.5643734928155,False,0.3849203687274648,0.49322855443459607,2.0549399585330277,3348.6665915326357,35.571991199719236
2.748,828.3554863344542,False,0.3783749936422006,0.47774294055823935,2.030733456413068,3270.238919961193,34.85753726051639
2.748,835.1465991760929,False,0.3724149671841998,0.4634300850796359,2.007576857036978,3196.082610973417,34.19110259023515
2.748,841.9377120177315,False,0.36697192576647236,0.45015629602746593,1.9854015184405505,3125.8658401216503,33.567784960791585
2.748,848.7288248593702,False,0.36198773484360675,0.4378077238850532,1.9641440928633056,3059.287734162953,32.983344370135526
2.748,855.5199377010088,False,0.3574126416567765,0.42628679117890894,1.9437461548515231,2996.075336885577,32.43409308969233
2.748,862.3110505426475,False,0.3532038148568973,0.4155093684316308,1.9241538283887794,2935.980815682321,31.91680715285368
2.748,869.1021633842861,False,0.349324179582845,0.4054025202948385,1.9053174247759823,2878.7789180490845,31.428654521860043
2.748,875.8932762259248,False,0.34574148046981235,0.39590269170262427,1.8871910982289932,2824.2646732417315,30.967136349451764
2.748,882.6843890675634,False,0.34242752215280436,0.38695423680454577,1.869732522982399,2772.251326360511,30.530038610666214
2.748,889.475501909202,False,0.33935754920158395,0.37850821727090755,1.8529025935858197,2722.5684879937053,30.11539201318817
2.748,896.2666147508407,False,0.3365097364809321,0.37052141401598093,1.8366651487156516,2675.060480832212,29.721438566135188
2.748,903.0577275924793,False,0.33386476763183676,0.3629555093008936,1.8209867179634462,2629.584864429457,29.346603541792312
2.748,909.848840434118,False,0.3314054843772021,0.35577640583153686,1.8058362905411685,2586.0111199232965,28.989471834042273
2.748,916.6399532757566,False,0.3291165931324811,0.34895365674885703,1.7911851045539553,2544.219477672851,28.64876792339407
2.748,923.4310661173952,False,0.3269844182749654,0.34245998595004556,1.7770064553537332,2504.099872136903,28.323338817673825
2.748,930.222178959034,False,0.3249966936291217,0.33627088242991643,1.7632755214382523,2465.551009743969,28.012139461245557
2.748,937.0132918006725,False,0.32314238542861756,0.33036425561799504,1.7499692064053682,2428.4795370005404,27.71422020263798
2.748,943.8044046423112,False,0.32141154134159433,0.32472014124572945,1.737065995515344,2392.799297393708,27.428715986972467
2.748,950.5955174839498,False,0.31979516118512896,0.31932044928461645,1.724545825513444,2358.4306669535854,27.154837000342923
2.748,957.3866303255885,False,0.3182850857747639,0.3141487470792818,1.7123899664581677,2325.2999594884436,26.8918605418199
2.748,964.1777431672272,False,0.31687390100595597,0.30919007205680593,1.7005809144026318,2293.338893553844,26.639123937740266
2.748,970.9688560088657,False,0.3155548547839387,0.30443076939758695,1.6891022938769373,2262.4841141518164,26.396018344426967
2.748,977.7599688505044,False,0.31432178483585077,0.2998583508595127,1.6779387692161194,2232.6767629872425,26.16198331105805
2.748,984.551081692143,False,0.31316905577571635,0.2954613715982221,1.667075963868861,2203.862091842168,25.93650199526303
2.748,991.3421945337817,False,0.31209150406612524,0.29122932235459237,1.656500386906921,2175.989114277083,25.71909694113276
2.748,998.1333073754204,False,0.31108438974313046,0.287152534811331,1.6461993660325094,2149.01029143684,25.509326343413854
2.748,1004.924420217059,False,0.31014335395326675,0.2832220982734289,1.6361609864518392,2122.8812482395806,25.306780733311292
2.748,1011.7155330586976,False,0.3092643815015551,0.27942978611751174,1.6263740350470146,2097.560516665205,25.11108003099808
2.748,1018.5066459003363,False,0.3084437677332415,0.27576799069497393,1.6168279493364197,2073.0093032448926,24.921870917998934
2.748,1025.297758741975,False,0.30767808917473366,0.27222966557273337,1.6075127707659689,2049.191278190723,24.73882448936691
2.748,1032.0888715836136,False,0.3069641774446998,0.2688082741611119,1.598419101920134,2026.0723838996498,24.56163415124341
2.748,1038.8799844252521,False,0.3062990960177449,0.26549774391681996,1.5895380672839527,2003.6206608265018,24.390013734172033
2.748,1045.6710972668907,False,0.3056801194829721,0.26229242542517267,1.5808612772244446,1981.8060889476462,24.223695796579452
2.748,1052.4622101085295,False,0.3051047149901465,0.2591870557634224,1.5723807948937105,1960.600443237721,24.062430096266382
2.748,1059.2533229501682,False,0.30457052561870646,0.25617672562963495,1.564089105785784,1939.9771617571469,23.905982210669613
2.748,1066.0444357918068,False,0.3040753554409135,0.25325684979148266,1.5559790897064787,1919.9112251037336,23.754132289148767
2.748,1072.8355486334453,False,0.303617156081005,0.2504231404687256,1.5480439949390414,1900.3790461169665,23.60667392268225
2.748,1079.6266614750841,False,0.3031940145983059,0.24767158331381253,1.5402774144103275,1881.3583688448612,23.46341311818915
2.748,1086.4177743167227,False,0.30280414254450055,0.24499841569828879,1.5326732636810878,1862.8281758886044,23.324167366267474
2.748,1093.2088871583614,False,0.30244586606435303,0.24240010704979745,1.52522576060123,1844.7686033342009,23.188764792499672
2.748,1100.0,False,0.30211761692555056,0.23987334101632599,1.5179294064863815,1827.1608625635133,23.05704338365192
2.767,420.8887158361356,False,,,,,
2.767,427.67982867777425,False,,,,,
2.767,434.47094151941286,False,,,,,
2.767,441.2620543610515,False,,,,,
2.767,448.0531672026902,False,,,,,
2.767,454.8442800443288,False,,,,,
2.767,461.63539288596746,False,,,,,
2.767,468.4265057276061,False,,,,,
2.767,475.21761856924473,False,,,,,
2.767,482.0087314108834,False,,,,,
2.767,488.799844252522,False,,,,,
2.767,495.5909570941607,False,,,,,
2.767,502.38206993579934,False,,,,,
2.767,509.17318277743794,False,,,,,
2.767,515.9642956190767,False,,,,,
2.767,522.7554084607152,False,,,,,
2.767,529.5465213023539,False,,,,,
2.767,536.3376341439925,False,,,,,
2.767,543.1287469856312,False,,,,,
2.767,549.9198598272699,False,,,,,
2.767,556.7109726689084,False,,,,,
2.767,563.5020855105471,False,,,,,
2.767,570.2931983521858,False,,,,,
2.767,577.0843111938244,False,,,,,
2.767,583.8754240354631,False,,,,,
2.767,590.6665368771016,False,,,,,
2.767,597.4576497187403,False,,,,,
2.767,604.248762560379,False,,,,,
2.767,611.0398754020176,False,,,,,
2.767,617.8309882436563,False,,,,,
2.767,624.6221010852948,False,,,,,
2.767,631.4132139269336,False,,,,,
2.767,638.2043267685722,False,,,,,
2.767,644.9954396102108,False,,,,,
2.767,651.7865524518495,False,,,,,
2.767,658.5776652934882,False,,,,,
2.767,665.3687781351268,False,,,,,
2.767,672.1598909767654,False,9.815809299293258,18.699652426473698,inf,inf,283.4483652766504
2.767,678.951003818404,False,2.8922118960352226,5.39171289074597,inf,inf,147.886341357988
2.767,685.7421166600427,False,1.7713715649352988,3.232895660104133,inf,inf,111.70906156418833
2.767,692.5332295016814,False,1.3120853363823608,2.3454033029780383,inf,inf,93.10644495165388
2.767,699.32434234332,False,1.061987369599068,1.8600674971286189,inf,inf,81.33946475827214
2.767,706.1154551849586,False,0.9046471916255986,1.5531586642401758,2.7182229100595525,5859.273521668458,73.06421695688331
2.767,712.9065680265974,False,0.7965466604481827,1.3410397253525512,2.662226296142076,5620.352734366997,66.85357633820907
2.767,719.6976808682359,False,0.7177248737579516,1.185338856926005,2.60924939237879,5398.894203062066,61.98197163363865
2.767,726.4887937098746,False,0.6577349211733543,1.0659671098154782,2.5581673303658703,5189.571882169509,58.036279671414455
2.767,733.2799065515132,False,0.6105772153555575,0.9713830047549847,2.5091143581215656,4992.459453118399,54.76173566402493
2.767,740.0710193931518,False,0.5725594672372377,0.8944803009303032,2.462229929803717,4807.627905064758,51.99160367008494
2.767,746.8621322347906,False,0.5412841349690847,0.8306421322334417,2.417572378342867,4634.817148892177,49.61160873759944
2.767,753.6532450764291,False,0.5151262152305359,0.7767373474546843,2.3751306286259193,4473.512296298576,47.540489809753325
2.767,760.4443579180678,False,0.49294500120658946,0.7305664495584434,2.3348458273829937,4323.047952109523,45.718692478398324
2.767,767.2354707597065,False,0.47391598907551974,0.6905384341556021,2.2966294449875453,4182.68821095165,44.10145877614914
2.767,774.026583601345,False,0.4574282874751539,0.6554735218834173,2.26037640172136,4051.680249087488,42.65442643046865
2.767,780.8176964429838,False,0.44301955882325045,0.6244780331927341,2.2259740460682496,3929.287691109659,41.35072729560476
2.767,787.6088092846223,False,0.43033338898083684,0.5968623795105495,2.1933080706073893,3814.8099652639185,40.16901669688144
2.767,794.399922126261,False,0.41909055151339203,0.5720857692747856,2.1622662743199097,3707.5924074543914,39.09210029096482
2.767,801.1910349678997,False,0.4090691531013732,0.5497179923241776,2.1327408490031137,3607.030457511105,38.10595562314212
2.767,807.9821478095383,False,0.4000906131708321,0.5294124254318732,2.1046296720238407,3512.5702043122087,37.199021048121224
2.767,814.773260651177,False,0.3920095699886938,0.510886591215704,2.0778369406985813,3423.706767234439,36.36166982910666
2.767,821.5643734928155,False,0.3847064868086286,0.4939079122706054,2.0522733783306455,3339.9814770574603,35.58581505447555
2.767,828.3554863344542,False,0.3780821508900787,0.4782831082583176,2.027856168283836,3260.9784691366453,34.86460862138983
2.767,835.1465991760929,False,0.37205352279769244,0.4638501923446371,2.004508721574073,3186.3210706279847,34.192208948869016
2.767,841.9377120177315,False,0.3665505642215286,0.45047235183083284,1.9821603485367227,3115.668212710389,33.56359963949108
2.767,848.7288248593702,False,0.36151378515814825,0.4380332143436799,1.960745881274647,3048.7110012285702,32.97444640972835
2.767,855.5199377010088,False,0.356892326913553,0.42643314637832225,1.940205277358297,2985.1695168457923,32.420983113006336
2.767,862.3110505426475,False,0.35264244905216785,0.4155863303575476,1.9204832242418246,2924.7898765617897,31.899920125652418
2.767,869.1021633842861,False,0.348726324269817,0.4054184353425248,1.9015287564286734,2867.341564296229,31.40837009868039
2.767,875.8932762259248,False,0.3451110704128012,0.3958647450995469,1.8832948924355586,2812.6150238672376,30.94378732255456
2.767,882.6843890675634,False,0.3417679668778618,0.3868686418892752,1.8657382952898154,2760.4194996185365,30.50391785667466
2.767,889.475501909202,False,0.33867181564027915,0.37838036938937347,1.848818958120752,2710.58110587577,30.08675824065993
2.767,896.2666147508407,False,0.33580041666612775,0.3703560164658614,1.8324999150066832,2662.9411048408974,29.690521099154147
2.767,903.0577275924793,False,0.33313413448787477,0.3627566770307484,1.8167469763655533,2617.354372482614,29.313606323313373
2.767,909.848840434118,False,0.330655537961843,0.35554775131325583,1.8015284876592301,2573.688032822172,28.954576793680047
2.767,916.6399532757566,False,0.32834909917126387,0.34869836147114475,1.786815109898381,2531.820242329551,28.61213782441744
2.767,923.4310661173952,False,0.32620094043562803,0.3421808602426462,1.772579620313364,2491.6391076985738,28.285119674840395
2.767,930.222178959034,False,0.32419862068244815,0.33597041576286657,1.758796731520777,2453.0417218420657,27.97246260311001
2.767,937.0132918006725,False,0.3223309542092969,0.3300446590836467,1.745442927575325,2415.9333045789763,27.673204037853594
2.767,943.8044046423112,False,0.32058785624166874,0.324383383591979,1.7324963153542292,2380.22643591316,27.386467522972602
2.767,950.5955174839498,False,0.3189602107707939,0.31896828760215595,1.7199364898332483,2345.8403712103373,27.111453153945217
2.767,957.3866303255885,False,0.3174397570055919,0.3137827530365593,1.7077444119185918,2312.700428813336,26.847429274237292
2.767,964.1777431672272,False,0.3160189914469721,0.3088116544105817,1.6959022976114706,2280.7374417555916,26.593725240806165
2.767,970.9688560088657,False,0.314691083130413,0.3040411933749704,1.6843935173917457,2249.887266228953,26.34972510026698
2.767,977.7599688505044,False,0.3134498000139817,0.299458754901483,1.6732025048117978,2220.0903403439656,26.114862043718396
2.767,984.551081692143,False,0.31228944483679394,0.29505278186945805,1.662314673389699,2191.291287498635,25.88861352977742
2.767,991.3421945337817,False,0.31120479905478876,0.2908126653554423,1.6517163409813884,2163.4385593559405,25.670496983024098
2.767,998.1333073754204,False,0.3101910736902744,0.28672864837167505,1.6413946608943368,2136.4841140304666,25.460065989583473
2.767,1004.924420217059,False,0.30924386611958204,0.28279174116237776,1.6313375590807604,2110.383125611311,25.25690692357977
2.767,1011.7155330586976,False,0.30835912197751625,0.27899364646530045,1.6215336768162807,2085.09372160854,25.060635948159646
2.767,1018.5066459003363,False,0.307533101484732,0.2753266933924589,1.611972318331495,2060.576745314473,24.870896343084485
2.767,1025.297758741975,False,0.3067623496097489,0.27178377878830345,1.602643402918911,2036.7955404240186,24.687356117835193
2.767,1032.0888715836136,False,0.3060436695651392,0.2683583150935717,1.5935374210870739,2013.7157555676042,24.509705875000606
2.767,1038.8799844252521,False,0.30537409921078695,0.2650441838851071,1.5846453943778598,1991.3051666811593,24.337656893631603
2.767,1045.6710972668907,False,0.3047508899985591,0.2618356943809677,1.5759588385024375,1969.5335153752922,24.170939406391618
2.767,1052.4622101085295,False,0.3041714881444154,0.2587275463002948,1.5674697294865505,1948.3723616739326,24.009301047853654
2.767,1059.2533229501682,False,0.3036335177575828,0.2557147965519276,1.5591704725473259,1927.7949496759065,23.852505454285918
2.767,1066.0444357918068,False,0.3031347656933223,0.2527928292973135,1.551053873451899,1907.7760848537098,23.70033099782255
2.767,1072.8355486334453,False,0.30267316792712917,0.2499573289940218,1.5431131121331163,1888.2920218449742,23.552569640098657
2.767,1079.6266614750841,False,0.3022467972748988,0.24720425607795124,1.5353417183601181,1869.320361717128,23.40902589230501
2.767,1086.4177743167227,False,0.30185385230634704,0.24452982498652376,1.5277335492815642,1850.8399577955215,23.269515870228183
2.767,1093.2088871583614,False,0.3014926473184789,0.24193048426303657,1.520282768677049,1832.8308292420838,23.133866434233113
2.767,1100.0,False,0.30116160325264796,0.23940289851488428,1.5129838277683734,1815.2740816576575,23.001914405347893
2.786,420.8887158361356,False,,,,,
2.786,427.67982867777425,False,,,,,
2.786,434.47094151941286,False,,,,,
2.786,441.2620543610515,False,,,,,
2.786,448.0531672026902,False,,,,,
2.786,454.8442800443288,False,,,,,
2.786,461.63539288596746,False,,,,,
2.786,468.4265057276061,False,,,,,
2.786,475.21761856924473,False,,,,,
2.786,482.0087314108834,False,,,,,
2.786,488.799844252522,False,,,,,
2.786,495.5909570941607,False,,,,,
2.786,502.38206993579934,False,,,,,
2.786,509.17318277743794,False,,,,,
2.786,515.9642956190767,False,,,,,
2.786,522.7554084607152,False,,,,,
2.786,529.5465213023539,False,,,,,
2.786,536.3376341439925,False,,,,,
2.786,543.1287469856312,False,,,,,
2.786,549.9198598272699,False,,,,,
2.786,556.7109726689084,False,,,,,
2.786,563.5020855105471,False,,,,,
2.786,570.2931983521858,False,,,,,
2.786,577.0843111938244,False,,,,,
2.786,583.8754240354631,False,,,,,
2.786,590.6665368771016,False,,,,,
2.786,597.4576497187403,False,,,,,
2.786,604.248762560379,False,,,,,
2.786,611.0398754020176,False,,,,,
2.786,617.8309882436563,False,,,,,
2.786,624.6221010852948,False,,,,,
2.786,631.4132139269336,False,,,,,
2.786,638.2043267685722,False,,,,,
2.786,644.9954396102108,False,,,,,
2.786,651.7865524518495,False,,,,,
2.786,658.5776652934882,False,,,,,
2.786,665.3687781351268,False,,,,,
2.786,672.1598909767654,False,17.56274533054512,33.553412223005594,inf,inf,381.8545601402797
2.786,678.951003818404,False,3.2591672536065115,6.092756818210746,inf,inf,157.94715468307425
2.786,685.7421166600427,False,1.8845798500357334,3.448910192366935,inf,inf,115.83484978808147
2.786,692.5332295016814,False,1.3651905870825036,2.4468641896807566,inf,inf,95.4146619715685
2.786,699.32434234332,False,1.0921084607717673,1.9178428930617935,inf,inf,82.82572601495062
2.786,706.1154551849586,False,0.9236707272572734,1.5898983306031613,2.7256894863403636,5891.506932931341,74.10073305118624
2.786,712.9065680265974,False,0.8094075682162162,1.3661293281532148,2.668170505436386,5645.478960682024,67.61422025567244
2.786,719.6976808682359,False,0.7268275122727524,1.2033428097888224,2.614315071540425,5419.87771970889,62.55995432921356
2.786,726.4887937098746,False,0.6643860967555673,1.0793617992722542,2.5623940928714726,5206.735113711444,58.48650124917602
2.786,733.2799065515132,False,0.6155461697391875,0.9816235858995951,2.5125345553108747,5006.079265554072,55.118827548440436
2.786,740.0710193931518,False,0.5763274249471444,0.9024755336407645,2.4648890752834687,4818.017743277991,52.2785846456533
2.786,746.8621322347906,False,0.5441669524347265,0.8369874862579019,2.419524780482174,4642.306215974593,49.84442308141559
2.786,753.6532450764291,False,0.5173394281839305,0.78183848954118,2.3764341176043327,4478.423835898196,47.730556366450806
2.786,760.4443579180678,False,0.4946404917891327,0.7347087747782045,2.3355580560105667,4325.685786340275,45.87441778869967
2.786,767.2354707597065,False,0.4752037151052161,0.6939282252478511,2.296805647267938,4183.330044987716,44.22917688029917
2.786,774.026583601345,False,0.4583897091714451,0.6582633543143867,2.2600681841211006,4050.5753764465076,42.75900508713511
2.786,780.8176964429838,False,0.44371623503008983,0.6267830228425811,2.2252288489116396,3926.6572885711166,41.43597177828159
2.786,787.6088092846223,False,0.43081265128409774,0.5987708959585796,2.192169042109193,3810.84878073597,40.23794628219362
2.786,794.399922126261,False,0.4193893502514224,0.573666689869768,2.160772386115352,3702.471099959197,39.147142169763626
2.786,801.1910349678997,False,0.40921672565838174,0.5510257297523914,2.130927143370635,3600.8981515367645,38.14908378776525
2.786,807.9821478095383,False,0.40011037371996866,0.5304904847350058,2.1025275721877836,3505.5570124905103,37.2318576372648
2.786,814.773260651177,False,0.39192047264474833,0.5117701330480465,2.0754745824855716,3415.92615280901,36.38556031443377
2.786,821.5643734928155,False,0.3845240252519937,0.4946256307186102,2.049675938686736,3331.5323976878344,35.601884856175644
2.786,828.3554863344542,False,0.37781910237618016,0.47885862711227933,2.025046177040797,3251.947284086382,34.87380631528014
2.786,835.1465991760929,False,0.3717205094213653,0.46430311739410235,2.0015063496169487,3176.78321577755,34.195339643997514
2.786,841.9377120177315,False,0.36615648154670727,0.4508190737160486,1.9789836696459786,3105.6896593315505,33.5613510496225
2.786,848.7288248593702,False,0.3610661332483557,0.438287528007188,1.9574111073557405,3038.34951953088,32.96740942538703
2.786,855.5199377010088,False,0.3563974686327942,0.4266067339625481,1.936726968151921,2974.4757667062718,32.409668185894894
2.786,862.3110505426475,False,0.35210581353667797,0.4156891412418736,1.9168744733279368,2913.808347237615,31.8847704302921
2.786,869.1021633842861,False,0.34815256862089355,0.4054589878659501,1.8978013556534226,2856.1113832952824,31.389772189385358
2.786,875.8932762259248,False,0.34450420923801056,0.39585036806376134,1.8794594769641073,2801.1706530929146,30.922079826094784
2.786,882.6843890675634,False,0.34113147686102474,0.3868056693282897,1.8618044714234065,2748.791334747268,30.47939861137495
2.786,889.475501909202,False,0.3380087205504469,0.3782742987598703,1.8447954158768836,2698.7959928459873,30.05969019711904
2.786,896.2666147508407,False,0.33511335692079947,0.3702116379765528,1.82839452728699,2651.0227854209966,29.66113722657143
2.786,903.0577275924793,False,0.33242542442860795,0.3625781800297919,1.8125668863504636,2605.323869177771,29.28211371185604
2.786,909.848840434118,False,0.3299272132860055,0.3553388123106933,1.7972801858862,2561.5639818837208,28.92116010266583
2.786,916.6399532757566,False,0.3276029564257241,0.3484622173632986,1.7825045023118264,2519.6191823437252,28.57696219496705
2.786,923.4310661173952,False,0.32543857006951293,0.34192036953863114,1.7682120884053623,2479.3757300859243,28.248333201636925
2.786,930.222178959034,False,0.32342143484318026,0.33568811002662036,1.7543771855604604,2440.7290887078434,27.934198441228382
2.786,937.0132918006725,False,0.321540210224759,0.3297427863525374,1.740975853778321,2403.5830384883334,27.63358220600642
2.786,943.8044046423112,False,0.31978467654375275,0.32406394518173287,1.7279858177449845,2367.84888551553,27.345596452993664
2.786,950.5955174839498,False,0.3181455998688648,0.31863306943321534,1.7153863274519479,2333.4447560457947,27.06943102719208
2.786,957.3866303255885,False,0.3166146160028783,0.3134333524008916,1.7031580319402928,2300.2949661443304,26.804345178301197
2.786,964.1777431672272,False,0.31518413050142013,0.3084495029269323,1.691282864871466,2268.329457851835,26.549660174066396
2.786,970.9688560088657,False,0.3138472321886182,0.30366757674433736,1.6797439407473618,2237.483294181494,26.304752847102833
2.786,977.7599688505044,False,0.31259761808846803,0.2990748299656094,1.668525460715537,2207.6962061864465,26.069049939365478
2.786,984.551081692143,False,0.31142952804987545,0.2946595913873912,1.6576126270006073,2178.912186160577,25.842023130693306
2.786,991.3421945337817,False,0.3103376876342185,0.29041115084226937,1.646991565100146,2151.079121758554,25.62318465607445
2.786,998.1333073754204,False,0.3093172580709703,0.2863196612859117,1.6366492529716277,2124.1484664529057,25.412083431260086
2.786,1004.924420217059,False,0.3083637922804475,0.2823760526814189,1.6265734565172427,2098.0749422996755,25.20830161872645
2.786,1011.7155330586976,False,0.30747319612166546,0.27857195604978063,1.6167526707455988,2072.816271467707,25.011451576244262
2.786,1018.5066459003363,False,0.30664169415436493,0.27489963630861564,1.6071760660542191,2048.3329334093455,24.821173138858526
2.786,1025.297758741975,False,0.3058657993128082,0.27135193273119396,1.5978334391350244,2024.5879449201968,24.6371311922216
2.786,1032.0888715836136,False,0.30514228597917437,0.26792220603222994,1.588715168056836,2001.5466606582775,24.45901350121275
2.786,1038.8799844252521,False,0.30446816601968446,0.2646042912325926,1.5798121711255553,1979.1765919760471,24.28652876282006
2.786,1045.6710972668907,False,0.30384066740964666,0.26139245557711993,1.5711158691639615,1957.4472421659152,24.119404856520518
2.786,1052.4622101085295,False,0.30325721512660414,0.25828136088230574,1.5626181508901429,1936.3299564369856,23.95738726900382
2.786,1059.2533229501682,False,0.30271541403544855,0.2552660297771657,1.5543113411064327,1915.7977851307962,23.800237673153873
2.786,1066.0444357918068,False,0.30221303352716516,0.25234181537381667,1.5461881714401802,1895.8253588510306,23.647732643819364
2.786,1072.8355486334453,False,0.30174799370494004,0.24950437396645894,1.5382417534038315,1876.388774328846,23.499662495141603
2.786,1079.6266614750841,False,0.3013183529386517,0.24674964041036654,1.5304655535650364,1857.4654899743493,23.355830226126855
2.786,1086.4177743167227,False,0.30092229663207626,0.24407380587768376,1.5228533706386567,1839.0342301792932,23.216050562801264
2.786,1093.2088871583614,False,0.3005581270670408,0.24147329772548445,1.5153993143307334,1821.0748975353931,23.08014908670651
2.786,1100.0,False,0.3002242542059014,0.23894476124479094,1.5080977857814521,1803.568492222166,22.947961440726363
2.8049999999999997,420.8887158361356,False,,,,,
2.8049999999999997,427.67982867777425,False,,,,,
2.8049999999999997,434.47094151941286,False,,,,,
2.8049999999999997,441.2620543610515,False,,,,,
2.8049999999999997,448.0531672026902,False,,,,,
2.8049999999999997,454.8442800443288,False,,,,,
2.8049999999999997,461.63539288596746,False,,,,,
2.8049999999999997,468.4265057276061,False,,,,,
2.8049999999999997,475.21761856924473,False,,,,,
2.8049999999999997,482.0087314108834,False,,,,,
2.8049999999999997,488.799844252522,False,,,,,
2.8049999999999997,495.5909570941607,False,,,,,
2.8049999999999997,502.38206993579934,False,,,,,
2.8049999999999997,509.17318277743794,False,,,,,
2.8049999999999997,515.9642956190767,False,,,,,
2.8049999999999997,522.7554084607152,False,,,,,
2.8049999999999997,529.5465213023539,False,,,,,
2.8049999999999997,536.3376341439925,False,,,,,
2.8049999999999997,543.1287469856312,False,,,,,
2.8049999999999997,549.9198598272699,False,,,,,
2.8049999999999997,556.7109726689084,False,,,,,
2.8049999999999997,563.5020855105471,False,,,,,
2.8049999999999997,570.2931983521858,False,,,,,
2.8049999999999997,577.0843111938244,False,,,,,
2.8049999999999997,583.8754240354631,False,,,,,
2.8049999999999997,590.6665368771016,False,,,,,
2.8049999999999997,597.4576497187403,False,,,,,
2.8049999999999997,604.248762560379,False,,,,,
2.8049999999999997,611.0398754020176,False,,,,,
2.8049999999999997,617.8309882436563,False,,,,,
2.8049999999999997,624.6221010852948,False,,,,,
2.8049999999999997,631.4132139269336,False,,,,,
2.8049999999999997,638.2043267685722,False,,,,,
2.8049999999999997,644.9954396102108,False,,,,,
2.8049999999999997,651.7865524518495,False,,,,,
2.8049999999999997,658.5776652934882,False,,,,,
2.8049999999999997,665.3687781351268,False,,,,,
2.8049999999999997,672.1598909767654,False,92.43151463424941,177.09190969725333,inf,inf,882.4601327620474
2.8049999999999997,678.951003818404,False,3.746394972551426,7.023098848099588,inf,inf,170.40417872791903
2.8049999999999997,685.7421166600427,False,2.016590474948875,3.700563298388536,inf,inf,120.47406028244215
2.8049999999999997,692.5332295016814,False,1.4242157602744443,2.55947530740053,inf,inf,97.91966797281982
2.8049999999999997,699.32434234332,False,1.1247758216798025,1.9803801715599372,inf,inf,84.40969100677306
2.8049999999999997,706.1154551849586,False,0.9440048999694838,1.6290688563210012,2.73389514083837,5927.032945426772,75.19352915852866
2.8049999999999997,712.9065680265974,False,0.8230279057240354,1.3926137320387868,2.6743129976331823,5671.5022049538375,68.41061031011026
2.8049999999999997,719.6976808682359,False,0.7364093357075074,1.2222166739395643,2.619562584190742,5441.657359657137,63.162288899394184
2.8049999999999997,726.4887937098746,False,0.6713600143356088,1.0933343841873127,2.5667921951825945,5224.624170207515,58.95422227742828
2.8049999999999997,733.2799065515132,False,0.6207441695126313,0.9922677357800241,2.5161142496203506,5020.354093502568,55.48904124321545
2.8049999999999997,740.0710193931518,False,0.5802651396900009,0.9107643632401169,2.4676952746096306,4828.994313794296,52.57575584157751
2.8049999999999997,746.8621322347906,False,0.5471803138841582,0.8435539082336695,2.42161214506794,4650.319661930989,50.085388672043166
2.8049999999999997,753.6532450764291,False,0.5196562871363688,0.787111076782106,2.3778613999336655,4483.804918976955,47.92731114957189
2.8049999999999997,760.4443579180678,False,0.49642060459408804,0.7389875290243626,2.336384089726221,4328.746120607479,46.03575376736843
2.8049999999999997,767.2354707597065,False,0.4765622529141791,0.6974290744580341,2.297086910298014,4184.354675111639,44.361694109534305
2.8049999999999997,774.026583601345,False,0.45941168809723976,0.6611454357577715,2.25985748079181,4049.8201515029436,42.86775977319919
2.8049999999999997,780.8176964429838,False,0.44446570252221174,0.6291660331467406,2.2245747171655745,3924.3490552746,41.5249057417608
2.8049999999999997,787.6088092846223,False,0.43133872019657293,0.6007464754431372,2.191115606050821,3807.1870914493393,40.31017970939272
2.8049999999999997,794.399922126261,False,0.419730271447773,0.5753060982332374,2.159359468438149,3697.6306303709966,39.20517813089633
2.8049999999999997,801.1910349678997,False,0.40940270296016235,0.5523851459914384,2.129190519123467,3595.031354150453,38.194954219917456
2.8049999999999997,807.9821478095383,False,0.40016555092417405,0.5316147444643164,2.1004992901123853,3498.796740750923,37.267229543499866
2.8049999999999997,814.773260651177,False,0.39186436262335544,0.5126954137613539,2.073183309261347,3408.3881180031053,36.41181433811074
2.8049999999999997,821.5643734928155,False,0.3843725551700086,0.4953814138006031,2.0471472999903786,3323.317396299452,35.62017430338711
2.8049999999999997,828.3554863344542,False,0.3775853897867564,0.4794691532484768,2.022303081001065,3243.1431767060863,34.885102099760395
2.8049999999999997,835.1465991760929,False,0.37141544647532787,0.4647884810794616,1.998569285464813,3167.4666625201403,34.200464937919335
2.8049999999999997,841.9377120177315,False,0.36578918027285123,0.45119605668356844,1.9758709787363646,3095.927628856961,33.561008300377416
2.8049999999999997,848.7288248593702,False,0.360644268829925,0.43857024112760745,1.9541392263125168,3028.200594049515,32.96220163806921
2.8049999999999997,855.5199377010088,False,0.3559275468266453,0.42680711682695677,1.933310645333633,2963.991266735665,32.400115847661816
2.8049999999999997,862.3110505426475,False,0.35159338101213167,0.41581735474250914,1.9133269605582022,2903.0332991496493,31.871325086621756
2.8049999999999997,869.1021633842861,False,0.3476023798790421,0.40552372544926685,1.894134577479749,2845.085350909896,31.37282742248243
2.8049999999999997,875.8932762259248,False,0.3439203601698627,0.3958591045458877,1.8756841797762858,2789.928452354989,30.901980198961528
2.8049999999999997,882.6843890675634,False,0.3405175124330868,0.3867648613267604,1.8579303546852703,2737.3636482124684,30.4564470051765
2.8049999999999997,889.475501909202,False,0.33736772225085454,0.3781895473058532,1.840831247572106,2687.2098984890354,30.03415386946724
2.8049999999999997,896.2666147508407,False,0.3344480142442809,0.37008782132530754,1.8243482454909474,2639.30221225298,29.633252843976734
2.8049999999999997,903.0577275924793,False,0.3317380936787766,0.36241956280920506,1.808445688642416,2593.4899903576916,29.252091553735376
2.8049999999999997,909.848840434118,False,0.32921996622855804,0.35514913574936613,1.7930906081215936,2549.635554432284,28.889187591958425
2.8049999999999997,916.6399532757566,False,0.3268776207658586,0.3482447742886502,1.7782524880927706,2507.612841207087,28.543206878042213
2.8049999999999997,923.4310661173952,False,0.3246967633019498,0.3416780670387995,1.7639030504214464,2467.3062431324083,28.212945275235953
2.8049999999999997,930.222178959034,False,0.32266459269820297,0.3354235220610717,1.7500160598230414,2428.609578247941,27.897312904814264
2.8049999999999997,937.0132918006725,False,0.32076961068330895,0.3294581981274448,1.7365671476392988,2391.425174066036,27.595320702749383
2.8049999999999997,943.8044046423112,False,0.31900146020025555,0.32376139074248333,1.723533652475225,2355.6630520066146,27.306068850693507
2.8049999999999997,950.5955174839498,False,0.31735078726864063,0.3183143636424281,1.7108944760529752,2321.240200495501,27.02873678099176
2.8049999999999997,957.3866303255885,False,0.3158091224615287,0.3131001182470696,1.6986299527747486,2288.0799262678256,26.76257450951179
2.8049999999999997,964.1777431672272,False,0.31436877881908815,0.3081031949323406,1.6867217316212868,2256.1112746904773,26.50689509338568
2.8049999999999997,970.9688560088657,False,0.313022763596823,0.30330950110030014,1.67515266914233,2225.2685110440657,26.261068045643547
2.8049999999999997,977.7599688505044,False,0.3117647017069836,0.2987061619110718,1.6639067324173344,2195.490655696275,26.024513566963275
2.8049999999999997,984.551081692143,False,0.3105887690827347,0.2942813902563233,1.6529689109782097,2166.7210669696174,25.796697477755743
2.8049999999999997,991.3421945337817,False,0.30948963449473976,0.2900243731324933,1.6423251367891245,2138.907066267405,25.577126752603682
2.8049999999999997,998.1333073754204,False,0.30846240859391344,0.2859251720427004,1.6319622114731351,2111.9996006888773,25.36534557452494
2.8049999999999997,1004.924420217059,False,0.3075025991534327,0.2819746354408809,1.621867740060093,2085.9529389446884,25.160931839277488
2.8049999999999997,1011.7155330586976,False,0.3066060716467131,0.27816432154745474,1.6120300706071917,2060.7243968922353,24.963494050489917
2.8049999999999997,1018.5066459003363,False,0.3057690144329019,0.274486430126138,1.6024382391118732,2036.2740894524036,24.772668555192904
2.8049999999999997,1025.297758741975,False,0.30498790793300473,0.27093374202699316,1.5930819191983967,2012.5647060563208,24.588117076669253
2.8049999999999997,1032.0888715836136,False,0.30425949727246876,0.26749956547990356,1.583951376113837,1989.561307107337,24.40952450769685
2.8049999999999997,1038.8799844252521,False,0.30358076794336003,0.264177688272064,1.575037424618468,1967.2311392392355,24.23659693243837
2.8049999999999997,1045.6710972668907,False,0.3029489241039581,0.26096233506816563,1.5663313903985743,1945.5434674084104,24.069059849603818
2.8049999999999997,1052.4622101085295,False,0.30236136918795936,0.257848129237064,1.5578250746688058,1924.469422084251,23.906656573216292
2.8049999999999997,1059.2533229501682,False,0.3018156885412465,0.25483005863730906,1.5495107216653645,1903.981859998878,23.749146790456773
2.8049999999999997,1066.0444357918068,False,0.3013096338429293,0.25190344488887056,1.5413809887621568,1884.0552370911007,23.596305258746778
2.8049999999999997,1072.8355486334453,False,0.3008411091001691,0.2490639157219518,1.5334289189694543,1864.6654924318502,23.447920626518687
2.8049999999999997,1079.6266614750841,False,0.30040815803424836,0.24630738004789557,1.5256479155986478,1845.7899420513827,23.303794364089022
2.8049999999999997,1086.4177743167227,False,0.3000089526991552,0.24363000544334507,1.5180317188986976,1827.407181707083,23.163739792737545
2.8049999999999997,1093.2088871583614,False,0.29964178319434354,0.24102819777833537,1.5105743844891173,1809.4969977341543,23.027581201550568
2.8049999999999997,1100.0,False,0.299305048350808,0.23849858275289856,1.5032702634314756,1792.040285212738,22.895153042843916
2.824,420.8887158361356,False,,,,,
2.824,427.67982867777425,False,,,,,
2.824,434.47094151941286,False,,,,,
2.824,441.2620543610515,False,,,,,
2.824,448.0531672026902,False,,,,,
2.824,454.8442800443288,False,,,,,
2.824,461.63539288596746,False,,,,,
2.824,468.4265057276061,False,,,,,
2.824,475.21761856924473,False,,,,,
2.824,482.0087314108834,False,,,,,
2.824,488.799844252522,False,,,,,
2.824,495.5909570941607,False,,,,,
2.824,502.38206993579934,False,,,,,
2.824,509.17318277743794,False,,,,,
2.824,515.9642956190767,False,,,,,
2.824,522.7554084607152,False,,,,,
2.824,529.5465213023539,False,,,,,
2.824,536.3376341439925,False,,,,,
2.824,543.1287469856312,False,,,,,
2.824,549.9198598272699,False,,,,,
2.824,556.7109726689084,False,,,,,
2.824,563.5020855105471,False,,,,,
2.824,570.2931983521858,False,,,,,
2.824,577.0843111938244,False,,,,,
2.824,583.8754240354631,False,,,,,
2.824,590.6665368771016,False,,,,,
2.824,597.4576497187403,False,,,,,
2.824,604.248762560379,False,,,,,
2.824,611.0398754020176,False,,,,,
2.824,617.8309882436563,False,,,,,
2.824,624.6221010852948,False,,,,,
2.824,631.4132139269336,False,,,,,
2.824,638.2043267685722,False,,,,,
2.824,644.9954396102108,False,,,,,
2.824,651.7865524518495,False,,,,,
2.824,658.5776652934882,False,,,,,
2.824,665.3687781351268,False,,,,,
2.824,672.1598909767654,False,,,,,
2.824,678.951003818404,False,4.424371838135945,8.317108664266932,inf,inf,186.3746268858574
2.824,685.7421166600427,False,2.1724471401652727,3.9974185623645933,inf,inf,125.73850740279485
2.824,692.5332295016814,False,1.4901772719230932,2.6851537206966154,inf,inf,100.64904578587637
2.824,699.32434234332,False,1.1603067609466937,2.0482748654599314,inf,inf,86.1013180692078
2.824,706.1154551849586,False,0.9657760478124391,1.670906349404477,2.7445753895548592,5973.432555552327,76.34704291626603
2.824,712.9065680265974,False,0.8374663562834475,1.4206022627230022,2.6806586769687613,5698.449112684117,69.24500358457853
2.824,719.6976808682359,False,0.7465006200250783,1.2420167706853007,2.624993790944427,5464.245409060162,63.7902303015556
2.824,726.4887937098746,False,0.6786734988232476,1.107916196709223,2.571363578190036,5243.250552459787,59.44018518553919
2.824,733.2799065515132,False,0.6261810732919411,1.0033339012874236,2.519855391614376,5035.29444896857,55.87283534529638
2.824,740.0710193931518,False,0.584378602907451,0.9193581155048739,2.470650319902056,4840.566602402677,52.88340870762857
2.824,746.8621322347906,False,0.5503279418916521,0.8503485650849002,2.4238360159451764,4658.86476202595,50.3346935992733
2.824,753.6532450764291,False,0.5220791221815098,0.7925597357979454,2.379413742727121,4489.661167989875,48.130875745951286
2.824,760.4443579180678,False,0.49828678261395,0.7434057286746463,2.3373249252202997,4332.2330969276,46.202777786310484
2.824,767.2354707597065,False,0.4779924623814934,0.7010429453734133,2.297473983289254,4185.76497189553,44.49905762129233
2.824,774.026583601345,False,0.46049469053383557,0.6641210233038117,2.2597448225148664,4049.4163787945226,42.980716514485316
2.824,780.8176964429838,False,0.4452681558237902,0.6316278365303395,2.2240119927453836,3922.3639138248673,41.61754013823023
2.824,787.6088092846223,False,0.4319115989356783,0.602789551663122,2.1901479428788226,3803.8250951881587,40.38571699570219
2.824,794.399922126261,False,0.42011318138803583,0.5770041876086434,2.1580275644287026,3693.070602005575,39.26620014407653
2.824,801.1910349678997,False,0.40962685187445247,0.5537962613697651,2.1275309028040206,3589.429180573403,38.24355289393134
2.824,807.9821478095383,False,0.40025583858981423,0.5327850992999917,2.09854465318865,3492.2881022158076,37.305118228352114
2.824,814.773260651177,False,0.39184087948888435,0.5136622360008037,2.0709628638165736,3401.091043038955,36.44040993571172
2.824,821.5643734928155,False,0.3842516755179185,0.49617499637357315,2.0446871325018057,3315.3345758235328,35.64065881296946
2.824,828.3554863344542,False,0.37738058147181924,0.48011437144926755,2.019626487883281,3234.564017373343,34.89846937960091
2.824,835.1465991760929,False,0.37113787913040797,0.46530593119576963,1.9956970825612088,3158.369084776343,34.20755668401243
2.824,841.9377120177315,False,0.3654481879612017,0.45160292130756635,1.9728217818292484,3086.3796280026804,33.56254204694661
2.824,848.7288248593702,False,0.3602477060703606,0.43888095441094016,1.9509297024424328,3018.261588132616,32.95879277789348
2.824,855.5199377010088,False,0.35548206548620837,0.427033881387726,1.929955736234465,2953.713256462505,32.392295116164945
2.824,862.3110505426475,False,0.35110464776631684,0.4159705472461964,1.909840080288595,2892.4618641523716,31.85955256720469
2.824,869.1021633842861,False,0.34707524854175426,0.40561221772189937,1.8905277866558654,2834.260504758234,31.357503857043085
2.824,875.8932762259248,False,0.3433590094033788,0.3958905199426491,1.871968338870407,2778.885376308949,30.883456191345534
2.824,882.6843890675634,False,0.3399255566490063,0.3867457810034375,1.8541152587649996,2726.1333212434456,30.43503056281411
2.824,889.475501909202,False,0.3367483015679047,0.3781256773852038,1.8369257446864782,2675.819638742269,30.010116623785883
2.824,896.2666147508407,False,0.3338038679511382,0.36998412928794566,1.8203603407065774,2627.7761429779243,29.606835212473438
2.824,903.0577275924793,False,0.33107162060568895,0.36228038947850155,1.8043826355212782,2581.8494414306556,29.223507048325356
2.824,909.848840434118,False,0.3285332746546004,0.3549782877825659,1.7889589892285533,2537.899408944566,28.858626434121735
2.824,916.6399532757566,False,0.3261725699052255,0.34804560099278303,1.7740582859173375,2495.797835131389,28.510839047629226
2.824,923.4310661173952,False,0.32397499797074414,0.34145352450206706,1.759651709943511,2455.4272249182955,28.178923093884997
2.824,930.222178959034,False,0.32192757242570946,0.33517622695857047,1.7457125437749512,2416.6797341004767,27.8617732348462
2.824,937.0132918006725,False,0.3200186342719627,0.3291904730740608,1.7322159853907149,2379.4562238194626,27.558386826707856
2.824,943.8044046423112,False,0.318237686537196,0.3234753026893182,1.7191389833417934,2343.665419751398,27.2678520843604
2.824,950.5955174839498,False,0.3165752530345481,0.31801175651937535,1.7064600877245026,2309.22316349225,26.989337862936768
2.824,957.3866303255885,False,0.3150227572589637,0.3127826408235407,1.6941593154666954,2276.0517451534324,26.72208480245632
2.824,964.1777431672272,False,0.3135724181449539,0.30777232468595334,1.682218028473781,2244.0793075361553,26.465397626431635
2.824,970.9688560088657,False,0.3122171600059178,0.30296656473850997,1.6706188233220998,2213.2393134488593,26.218638421397227
2.824,977.7599688505044,False,0.31095053445158993,0.2983523530750617,1.6593454313184135,2183.470068781589,25.98122075352555
2.824,984.551081692143,False,0.30976665246326285,0.2939177848434692,1.6483826278659723,2154.7142948716437,25.75260450224226
2.824,991.3421945337817,False,0.30866012511617036,0.28965194259869687,1.6377161501879194,2126.9187444968516,25.53229131015968
2.824,998.1333073754204,False,0.3076260116900386,0.28554479498495966,1.6273326225591809,2100.033856533524,25.31982056457942
2.824,1004.924420217059,False,0.30665977411422257,0.28158710771084444,1.617219488288646,2074.013444927534,25.11476583895352
2.824,1011.7155330586976,False,0.3057572368622791,0.27777036510607506,1.6073649477738665,2048.8144181571906,24.91673173357319
2.824,1018.5066459003363,False,0.30491455154953884,0.27408670081612135,1.5977579020235642,2024.3965258315557,24.72535106380119
2.824,1025.297758741975,False,0.3041281656019504,0.2705288364121765,1.5883879011074495,2000.7221294704889,24.540282351715387
2.824,1032.0888715836136,False,0.3033947944597047,0.2670900268778359,1.5792450970507101,1977.7559948655055,24.36120758335742
2.824,1038.8799844252521,False,0.3027113968585322,0.2637640120870669,1.5703202007416177,1955.4651037273054,24.187830199101573
2.824,1045.6710972668907,False,0.30207515279794467,0.2605449735162877,1.56160444246646,1933.8184825945896,24.01987328914626
2.824,1052.4622101085295,False,0.30148344386142717,0.25742749554104954,1.5530895357263903,1912.7870472129464,23.857077969930618
2.824,1059.2533229501682,False,0.30093383560053105,0.25440653075855274,1.5447676440268134,1892.3434607978231,23.6992019205056
2.824,1066.0444357918068,False,0.30042406173447,0.2514773688539067,1.5366313503621913,1872.4620047759945,23.546018060636797
2.824,1072.8355486334453,False,0.29995200995043686,0.2486356085930739,1.528673629147273,1853.118460756689,23.397313354763824
2.824,1079.6266614750841,False,0.2995157091184576,0.24587713258076155,1.520887820371542,1834.290002623146,23.252887727954104
2.824,1086.4177743167227,False,0.29911331775893446,0.24319808446867136,1.5132676057758434,1815.9550977561337,23.112553081714168
2.824,1093.2088871583614,False,0.29874311362190686,0.2405948483399081,1.5058069868705877,1798.0934165090011,22.976132399012933
2.824,1100.0,False,0.29840348425487967,0.23806403002992566,1.4985002646327574,1780.685749148081,22.84345892915358
2.843,420.8887158361356,False,,,,,
2.843,427.67982867777425,False,,,,,
2.843,434.47094151941286,False,,,,,
2.843,441.2620543610515,False,,,,,
2.843,448.0531672026902,False,,,,,
2.843,454.8442800443288,False,,,,,
2.843,461.63539288596746,False,,,,,
2.843,468.4265057276061,False,,,,,
2.843,475.21761856924473,False,,,,,
2.843,482.0087314108834,False,,,,,
2.843,488.799844252522,False,,,,,
2.843,495.5909570941607,False,,,,,
2.843,502.38206993579934,False,,,,,
2.843,509.17318277743794,False,,,,,
2.843,515.9642956190767,False,,,,,
2.843,522.7554084607152,False,,,,,
2.843,529.5465213023539,False,,,,,
2.843,536.3376341439925,False,,,,,
2.843,543.1287469856312,False,,,,,
2.843,549.9198598272699,False,,,,,
2.843,556.7109726689084,False,,,,,
2.843,563.5020855105471,False,,,,,
2.843,570.2931983521858,False,,,,,
2.843,577.0843111938244,False,,,,,
2.843,583.8754240354631,False,,,,,
2.843,590.6665368771016,False,,,,,
2.843,597.4576497187403,False,,,,,
2.843,604.248762560379,False,,,,,
2.843,611.0398754020176,False,,,,,
2.843,617.8309882436563,False,,,,,
2.843,624.6221010852948,False,,,,,
2.843,631.4132139269336,False,,,,,
2.843,638.2043267685722,False,,,,,
2.843,644.9954396102108,False,,,,,
2.843,651.7865524518495,False,,,,,
2.843,658.5776652934882,False,,,,,
2.843,665.3687781351268,False,,,,,
2.843,672.1598909767654,False,,,,,
2.843,678.951003818404,False,5.43203584466961,10.2396820724765,inf,inf,207.87661417171267
2.843,685.7421166600427,False,2.3591794875083085,4.3528049426117885,inf,inf,131.77758843938247
2.843,692.5332295016814,False,1.5643401933754615,2.8262853310201743,inf,inf,103.63618705198098
2.843,699.32434234332,False,1.1990745698041438,2.122227468550108,inf,inf,87.91208664833994
2.843,706.1154551849586,False,0.9891278942604321,1.715679323518792,inf,inf,77.566243882348
2.843,712.9065680265974,False,0.852788229098417,1.4502165186657812,2.687214005622562,5726.353359952311,70.11988082657845
2.843,719.6976808682359,False,0.7571345554057184,1.2628047805692695,2.6306105641865765,5487.654426761086,64.44514052673348
2.843,726.4887937098746,False,0.6863448024067479,1.1231411711023087,2.576110176363699,5262.625933127885,59.9451888741405
2.843,733.2799065515132,False,0.6318675012997055,1.0148419026265587,2.523759955500798,5050.91110791473,56.270700673505814
2.843,740.0710193931518,False,0.588674242880544,0.92826889264184,2.4737560427654506,4852.743887975956,53.20185434143553
2.843,746.8621322347906,False,0.5536138261542677,0.8573790895733338,2.42619798051229,4667.949068892276,50.59253866178223
2.843,753.6532450764291,False,0.5246104367057295,0.7981893880307186,2.3810924545284706,4495.998448245341,48.34138042169937
2.843,760.4443579180678,False,0.500240587751378,0.7479665861879621,2.3383815959297425,4336.151061893787,46.375573454575765
2.843,767.2354707597065,False,0.47949528948027287,0.7047719382851025,2.297967646905971,4187.563975402491,44.641319275182276
2.843,774.026583601345,False,0.4616392483477645,0.6671914737477956,2.2597307665499264,4049.366002949375,43.09790504314287
2.843,780.8176964429838,False,0.44612384182364717,0.6341692813276059,2.223541039760928,3920.7029035315627,41.71388896176704
2.843,787.6088092846223,False,0.4325313343204563,0.6049006184761636,2.1892662517303827,3800.7630884816176,40.46456074560008
2.843,794.399922126261,False,0.4205379840015491,0.5787612006928745,2.1567767331520704,3688.790703503616,39.33020244793815
2.843,801.1910349678997,False,0.4098889727655775,0.5552591382093947,2.125948234757931,3584.0908215753448,38.29486782533817
2.843,807.9821478095383,False,0.400380961068526,0.5340014805922925,2.0966635010279036,3486.029878630221,37.34550702831922
2.843,814.773260651177,False,0.39184969120604884,0.5146704351943354,2.0688130000179803,3394.033372030871,36.47132689408097
2.843,821.5643734928155,False,0.3841610120606415,0.49700614317431374,2.0422951167642402,3307.5821000238852,35.663315459264005
2.843,828.3554863344542,False,0.3772042713881028,0.48079399416074187,2.017016015174084,3226.207735500469,34.91388314464058
2.843,835.1465991760929,False,0.3708873772369735,0.46585514147326224,1.9928893038212867,3149.4882146497544,34.216588263810664
2.843,841.9377120177315,False,0.3651330561245895,0.4520393127204725,1.9698355942919366,3077.0432215203023,33.56592442716089
2.843,848.7288248593702,False,0.3598759825068782,0.4392192920020493,1.9477820093958835,3008.5299235363746,32.957154020590345
2.843,855.5199377010088,False,0.35506055149906135,0.4272866365719507,1.9266616776479326,2943.639034575748,32.38617642424662
2.843,862.3110505426475,False,0.35063913259218327,0.4161483168670552,1.9064132365260396,2882.091234286869,31.849422733845728
2.843,869.1021633842861,False,0.34657068728298585,0.40572405536760153,1.8869803578294475,2823.633943863743,31.343770919408648
2.843,875.8932762259248,False,0.34281966502983896,0.39594420011778636,1.8683113024382103,2768.0384423657865,30.866476901680414
2.843,882.6843890675634,False,0.3393551142178359,0.3867480114242275,1.850358507873329,2715.0972992599063,30.415118140563045
2.843,889.475501909202,False,0.33614996077014886,0.3780822708368941,1.8330782095734701,2664.622095217541,29.987547142849365
2.843,896.2666147508407,False,0.3331804186104678,0.3699001436988181,1.816430095265007,2616.4414024181933,29.58185289650804
2.843,903.0577275924793,False,0.33042550466336984,0.362160242818798,1.800376990893033,2570.3989965000433,29.196328686213523
2.843,909.848840434118,False,0.3278666373644692,0.35482585287783974,1.784884576083418,2526.352274084433,28.829445081809787
2.843,916.6399532757566,False,0.325487302354762,0.34786428420304516,1.7699211268660375,2484.170851984815,28.479827147518684
2.843,923.4310661173952,False,0.3232727725847248,0.34124633135777865,1.7554572833502664,2443.735326618206,28.14623511605533
2.843,930.222178959034,False,0.32120987275836604,0.33494581718875727,1.7414658400702339,2404.936174396527,27.827547923544785
2.843,937.0132918006725,False,0.3192867801241257,0.3289392069580755,1.7279215568400275,2367.6727761038296,27.522749119282576
2.843,943.8044046423112,False,0.3174928552262655,0.3232052802739535,1.7148009880991943,2331.852550271035,27.230914757037073
2.843,950.5955174839498,False,0.3158184974824425,0.31772485093924735,1.7020823288892137,2297.3901823848482,26.95120294774283
2.843,957.3866303255885,False,0.31425502143554607,0.31248052672441645,1.6897452757655436,2264.2069383968965,26.682844811559086
2.843,964.1777431672272,False,0.31279455030357556,0.30745650256260787,1.6777709011093034,2232.230052439565,26.42513661372833
2.843,970.9688560088657,False,0.31142992406764475,0.3026383818494147,1.6661415394547066,2201.3921799240343,26.177432906022865
2.843,977.7599688505044,False,0.31015461983066495,0.2980130214769728,1.654840684589509,2171.630908306646,25.939140525759335
2.843,984.551081692143,False,0.30896268257496895,0.2935683969932992,1.6438528963155348,2142.888318780129,25.709713328892278
2.843,991.3421945337817,False,0.3078486647667645,0.289293484892844,1.6331637158743681,2115.110592992073,25.488647553727535
2.843,998.1333073754204,False,0.30680757351477966,0.28517815954368786,1.6227595891498736,2088.2476596293227,25.27547772822778
2.843,1004.924420217059,False,0.30583482420207586,0.2812131026643125,1.6126277968549556,2062.2528763475857,25.06977304742021
2.843,1011.7155330586976,False,0.30492619968343343,0.27738972359691355,1.6027563909955334,2037.082743082451,24.871134158621974
2.843,1018.5066459003363,False,0.30407781428341724,0.27370008889919084,1.5931341369813357,2012.6966432631195,24.679190301508097
2.843,1025.297758741975,False,0.30328608194815343,0.27013686000386444,1.5837504608210071,1989.0566098714341,24.49359675781199
2.843,1032.0888715836136,False,0.30254768800171705,0.2666932378838566,1.5745954008996261,1966.12711365622,24.314032571952747
2.843,1038.8799844252521,False,0.3018595640395096,0.2633629138182541,1.5656595638905764,1943.8748711331136,24.140198509345783
2.843,1045.6710972668907,False,0.3012188655591388,0.26014002548564197,1.5569340844013617,1922.26867027892,23.971815223762057
2.843,1052.4622101085295,False,0.30062295198647965,0.25701911772172364,1.5484105879954235,1901.2792120734364,23.808621608999644
2.843,1059.2533229501682,False,0.3000693688026769,0.25399510737102754,1.540081157269659,1880.8789662547251,23.650373313438276
2.843,1066.0444357918068,False,0.2995558315185153,0.2510632517410138,1.531938300700786,1861.0420398403003,23.496841398866692
2.843,1072.8355486334453,False,0.29908021127696127,0.24821912023337953,1.5239749240033558,1841.7440571299796,23.3478111273744
2.843,1079.6266614750841,False,0.2986405218939695,0.24545856878394337,1.5161843037686378,1822.9620500495548,23.20308086216233
2.843,1086.4177743167227,False,0.2982349081725405,0.24277771679066928,1.5085600631771277,1804.6743578204728,23.06246106989248
2.843,1093.2088871583614,False,0.2978616353463393,0.24017292625062575,1.5010961495982431,1786.860535051302,22.925773413720286
2.843,1100.0,False,0.29751907952742834,0.2376407828620083,1.4937868139095243,1769.5012674446627,22.792849927467437
2.862,420.8887158361356,False,,,,,
2.862,427.67982867777425,False,,,,,
2.862,434.47094151941286,False,,,,,
2.862,441.2620543610515,False,,,,,
2.862,448.0531672026902,False,,,,,
2.862,454.8442800443288,False,,,,,
2.862,461.63539288596746,False,,,,,
2.862,468.4265057276061,False,,,,,
2.862,475.21761856924473,False,,,,,
2.862,482.0087314108834,False,,,,,
2.862,488.799844252522,False,,,,,
2.862,495.5909570941607,False,,,,,
2.862,502.38206993579934,False,,,,,
2.862,509.17318277743794,False,,,,,
2.862,515.9642956190767,False,,,,,
2.862,522.7554084607152,False,,,,,
2.862,529.5465213023539,False,,,,,
2.862,536.3376341439925,False,,,,,
2.862,543.1287469856312,False,,,,,
2.862,549.9198598272699,False,,,,,
2.862,556.7109726689084,False,,,,,
2.862,563.5020855105471,False,,,,,
2.862,570.2931983521858,False,,,,,
2.862,577.0843111938244,False,,,,,
2.862,583.8754240354631,False,,,,,
2.862,590.6665368771016,False,,,,,
2.862,597.4576497187403,False,,,,,
2.862,604.248762560379,False,,,,,
2.862,611.0398754020176,False,,,,,
2.862,617.8309882436563,False,,,,,
2.862,624.6221010852948,False,,,,,
2.862,631.4132139269336,False,,,,,
2.862,638.2043267685722,False,,,,,
2.862,644.9954396102108,False,,,,,
2.862,651.7865524518495,False,,,,,
2.862,658.5776652934882,False,,,,,
2.862,665.3687781351268,False,,,,,
2.862,672.1598909767654,False,,,,,
2.862,678.951003818404,False,7.086578158238372,13.395567120890549,inf,inf,239.04812425646634
2.862,685.7421166600427,False,2.58688714996353,4.785872151665883,inf,inf,138.7962720464703
2.862,692.5332295016814,False,1.648299179181044,2.9858774700685475,inf,inf,106.921964085571
2.862,699.32434234332,False,1.2415213981510664,2.203067580817964,inf,inf,89.85530767337376
2.862,706.1154551849586,False,1.0142246179407624,1.7636944233502676,inf,inf,78.85671693662259
2.862,712.9065680265974,False,0.8690664014393515,1.4815921192838695,2.6939879216940636,5755.259675260028,71.0379746689365
2.862,719.6976808682359,False,0.7683475898423267,1.2846483779644324,2.6364148058130694,5511.897324461568,65.12849976678842
2.862,726.4887937098746,False,0.6943937464046417,1.1390461047960152,2.581033912871482,5282.762141861268,60.47009365514481
2.862,733.2799065515132,False,0.6378148995383058,1.0268130512216556,2.527829936420484,5067.215105182915,56.68316263747406
2.862,740.0710193931518,False,0.5931589557712776,0.937509630431557,2.477014313869353,4865.535746097028,53.5314246908875
2.862,746.8621322347906,False,0.5570422392080707,0.8646536094713275,2.428699670475581,4677.580419662569,50.85913799927342
2.862,753.6532450764291,False,0.5272529155336629,0.8040052651677937,2.3828988865183476,4502.822875583494,48.55896445823271
2.862,760.4443579180678,False,0.502283705016405,0.7526735183942257,2.3395551733271187,4340.504573623445,46.55423079280631
2.862,767.2354707597065,False,0.48107176832031967,0.7086182946061121,2.2985687144738787,4189.75490100414,44.78853571553995
2.862,774.026583601345,False,0.4628459598123151,0.6703582458266697,2.2598158977057627,4049.6711133694444,43.21935882611277
2.862,780.8176964429838,False,0.4470330598822202,0.636791292750573,2.223162245441694,3919.367184100981,41.813969244033565
2.862,787.6088092846223,False,0.43319801644924194,0.6070802301116048,2.188470751225164,3798.0014694801957,40.54671612618557
2.862,794.399922126261,False,0.4210046202755553,0.5805774293899068,2.15560705027558,3684.7907110550595,39.39718151254866
2.862,801.1910349678997,False,0.4101888987441534,0.5567738802965361,2.124442469716325,3579.015545181889,38.34888902513637
2.862,807.9821478095383,False,0.4005406724031671,0.5352638556566364,2.094855685965585,3480.020921659166,37.38838110380432
2.862,814.773260651177,False,0.39189049322006314,0.5157198787391087,2.0667334832472024,3387.2136139526497,36.50454669680228
2.862,821.5643734928155,False,0.38410021641130654,0.49787464793964714,2.0399709439885947,3300.0581941948176,35.68812291732379
2.862,828.3554863344542,False,0.37705607811167996,0.48150776057405476,2.014471290467057,3218.0723200077778,34.93131991159398
2.862,835.1465991760929,False,0.3706635343219152,0.46643581063759737,1.9901455219312647,3140.8218427083134,34.22753452793747
2.862,841.9377120177315,False,0.36484335921558764,0.4525048996638199,1.9669119411024145,3067.9160323106225,33.57112900192392
2.862,848.7288248593702,False,0.359528658030302,0.4395849005338854,1.9446956304099152,2999.0030803894324,32.95725792769201
2.862,855.5199377010088,False,0.35466255363195964,0.4275650128703958,1.9234279160355077,2933.7659587537346,32.381731559857705
2.862,862.3110505426475,False,0.3501963757714174,0.4163502825062843,1.903045843107527,2871.9186614842433,31.84090677777334
2.862,869.1021633842861,False,0.3460882299389929,0.4058588491933521,1.883491675702148,2813.202828241671,31.33159934351653
2.862,875.8932762259248,False,0.3423018560257878,0.3960197504815774,1.8647124289958845,2757.384730167797,30.851012717171905
2.862,882.6843890675634,False,0.33880571049549246,0.38677115469323237,1.8466594368507092,2704.252591242629,30.396679867012132
2.862,889.475501909202,False,0.3355722225652005,0.37805892808406805,1.8292879555468164,2653.614214471115,29.966415367170253
2.862,896.2666147508407,False,0.3325771870471501,0.3698354645661645,1.8125568028060646,2605.294881750016,29.558275705204103
2.862,903.0577275924793,False,0.32979926539826904,0.362058723410532,1.7964280303312565,2559.135497433344,29.17052619083575
2.862,909.848840434118,False,0.32721957310392574,0.35469143295701117,1.7808666276001488,2514.990947690439,28.801613209708403
2.862,916.6399532757566,False,0.3248213364374357,0.34770042778074356,1.7658402544291172,2472.7286501939825,28.450140833557334
2.862,923.4310661173952,False,0.32258960534278763,0.3410560938698686,1.7513189998032395,2432.2272713185157,28.11485100300352
2.862,930.222178959034,False,0.3205110120066684,0.33473190177446394,1.7372751645176525,2393.3755904958716,27.794606657242817
2.862,937.0132918006725,False,0.31857356684715094,0.32870401183255177,1.7236830653183315,2356.07149377907,27.488377307824752
2.862,943.8044046423112,False,0.31676648531646995,0.3229509387833054,1.7105188583900055,2320.221080823119,27.195226649996695
2.862,950.5955174839498,False,0.31508004021522107,0.3174532655723423,1.6977603802167849,2285.7378714441093,26.914301881021846
2.862,957.3866303255885,False,0.31350543523401564,0.3121933981095911,1.6853870040202812,2252.542099654278,26.64482445514455
2.862,964.1777431672272,False,0.31203469624224295,0.3071553542833086,1.6733795101533828,2220.5600846022053,26.38608205300545
2.862,970.9688560088657,False,0.3106605774813336,0.3023245817588102,1.6617199689915674,2189.7236691914077,26.137421581959742
2.862,977.7599688505044,False,0.309376480329109,0.29768780006876394,1.6503916350151673,2159.9697183248427,25.89824305496954
2.862,984.551081692143,False,0.3081763827105226,0.29323286328743714,1.6393788509146603,2131.2396697461845,25.667994221080377
2.862,991.3421945337817,False,0.30705477755997623,0.28894864021545785,1.628666960676679,2103.47913133885,25.44616584116618
2.862,998.1333073754204,False,0.30600661900794424,0.2848249095161788,1.6182422307216477,2076.637519517446,25.232287519571912
2.862,1004.924420217059,False,0.30502727518269507,0.28085226766421606,1.6080917782651123,2050.6677340175124,25.025924016235475
2.862,1011.7155330586976,False,0.3041124866964545,0.2770220479103257,1.5982035061655901,2025.5258649734612,24.826671975409905
2.862,1018.5066459003363,False,0.30325833003216146,0.27332624874939343,1.588566043602021,2001.1709286803944,24.634157016685258
2.862,1025.297758741975,False,0.3024611851682363,0.2697574706118281,1.5791686919958343,1977.5646288765527,24.448031141998307
2.862,1032.0888715836136,False,0.3017177068792995,0.26630885969229423,1.5700013756559283,1954.671140765214,24.267970418999308
2.862,1038.8799844252521,False,0.30102479923448144,0.26297405799099627,1.561054596681472,1932.4569153286236,24.09367290675907
2.862,1045.6710972668907,False,0.3003795928848478,0.2597471587774782,1.5523193937072326,1910.8905017762665,23.924856794528026
2.862,1052.4622101085295,False,0.29977942479011493,0.25662266679996426,1.5437873041207848,1889.9423862237766,23.761258728259804
2.862,1059.2533229501682,False,0.29922182008410475,0.2535954626583711,1.535450329419836,1869.5848449187592,23.60263230300272
2.862,1066.0444357918068,False,0.2987044758200398,0.25066077083947363,1.527300903413081,1849.7918105238473,23.448746702150657
2.862,1072.8355486334453,False,0.29822524637200454,0.247814130980737,1.5193318629989176,1830.5387501364626,23.29938546700753
2.862,1079.6266614750841,False,0.2977821302988413,0.24505137198714638,1.5115364212836633,1811.8025538726172,23.15434538222854
2.862,1086.4177743167227,False,0.2973732585022384,0.24236858867463187,1.5039081428254208,1793.5614329725486,23.013435464510902
2.862,1093.2088871583614,False,0.2969968835325522,0.23976212065578426,1.496440920811503,1775.794826500487,22.87647604346362
2.862,1100.0,False,0.2966513699145611,0.23722853321964468,1.4891289559965128,1758.4833158112604,22.743297924930307
2.8810000000000002,420.8887158361356,False,,,,,
2.8810000000000002,427.67982867777425,False,,,,,
2.8810000000000002,434.47094151941286,False,,,,,
2.8810000000000002,441.2620543610515,False,,,,,
2.8810000000000002,448.0531672026902,False,,,,,
2.8810000000000002,454.8442800443288,False,,,,,
2.8810000000000002,461.63539288596746,False,,,,,
2.8810000000000002,468.4265057276061,False,,,,,
2.8810000000000002,475.21761856924473,False,,,,,
2.8810000000000002,482.0087314108834,False,,,,,
2.8810000000000002,488.799844252522,False,,,,,
2.8810000000000002,495.5909570941607,False,,,,,
2.8810000000000002,502.38206993579934,False,,,,,
2.8810000000000002,509.17318277743794,False,,,,,
2.8810000000000002,515.9642956190767,False,,,,,
2.8810000000000002,522.7554084607152,False,,,,,
2.8810000000000002,529.5465213023539,False,,,,,
2.8810000000000002,536.3376341439925,False,,,,,
2.8810000000000002,543.1287469856312,False,,,,,
2.8810000000000002,549.9198598272699,False,,,,,
2.8810000000000002,556.7109726689084,False,,,,,
2.8810000000000002,563.5020855105471,False,,,,,
2.8810000000000002,570.2931983521858,False,,,,,
2.8810000000000002,577.0843111938244,False,,,,,
2.8810000000000002,583.8754240354631,False,,,,,
2.8810000000000002,590.6665368771016,False,,,,,
2.8810000000000002,597.4576497187403,False,,,,,
2.8810000000000002,604.248762560379,False,,,,,
2.8810000000000002,611.0398754020176,False,,,,,
2.8810000000000002,617.8309882436563,False,,,,,
2.8810000000000002,624.6221010852948,False,,,,,
2.8810000000000002,631.4132139269336,False,,,,,
2.8810000000000002,638.2043267685722,False,,,,,
2.8810000000000002,644.9954396102108,False,,,,,
2.8810000000000002,651.7865524518495,False,,,,,
2.8810000000000002,658.5776652934882,False,,,,,
2.8810000000000002,665.3687781351268,False,,,,,
2.8810000000000002,672.1598909767654,False,,,,,
2.8810000000000002,678.951003818404,False,10.304294912973706,19.531747725083886,inf,inf,290.27000845339694
2.8810000000000002,685.7421166600427,False,2.8706209425173372,5.325157430434382,inf,inf,147.08487817971053
2.8810000000000002,692.5332295016814,False,1.744093209893257,3.1677752523879996,inf,inf,110.55703103642847
2.8810000000000002,699.32434234332,False,1.2881748592593685,2.2917850453294903,inf,inf,91.94651524140049
2.8810000000000002,706.1154551849586,False,1.0412545986173145,1.8153034110049429,inf,inf,80.22476234770993
2.8810000000000002,712.9065680265974,False,0.8863824276422215,1.514880762501524,2.7009934385198284,5785.230849887721,72.00230239464874
2.8810000000000002,719.6976808682359,False,0.7801798235057724,1.307621959261483,2.642408475633386,5536.987492695159,65.84191908740455
2.8810000000000002,726.4887937098746,False,0.7028418811334237,1.1556709524355036,2.586136694531447,5303.67114954301,61.015826767621945
2.8810000000000002,733.2799065515132,False,0.644035611163439,1.0392702807120917,2.5320673472686437,5084.217727580275,57.11078385283645
2.8810000000000002,740.0710193931518,False,0.5978401398364159,0.9470941610818276,2.4804270422681256,4878.9520518446,53.872473872111506
2.8810000000000002,746.8621322347906,False,0.560617753666625,0.8721807794362936,2.4313427624860133,4687.76694284999,51.13471978356737
2.8810000000000002,753.6532450764291,False,0.530009433865538,0.8100129259413081,2.384834433673002,4510.140824049629,48.78377652087149
2.8810000000000002,760.4443579180678,False,0.5044179471704012,0.7575301555363946,2.3408467681913474,4345.2984087724835,46.7388464271964
2.8810000000000002,767.2354707597065,False,0.4827230234654511,0.7125844017319338,2.2992780331797738,4192.341145263699,44.940768466702906
2.8810000000000002,774.026583601345,False,0.4641154906135632,0.6736229027365721,2.2600008294026104,4050.333948952647,43.34511510260945
2.8810000000000002,780.8176964429838,False,0.447996162073839,0.6394948740507485,2.2228760210507166,3918.358039336602,41.91780105689307
2.8810000000000002,787.6088092846223,False,0.4339117784846612,0.609329001526525,2.1877616802425783,3795.540740814923,40.6321908482319
2.8810000000000002,794.399922126261,False,0.42151306776017716,0.5824532146780312,2.1545186087285813,3681.0704905861908,39.46713600685696
2.8810000000000002,801.1910349678997,False,0.41052649499755034,0.558340632447764,2.123013577357709,3574.202698330677,38.405608458523034
2.8810000000000002,807.9821478095383,False,0.4007347555481279,0.5365722271527349,2.0931210735425316,3474.2601541235586,37.43372739220363
2.8810000000000002,814.773260651177,False,0.39196300760695946,0.5168104652643772,2.0647240908158326,3380.6303435381856,36.54005247361501
2.8810000000000002,821.5643734928155,False,0.38406896513711086,0.4987803325978017,2.0377143164134965,3292.761145789289,35.71506140994647
2.8810000000000002,828.3554863344542,False,0.376935643915836,0.48225543577403723,2.0119919517763942,3210.155819725814,34.95075766955426
2.8810000000000002,835.1465991760929,False,0.3704659666493515,0.4670476615344371,1.9874653196223948,3132.3678181951122,34.24037174065376
2.8810000000000002,841.9377120177315,False,0.3645786936772361,0.4529993736011408,1.9640503570887409,3058.995741468815,33.578130699197395
2.8810000000000002,848.7288248593702,False,0.35920531393058475,0.4399774482368443,1.941670058516697,2989.6785970908945,32.95907839022191
2.8810000000000002,855.5199377010088,False,0.3542876415743972,0.4278686614487766,1.9202539077069845,2924.091445429124,32.37893360963874
2.8810000000000002,862.3110505426475,False,0.3497759381182287,0.4165760829689873,1.8997373238547657,2861.9414572089786,31.83397716324207
2.8810000000000002,869.1021633842861,False,0.34562743055378115,0.40601622925408426,1.880061135159998,2802.964378428727,31.32096111461219
2.8810000000000002,875.8932762259248,False,0.3418051313011374,0.3961167951250387,1.8611710874915697,2746.921381011435,30.83703525768255
2.8810000000000002,882.6843890675634,False,0.33827689053615734,0.3868148310974039,1.843017391252719,2693.5962690543947,30.37968708716472
2.8810000000000002,889.475501909202,False,0.3350146291548332,0.37805526728972516,1.825554306944968,2642.793007228229,29.946692439345235
2.8810000000000002,896.2666147508407,False,0.33199371340090744,0.36978970923915655,1.8087397683218667,2594.333537634007,29.536074636974085
2.8810000000000002,903.0577275924793,False,0.32919244151239624,0.3619754488119689,1.7925350411038194,2548.0558529119476,29.14607046336532
2.8810000000000002,909.848840434118,False,0.3265916196314216,0.35457464658614235,1.776904414735239,2503.812295732636,28.775101659709055
2.8810000000000002,916.6399532757566,False,0.3241742093596271,0.34755365192245485,1.7618149244925154,2461.4680576176174,28.421750919109925
2.8810000000000002,923.4310661173952,False,0.32192503320935717,0.3408824343493645,1.7472361012143076,2420.8998528110437,28.084741564522766
2.8810000000000002,930.222178959034,False,0.3198305271384093,0.33453410551520424,1.7331397460300686,2381.9947457030457,27.762920262425006
2.8810000000000002,937.0132918006725,False,0.3178785316057149,0.3284845152721645,1.7194997276118447,2344.6491128505495,27.4552422519614
2.8810000000000002,943.8044046423112,False,0.3160581143213221,0.32271190878424044,1.7062917996589337,2308.7677229698493,27.160758669351043
2.8810000000000002,950.5955174839498,False,0.31435941921371013,0.31719663413905913,1.6934934365208554,2274.262920360886,26.87860562616793
2.8810000000000002,957.3866303255885,False,0.3127735371939794,0.3119208919697379,1.6810836850597042,2241.053899072222,26.60799476259822
2.8810000000000002,964.1777431672272,False,0.31129239512894186,0.30686852018995436,1.669043031040586,2209.06605674128,26.348205046628344
2.8810000000000002,970.9688560088657,False,0.30990866009522244,0.3020248082120391,1.65735327851519,2178.230418467908,26.09857563012131
2.8810000000000002,977.7599688505044,False,0.3086156565128993,0.29737633602836894,1.6459974408256277,2148.483122318898,25.858499605011
2.8810000000000002,984.551081692143,False,0.3074072941794422,0.292910834347047,1.6349596420037562,2119.7649591399863,25.627418529022243
2.8810000000000002,991.3421945337817,False,0.3062780055651693,0.288617062626741,1.6242250274747805,2092.0209602879486,25.404817611662782
2.8810000000000002,998.1333073754204,False,0.3052226910073302,0.2844847023856341,1.6137796830938147,2065.200027707274,25.19022146870854
2.8810000000000002,1004.924420217059,False,0.3042366706646486,0.280504263591297,1.6036105616513079,2039.2546014798722,24.983190367784598
2.8810000000000002,1011.7155330586976,False,0.30331564227795266,0.2766670022916811,1.593705416078825,2014.1403605868632,24.783316899523996
2.8810000000000002,1018.5066459003363,False,0.3024556439336147,0.27296484793797443,1.5840527386712637,1989.8159531501055,24.590223018647418
2.8810000000000002,1025.297758741975,False,0.30165302115118275,0.26939033908990023,1.5746417057171918,1966.2427528812561,24.40355740752003
2.8810000000000002,1032.0888715836136,False,0.3009043977198687,0.26593656639282337,1.565462126995431,1943.3846388643005,24.22299312160912
2.8810000000000002,1038.8799844252521,False,0.30020664979451867,0.2625971218814807,1.5565043996552763,1921.2077961447035,24.04822548203289
2.8810000000000002,1045.6710972668907,False,0.2995568828333996,0.2593660538033024,1.5477594660499192,1899.6805348996513,23.878970185244206
2.8810000000000002,1052.4622101085295,False,0.29895241102027603,0.2562378262701235,1.539218775139058,1878.7731262269897,23.71496160399728
2.8810000000000002,1059.2533229501682,False,0.2983907388637872,0.2532072831445039,1.5308742471176997,1858.4576528196808,23.555951257223796
2.8810000000000002,1066.0444357918068,False,0.29786954470977917,0.2502696156490904,1.5227182409643951,1838.70787299265,23.401706429403404
2.8810000000000002,1072.8355486334453,False,0.29738666593832513,0.2474203332570553,1.5147435246344165,1819.4990967041085,23.25200892253647
2.8810000000000002,1079.6266614750841,False,0.29694008564781416,0.2446552374807705,1.50694324765205,1800.8080723670446,23.10665392598721
2.8810000000000002,1086.4177743167227,False,0.2965279206545534,0.24197039822620756,1.4993109158813482,1782.612883380625,22.965448991315515
2.8810000000000002,1093.2088871583614,False,0.29614841065861575,0.23936213242357654,1.4918403682773775,1764.89285342971,22.828213100810366
2.8810000000000002,1100.0,False,0.29579990844571136,0.23682698468154084,1.4845257554398814,1747.6284597042504,22.69477581981013
2.9,420.8887158361356,False,,,,,
2.9,427.67982867777425,False,,,,,
2.9,434.47094151941286,False,,,,,
2.9,441.2620543610515,False,,,,,
2.9,448.0531672026902,False,,,,,
2.9,454.8442800443288,False,,,,,
2.9,461.63539288596746,False,,,,,
2.9,468.4265057276061,False,,,,,
2.9,475.21761856924473,False,,,,,
2.9,482.0087314108834,False,,,,,
2.9,488.799844252522,False,,,,,
2.9,495.5909570941607,False,,,,,
2.9,502.38206993579934,False,,,,,
2.9,509.17318277743794,False,,,,,
2.9,515.9642956190767,False,,,,,
2.9,522.7554084607152,False,,,,,
2.9,529.5465213023539,False,,,,,
2.9,536.3376341439925,False,,,,,
2.9,543.1287469856312,False,,,,,
2.9,549.9198598272699,False,,,,,
2.9,556.7109726689084,False,,,,,
2.9,563.5020855105471,False,,,,,
2.9,570.2931983521858,False,,,,,
2.9,577.0843111938244,False,,,,,
2.9,583.8754240354631,False,,,,,
2.9,590.6665368771016,False,,,,,
2.9,597.4576497187403,False,,,,,
2.9,604.248762560379,False,,,,,
2.9,611.0398754020176,False,,,,,
2.9,617.8309882436563,False,,,,,
2.9,624.6221010852948,False,,,,,
2.9,631.4132139269336,False,,,,,
2.9,638.2043267685722,False,,,,,
2.9,644.9954396102108,False,,,,,
2.9,651.7865524518495,False,,,,,
2.9,658.5776652934882,False,,,,,
2.9,665.3687781351268,False,,,,,
2.9,672.1598909767654,False,,,,,
2.9,678.951003818404,False,19.280509447517368,36.64690436660762,inf,inf,399.9131647393004
2.9,685.7421166600427,False,3.2338405731540645,6.0151414336212,inf,inf,157.07103173840164
2.9,692.5332295016814,False,1.8543718677391372,3.376975094890155,inf,inf,114.60505507940205
2.9,699.32434234332,False,1.339669686543477,2.3895705583107336,inf,inf,94.2039660614211
2.9,706.1154551849586,False,1.0704350197430923,1.8709117496905827,inf,inf,81.67751658660437
2.9,712.9065680265974,False,0.9048278503561765,1.550252657339152,2.7082506131026416,5816.360753939866,73.01620413268964
2.9,719.6976808682359,False,0.792675462787972,1.3318074810836507,2.6485936357015705,5562.938995571221,66.5871548497586
2.9,726.4887937098746,False,0.7117126664659825,1.1730591578430998,2.591420406777556,5325.365052346256,61.58338854796362
2.9,733.2799065515132,False,0.6505429559750381,1.0522382927142726,2.5364742150147634,5101.930504961178,57.55416703132737
2.9,740.0710193931518,False,0.602725733161579,0.9570372824258392,2.483996174434682,4893.002981626502,54.22537961449013
2.9,746.8621322347906,False,0.5643452611239713,0.8799698158462724,2.4341289786463025,4698.517064935955,51.41952697353011
2.9,753.6532450764291,False,0.5328830670672604,0.81621827441569,2.3869005358719284,4517.958933556271,49.01597506216342
2.9,760.4443579180678,False,0.5066452598433728,0.7625403511151669,2.342257531860463,4350.537569624608,46.92952380391639
2.9,767.2354707597065,False,0.4844502725364296,0.7166727983661095,2.3000964852641324,4195.32629189698,45.09808404137849
2.9,774.026583601345,False,0.46544857504453885,0.676987114940683,2.260286204728675,4051.356902867672,43.475214930714415
2.9,780.8176964429838,False,0.449013553564211,0.6422811078765667,2.2226828027899996,3917.6768808612183,42.02540752189239
2.9,787.6088092846223,False,0.4346727965439874,0.6116476089043305,2.187139298687003,3793.381512450996,40.72099515279566
2.9,794.399922126261,False,0.42206334016129327,0.5843889465885259,2.1535115193468397,3677.6299999201133,39.540066770906066
2.9,801.1910349678997,False,0.4109016581976479,0.5599595801687035,2.121661542851884,3569.651708486171,38.46502000789492
2.9,807.9821478095383,False,0.40096302166027553,0.5379266325442804,2.091459542966366,3468.7465711851005,37.481534564943395
2.9,814.773260651177,False,0.39206698229017356,0.517942123967015,2.062784612358973,3374.282202124195,36.57782895356337
2.9,821.5643734928155,False,0.38406695892847104,0.49972304652699595,2.0355249476428403,3285.689304985678,35.744112658289275
2.9,828.3554863344542,False,0.37684263391017253,0.4830368099511538,2.0095776478275695,3202.4563437350275,34.97217582897131
2.9,835.1465991760929,False,0.3702943123410494,0.46769044031446927,1.9848482899217166,3124.124049177028,34.25507752780067
2.9,841.9377120177315,False,0.36433867705230394,0.4535224478890077,1.961250387145017,3050.2800882681718,33.58690576131715
2.9,848.7288248593702,False,0.35890555199997387,0.4403966241044525,1.9387047967288045,2980.5540701493005,32.96259057566683
2.9,855.5199377010088,False,0.35393540503904963,0.42819725331379166,1.917139118978124,2914.612969498047,32.37775690574067
2.9,862.3110505426475,False,0.3493774000793423,0.4168253761343523,1.8964871127062404,2852.15699204885,31.828607574335678
2.9,869.1021633842861,False,0.34518786248024186,0.406195844029601,1.8766881413818224,2792.9158749630706,31.311829416131946
2.9,875.8932762259248,False,0.34132905880247,0.39623497600522106,1.8576866573914281,2736.645597224164,30.82451732275894
2.9,882.6843890675634,False,0.3377682181984273,0.3868786783012775,1.8394317274150551,2683.1254667199278,30.364112309655074
2.9,889.475501909202,False,0.33447674134443084,0.37807092356155203,1.8218765991754724,2632.1555475696996,29.928350651492465
2.9,896.2666147508407,False,0.3314295562393161,0.3697625116231804,1.8049783081837616,2583.5543913195925,29.51522182719783
2.9,903.0577275924793,False,0.32860458998006364,0.3619100527851192,1.7886973221776934,2537.1570374417834,29.122933530647167
2.9,909.848840434118,False,0.32598233283864225,0.35447512821211713,1.7729972204744797,2492.8132512429174,28.74988238910727
2.9,916.6399532757566,False,0.32354547633548847,0.34742359240720727,1.7578444053064957,2450.3859703979965,28.39462932352639
2.9,923.4310661173952,False,0.3212786110425273,0.3407249904120326,1.7432078421964536,2409.7499343679347,28.05587870768013
2.9,930.222178959034,False,0.3191679729105393,0.33435206825510233,1.7290588265577473,2370.790473968413,27.73246065473474
2.9,937.0132918006725,False,0.31720122925733607,0.32828035965122265,1.7153707738782498,2333.4024410991674,27.42331589287083
2.9,943.8044046423112,False,0.3153672973579128,0.3224878354114532,1.7021190310524728,2297.489261139388,27.127482795590925
2.9,950.5955174839498,False,0.3136561899792046,0.31695460470740966,1.689280706642373,2262.9620927411156,26.84408621416019
2.9,957.3866303255885,False,0.31205888329779635,0.3116626594331989,1.6768345180597226,2229.739081718797,26.57232782442641
2.9,964.1777431672272,False,0.31056720350148403,0.30659565456137067,1.6647606538660862,2197.74469745848,26.311477751910704
2.9,970.9688560088657,False,0.30917372905873175,0.3017387186989315,1.6530406495754162,2166.909141774694,26.060867280456513
2.9,977.7599688505044,False,0.30787170618440596,0.2970782900933151,1.6416572755180547,2137.167821452399,25.81988248309396
2.9,984.551081692143,False,0.30665497546634124,0.2926019741748908,1.6305944354823847,2108.460876846712,25.587958640818915
2.9,991.3421945337817,False,0.3055179079686864,0.28829841939684453,1.6198370749924382,2080.7327598974844,25.364575337010567
2.9,998.1333073754204,False,0.3044553494125267,0.2841572086794338,1.6093710982066092,2053.931855767152,25.149252133236523
2.9,1004.924420217059,False,0.30346257126580206,0.2801687642101633,1.5991832925360983,2028.0101430481047,24.941544747011836
2.9,1011.7155330586976,False,0.3025352277638401,0.2763242637150023,1.5892612601822238,2002.9228881236174,24.741041664316235
2.9,1018.5066459003363,False,0.3016693180372491,0.27261556661439307,1.5795933558811677,1978.6283698194438,24.547361129818636
2.9,1025.297758741975,False,0.30086115265210295,0.2690351487241811,1.5701686302235511,1955.0876309614744,24.36014846620598
2.9,1032.0888715836136,False,0.3001073239735003,0.2655760443656765,1.5609767779865589,1932.264253871187,24.179073681072715
2.9,1038.8799844252521,False,0.29940467985179786,0.26223179491875087,1.5520080909778116,1910.1241571902647,24.00382932574692
2.9,1045.6710972668907,False,0.29875030020447557,0.2589964029935715,1.543253414945153,1888.635411739885,23.83412857541641
2.9,1052.4622101085295,False,0.2981414761282079,0.25586429151520595,1.5347041101547716,1867.7680733926866,23.669703504123575
2.9,1059.2533229501682,False,0.2975756912275662,0.25283026711514067,1.5263520152828711,1847.4940311731277,23.510303531768805
2.9,1066.0444357918068,False,0.2970506048904365,0.249889487307878,1.5181894143039727,1827.7868690093867,23.355694023291466
2.9,1072.8355486334453,False,0.29656403727720304,0.24703743100199868,1.5102090060923887,1808.6217397409769,23.205655022784004
2.9,1079.6266614750841,False,0.29611395582208855,0.24426987195550695,1.5024038764831875,1789.975250145011,23.059980107504174
2.9,1086.4177743167227,False,0.2956984630717319,0.24158285483673975,1.4947674725652378,1771.8253558827787,22.918475348646464
2.9,1093.2088871583614,False,0.29531578570884665,0.23897267359604352,1.4872935790023545,1754.151265390338,22.780958367362278
2.9,1100.0,True,0.294964264628292,0.2364358518910419,1.47997629619921,1736.9333518436329,22.647257475923784
